1778189365: mosquitto version 2.1.2 starting
1778189365: Config loaded from /mosquitto/config/mosquitto.conf.
1778189365: Bridge support available.
1778189365: Persistence support available.
1778189365: TLS support available.
1778189365: TLS-PSK support available.
1778189365: Websockets support available.
1778189365: Opening ipv4 listen socket on port 1883.
1778189365: Opening ipv4 listen socket on port 9001.
1778189365: mosquitto version 2.1.2 running
1778189370: New connection from 127.0.0.1:33194 on port 1883.
1778189370: New client connected from 127.0.0.1:33194 as healthcheck (p4, c1, k60).
1778189370: No will message specified.
1778189370: Sending CONNACK to healthcheck (0, 0)
1778189370: Received SUBSCRIBE from healthcheck
1778189370: 	$SYS/# (QoS 0)
1778189370: healthcheck 0 $SYS/#
1778189370: Sending SUBACK to healthcheck
1778189370: Sending PUBLISH to healthcheck (d0, q0, r1, m0, '$SYS/broker/version', ... (23 bytes))
1778189370: Sending PUBLISH to healthcheck (d0, q0, r1, m0, '$SYS/broker/uptime', ... (9 bytes))
1778189370: Sending PUBLISH to healthcheck (d0, q0, r1, m0, '$SYS/broker/clients/total', ... (1 bytes))
1778189370: Sending PUBLISH to healthcheck (d0, q0, r1, m0, '$SYS/broker/clients/disconnected', ... (1 bytes))
1778189370: Sending PUBLISH to healthcheck (d0, q0, r1, m0, '$SYS/broker/clients/inactive', ... (1 bytes))
1778189370: Sending PUBLISH to healthcheck (d0, q0, r1, m0, '$SYS/broker/clients/connected', ... (1 bytes))
1778189370: Sending PUBLISH to healthcheck (d0, q0, r1, m0, '$SYS/broker/clients/active', ... (1 bytes))
1778189370: Sending PUBLISH to healthcheck (d0, q0, r1, m0, '$SYS/broker/clients/expired', ... (1 bytes))
1778189370: Sending PUBLISH to healthcheck (d0, q0, r1, m0, '$SYS/broker/messages/stored', ... (2 bytes))
1778189370: Sending PUBLISH to healthcheck (d0, q0, r1, m0, '$SYS/broker/messages/received', ... (1 bytes))
1778189370: Sending PUBLISH to healthcheck (d0, q0, r1, m0, '$SYS/broker/messages/sent', ... (1 bytes))
1778189370: Sending PUBLISH to healthcheck (d0, q0, r1, m0, '$SYS/broker/store/messages/count', ... (2 bytes))
1778189370: Sending PUBLISH to healthcheck (d0, q0, r1, m0, '$SYS/broker/store/messages/bytes', ... (3 bytes))
1778189370: Sending PUBLISH to healthcheck (d0, q0, r1, m0, '$SYS/broker/subscriptions/count', ... (1 bytes))
1778189370: Sending PUBLISH to healthcheck (d0, q0, r1, m0, '$SYS/broker/shared_subscriptions/count', ... (1 bytes))
1778189370: Sending PUBLISH to healthcheck (d0, q0, r1, m0, '$SYS/broker/retained messages/count', ... (2 bytes))
1778189370: Sending PUBLISH to healthcheck (d0, q0, r1, m0, '$SYS/broker/heap/current', ... (6 bytes))
1778189370: Sending PUBLISH to healthcheck (d0, q0, r1, m0, '$SYS/broker/heap/maximum', ... (6 bytes))
1778189370: Sending PUBLISH to healthcheck (d0, q0, r1, m0, '$SYS/broker/bytes/received', ... (1 bytes))
1778189370: Sending PUBLISH to healthcheck (d0, q0, r1, m0, '$SYS/broker/bytes/sent', ... (1 bytes))
1778189370: Sending PUBLISH to healthcheck (d0, q0, r1, m0, '$SYS/broker/publish/bytes/received', ... (1 bytes))
1778189370: Sending PUBLISH to healthcheck (d0, q0, r1, m0, '$SYS/broker/publish/bytes/sent', ... (1 bytes))
1778189370: Sending PUBLISH to healthcheck (d0, q0, r1, m0, '$SYS/broker/publish/messages/dropped', ... (1 bytes))
1778189370: Sending PUBLISH to healthcheck (d0, q0, r1, m0, '$SYS/broker/publish/messages/received', ... (1 bytes))
1778189370: Sending PUBLISH to healthcheck (d0, q0, r1, m0, '$SYS/broker/publish/messages/sent', ... (1 bytes))
1778189370: Sending PUBLISH to healthcheck (d0, q0, r1, m0, '$SYS/broker/packet/out/count', ... (1 bytes))
1778189370: Sending PUBLISH to healthcheck (d0, q0, r1, m0, '$SYS/broker/packet/out/bytes', ... (1 bytes))
1778189370: Sending PUBLISH to healthcheck (d0, q0, r1, m0, '$SYS/broker/connections/socket/count', ... (1 bytes))
1778189370: Sending PUBLISH to healthcheck (d0, q0, r1, m0, '$SYS/broker/load/messages/received/1min', ... (4 bytes))
1778189370: Sending PUBLISH to healthcheck (d0, q0, r1, m0, '$SYS/broker/load/messages/received/5min', ... (4 bytes))
1778189370: Sending PUBLISH to healthcheck (d0, q0, r1, m0, '$SYS/broker/load/messages/received/15min', ... (4 bytes))
1778189370: Sending PUBLISH to healthcheck (d0, q0, r1, m0, '$SYS/broker/load/messages/sent/1min', ... (4 bytes))
1778189370: Sending PUBLISH to healthcheck (d0, q0, r1, m0, '$SYS/broker/load/messages/sent/5min', ... (4 bytes))
1778189370: Sending PUBLISH to healthcheck (d0, q0, r1, m0, '$SYS/broker/load/messages/sent/15min', ... (4 bytes))
1778189370: Sending PUBLISH to healthcheck (d0, q0, r1, m0, '$SYS/broker/load/publish/dropped/1min', ... (4 bytes))
1778189370: Sending PUBLISH to healthcheck (d0, q0, r1, m0, '$SYS/broker/load/publish/dropped/5min', ... (4 bytes))
1778189370: Sending PUBLISH to healthcheck (d0, q0, r1, m0, '$SYS/broker/load/publish/dropped/15min', ... (4 bytes))
1778189370: Sending PUBLISH to healthcheck (d0, q0, r1, m0, '$SYS/broker/load/publish/received/1min', ... (4 bytes))
1778189370: Sending PUBLISH to healthcheck (d0, q0, r1, m0, '$SYS/broker/load/publish/received/5min', ... (4 bytes))
1778189370: Sending PUBLISH to healthcheck (d0, q0, r1, m0, '$SYS/broker/load/publish/received/15min', ... (4 bytes))
1778189370: Sending PUBLISH to healthcheck (d0, q0, r1, m0, '$SYS/broker/load/publish/sent/1min', ... (4 bytes))
1778189370: Sending PUBLISH to healthcheck (d0, q0, r1, m0, '$SYS/broker/load/publish/sent/5min', ... (4 bytes))
1778189370: Sending PUBLISH to healthcheck (d0, q0, r1, m0, '$SYS/broker/load/publish/sent/15min', ... (4 bytes))
1778189370: Sending PUBLISH to healthcheck (d0, q0, r1, m0, '$SYS/broker/load/bytes/received/1min', ... (4 bytes))
1778189370: Sending PUBLISH to healthcheck (d0, q0, r1, m0, '$SYS/broker/load/bytes/received/5min', ... (4 bytes))
1778189370: Sending PUBLISH to healthcheck (d0, q0, r1, m0, '$SYS/broker/load/bytes/received/15min', ... (4 bytes))
1778189370: Sending PUBLISH to healthcheck (d0, q0, r1, m0, '$SYS/broker/load/bytes/sent/1min', ... (4 bytes))
1778189370: Sending PUBLISH to healthcheck (d0, q0, r1, m0, '$SYS/broker/load/bytes/sent/5min', ... (4 bytes))
1778189370: Sending PUBLISH to healthcheck (d0, q0, r1, m0, '$SYS/broker/load/bytes/sent/15min', ... (4 bytes))
1778189370: Sending PUBLISH to healthcheck (d0, q0, r1, m0, '$SYS/broker/load/sockets/1min', ... (4 bytes))
1778189370: Sending PUBLISH to healthcheck (d0, q0, r1, m0, '$SYS/broker/load/sockets/5min', ... (4 bytes))
1778189370: Sending PUBLISH to healthcheck (d0, q0, r1, m0, '$SYS/broker/load/sockets/15min', ... (4 bytes))
1778189370: Sending PUBLISH to healthcheck (d0, q0, r1, m0, '$SYS/broker/load/connections/1min', ... (4 bytes))
1778189370: Sending PUBLISH to healthcheck (d0, q0, r1, m0, '$SYS/broker/load/connections/5min', ... (4 bytes))
1778189370: Sending PUBLISH to healthcheck (d0, q0, r1, m0, '$SYS/broker/load/connections/15min', ... (4 bytes))
1778189370: Client healthcheck [127.0.0.1:33194] disconnected: connection closed by client.
1778189400: New connection from 127.0.0.1:49848 on port 1883.
1778189400: New client connected from 127.0.0.1:49848 as healthcheck (p4, c1, k60).
1778189400: No will message specified.
1778189400: Sending CONNACK to healthcheck (0, 0)
1778189400: Received SUBSCRIBE from healthcheck
1778189400: 	$SYS/# (QoS 0)
1778189400: healthcheck 0 $SYS/#
1778189400: Sending SUBACK to healthcheck
1778189400: Sending PUBLISH to healthcheck (d0, q0, r1, m0, '$SYS/broker/version', ... (23 bytes))
1778189400: Sending PUBLISH to healthcheck (d0, q0, r1, m0, '$SYS/broker/uptime', ... (10 bytes))
1778189400: Sending PUBLISH to healthcheck (d0, q0, r1, m0, '$SYS/broker/clients/total', ... (1 bytes))
1778189400: Sending PUBLISH to healthcheck (d0, q0, r1, m0, '$SYS/broker/clients/disconnected', ... (1 bytes))
1778189400: Sending PUBLISH to healthcheck (d0, q0, r1, m0, '$SYS/broker/clients/inactive', ... (1 bytes))
1778189400: Sending PUBLISH to healthcheck (d0, q0, r1, m0, '$SYS/broker/clients/connected', ... (1 bytes))
1778189400: Sending PUBLISH to healthcheck (d0, q0, r1, m0, '$SYS/broker/clients/active', ... (1 bytes))
1778189400: Sending PUBLISH to healthcheck (d0, q0, r1, m0, '$SYS/broker/clients/expired', ... (1 bytes))
1778189400: Sending PUBLISH to healthcheck (d0, q0, r1, m0, '$SYS/broker/messages/stored', ... (2 bytes))
1778189400: Sending PUBLISH to healthcheck (d0, q0, r1, m0, '$SYS/broker/messages/received', ... (1 bytes))
1778189400: Sending PUBLISH to healthcheck (d0, q0, r1, m0, '$SYS/broker/messages/sent', ... (2 bytes))
1778189400: Sending PUBLISH to healthcheck (d0, q0, r1, m0, '$SYS/broker/store/messages/count', ... (2 bytes))
1778189400: Sending PUBLISH to healthcheck (d0, q0, r1, m0, '$SYS/broker/store/messages/bytes', ... (3 bytes))
1778189400: Sending PUBLISH to healthcheck (d0, q0, r1, m0, '$SYS/broker/subscriptions/count', ... (1 bytes))
1778189400: Sending PUBLISH to healthcheck (d0, q0, r1, m0, '$SYS/broker/shared_subscriptions/count', ... (1 bytes))
1778189400: Sending PUBLISH to healthcheck (d0, q0, r1, m0, '$SYS/broker/retained messages/count', ... (2 bytes))
1778189400: Sending PUBLISH to healthcheck (d0, q0, r1, m0, '$SYS/broker/heap/current', ... (6 bytes))
1778189400: Sending PUBLISH to healthcheck (d0, q0, r1, m0, '$SYS/broker/heap/maximum', ... (6 bytes))
1778189400: Sending PUBLISH to healthcheck (d0, q0, r1, m0, '$SYS/broker/bytes/received', ... (2 bytes))
1778189400: Sending PUBLISH to healthcheck (d0, q0, r1, m0, '$SYS/broker/bytes/sent', ... (4 bytes))
1778189400: Sending PUBLISH to healthcheck (d0, q0, r1, m0, '$SYS/broker/publish/bytes/received', ... (1 bytes))
1778189400: Sending PUBLISH to healthcheck (d0, q0, r1, m0, '$SYS/broker/publish/bytes/sent', ... (3 bytes))
1778189400: Sending PUBLISH to healthcheck (d0, q0, r1, m0, '$SYS/broker/publish/messages/dropped', ... (1 bytes))
1778189400: Sending PUBLISH to healthcheck (d0, q0, r1, m0, '$SYS/broker/publish/messages/received', ... (1 bytes))
1778189400: Sending PUBLISH to healthcheck (d0, q0, r1, m0, '$SYS/broker/publish/messages/sent', ... (2 bytes))
1778189400: Sending PUBLISH to healthcheck (d0, q0, r1, m0, '$SYS/broker/packet/out/count', ... (1 bytes))
1778189400: Sending PUBLISH to healthcheck (d0, q0, r1, m0, '$SYS/broker/packet/out/bytes', ... (1 bytes))
1778189400: Sending PUBLISH to healthcheck (d0, q0, r1, m0, '$SYS/broker/connections/socket/count', ... (1 bytes))
1778189400: Sending PUBLISH to healthcheck (d0, q0, r1, m0, '$SYS/broker/load/messages/received/1min', ... (4 bytes))
1778189400: Sending PUBLISH to healthcheck (d0, q0, r1, m0, '$SYS/broker/load/messages/received/5min', ... (4 bytes))
1778189400: Sending PUBLISH to healthcheck (d0, q0, r1, m0, '$SYS/broker/load/messages/received/15min', ... (4 bytes))
1778189400: Sending PUBLISH to healthcheck (d0, q0, r1, m0, '$SYS/broker/load/messages/sent/1min', ... (5 bytes))
1778189400: Sending PUBLISH to healthcheck (d0, q0, r1, m0, '$SYS/broker/load/messages/sent/5min', ... (5 bytes))
1778189400: Sending PUBLISH to healthcheck (d0, q0, r1, m0, '$SYS/broker/load/messages/sent/15min', ... (4 bytes))
1778189400: Sending PUBLISH to healthcheck (d0, q0, r1, m0, '$SYS/broker/load/publish/dropped/1min', ... (4 bytes))
1778189400: Sending PUBLISH to healthcheck (d0, q0, r1, m0, '$SYS/broker/load/publish/dropped/5min', ... (4 bytes))
1778189400: Sending PUBLISH to healthcheck (d0, q0, r1, m0, '$SYS/broker/load/publish/dropped/15min', ... (4 bytes))
1778189400: Sending PUBLISH to healthcheck (d0, q0, r1, m0, '$SYS/broker/load/publish/received/1min', ... (4 bytes))
1778189400: Sending PUBLISH to healthcheck (d0, q0, r1, m0, '$SYS/broker/load/publish/received/5min', ... (4 bytes))
1778189400: Sending PUBLISH to healthcheck (d0, q0, r1, m0, '$SYS/broker/load/publish/received/15min', ... (4 bytes))
1778189400: Sending PUBLISH to healthcheck (d0, q0, r1, m0, '$SYS/broker/load/publish/sent/1min', ... (5 bytes))
1778189400: Sending PUBLISH to healthcheck (d0, q0, r1, m0, '$SYS/broker/load/publish/sent/5min', ... (5 bytes))
1778189400: Sending PUBLISH to healthcheck (d0, q0, r1, m0, '$SYS/broker/load/publish/sent/15min', ... (4 bytes))
1778189400: Sending PUBLISH to healthcheck (d0, q0, r1, m0, '$SYS/broker/load/bytes/received/1min', ... (5 bytes))
1778189400: Sending PUBLISH to healthcheck (d0, q0, r1, m0, '$SYS/broker/load/bytes/received/5min', ... (4 bytes))
1778189400: Sending PUBLISH to healthcheck (d0, q0, r1, m0, '$SYS/broker/load/bytes/received/15min', ... (4 bytes))
1778189400: Sending PUBLISH to healthcheck (d0, q0, r1, m0, '$SYS/broker/load/bytes/sent/1min', ... (7 bytes))
1778189400: Sending PUBLISH to healthcheck (d0, q0, r1, m0, '$SYS/broker/load/bytes/sent/5min', ... (6 bytes))
1778189400: Sending PUBLISH to healthcheck (d0, q0, r1, m0, '$SYS/broker/load/bytes/sent/15min', ... (6 bytes))
1778189400: Sending PUBLISH to healthcheck (d0, q0, r1, m0, '$SYS/broker/load/sockets/1min', ... (4 bytes))
1778189400: Sending PUBLISH to healthcheck (d0, q0, r1, m0, '$SYS/broker/load/sockets/5min', ... (4 bytes))
1778189400: Sending PUBLISH to healthcheck (d0, q0, r1, m0, '$SYS/broker/load/sockets/15min', ... (4 bytes))
1778189400: Sending PUBLISH to healthcheck (d0, q0, r1, m0, '$SYS/broker/load/connections/1min', ... (4 bytes))
1778189400: Sending PUBLISH to healthcheck (d0, q0, r1, m0, '$SYS/broker/load/connections/5min', ... (4 bytes))
1778189400: Sending PUBLISH to healthcheck (d0, q0, r1, m0, '$SYS/broker/load/connections/15min', ... (4 bytes))
1778189400: Client healthcheck [127.0.0.1:49848] disconnected: connection closed by client.
1778189405: New connection from 172.18.0.1:57396 on port 1883.
1778189405: New client connected from 172.18.0.1:57396 as mqtt-explorer-5c916486 (p4, c1, k60).
1778189405: No will message specified.
1778189405: Sending CONNACK to mqtt-explorer-5c916486 (0, 0)
1778189405: Received SUBSCRIBE from mqtt-explorer-5c916486
1778189405: 	# (QoS 0)
1778189405: mqtt-explorer-5c916486 0 #
1778189405: Sending SUBACK to mqtt-explorer-5c916486
1778189405: Received SUBSCRIBE from mqtt-explorer-5c916486
1778189405: 	$SYS/# (QoS 0)
1778189405: mqtt-explorer-5c916486 0 $SYS/#
1778189405: Sending SUBACK to mqtt-explorer-5c916486
1778189405: Sending PUBLISH to mqtt-explorer-5c916486 (d0, q0, r1, m0, '$SYS/broker/version', ... (23 bytes))
1778189405: Sending PUBLISH to mqtt-explorer-5c916486 (d0, q0, r1, m0, '$SYS/broker/uptime', ... (10 bytes))
1778189405: Sending PUBLISH to mqtt-explorer-5c916486 (d0, q0, r1, m0, '$SYS/broker/clients/total', ... (1 bytes))
1778189405: Sending PUBLISH to mqtt-explorer-5c916486 (d0, q0, r1, m0, '$SYS/broker/clients/disconnected', ... (1 bytes))
1778189405: Sending PUBLISH to mqtt-explorer-5c916486 (d0, q0, r1, m0, '$SYS/broker/clients/inactive', ... (1 bytes))
1778189405: Sending PUBLISH to mqtt-explorer-5c916486 (d0, q0, r1, m0, '$SYS/broker/clients/connected', ... (1 bytes))
1778189405: Sending PUBLISH to mqtt-explorer-5c916486 (d0, q0, r1, m0, '$SYS/broker/clients/active', ... (1 bytes))
1778189405: Sending PUBLISH to mqtt-explorer-5c916486 (d0, q0, r1, m0, '$SYS/broker/clients/expired', ... (1 bytes))
1778189405: Sending PUBLISH to mqtt-explorer-5c916486 (d0, q0, r1, m0, '$SYS/broker/messages/stored', ... (2 bytes))
1778189405: Sending PUBLISH to mqtt-explorer-5c916486 (d0, q0, r1, m0, '$SYS/broker/messages/received', ... (1 bytes))
1778189405: Sending PUBLISH to mqtt-explorer-5c916486 (d0, q0, r1, m0, '$SYS/broker/messages/sent', ... (2 bytes))
1778189405: Sending PUBLISH to mqtt-explorer-5c916486 (d0, q0, r1, m0, '$SYS/broker/store/messages/count', ... (2 bytes))
1778189405: Sending PUBLISH to mqtt-explorer-5c916486 (d0, q0, r1, m0, '$SYS/broker/store/messages/bytes', ... (3 bytes))
1778189405: Sending PUBLISH to mqtt-explorer-5c916486 (d0, q0, r1, m0, '$SYS/broker/subscriptions/count', ... (1 bytes))
1778189405: Sending PUBLISH to mqtt-explorer-5c916486 (d0, q0, r1, m0, '$SYS/broker/shared_subscriptions/count', ... (1 bytes))
1778189405: Sending PUBLISH to mqtt-explorer-5c916486 (d0, q0, r1, m0, '$SYS/broker/retained messages/count', ... (2 bytes))
1778189405: Sending PUBLISH to mqtt-explorer-5c916486 (d0, q0, r1, m0, '$SYS/broker/heap/current', ... (6 bytes))
1778189405: Sending PUBLISH to mqtt-explorer-5c916486 (d0, q0, r1, m0, '$SYS/broker/heap/maximum', ... (6 bytes))
1778189405: Sending PUBLISH to mqtt-explorer-5c916486 (d0, q0, r1, m0, '$SYS/broker/bytes/received', ... (2 bytes))
1778189405: Sending PUBLISH to mqtt-explorer-5c916486 (d0, q0, r1, m0, '$SYS/broker/bytes/sent', ... (4 bytes))
1778189405: Sending PUBLISH to mqtt-explorer-5c916486 (d0, q0, r1, m0, '$SYS/broker/publish/bytes/received', ... (1 bytes))
1778189405: Sending PUBLISH to mqtt-explorer-5c916486 (d0, q0, r1, m0, '$SYS/broker/publish/bytes/sent', ... (3 bytes))
1778189405: Sending PUBLISH to mqtt-explorer-5c916486 (d0, q0, r1, m0, '$SYS/broker/publish/messages/dropped', ... (1 bytes))
1778189405: Sending PUBLISH to mqtt-explorer-5c916486 (d0, q0, r1, m0, '$SYS/broker/publish/messages/received', ... (1 bytes))
1778189405: Sending PUBLISH to mqtt-explorer-5c916486 (d0, q0, r1, m0, '$SYS/broker/publish/messages/sent', ... (2 bytes))
1778189405: Sending PUBLISH to mqtt-explorer-5c916486 (d0, q0, r1, m0, '$SYS/broker/packet/out/count', ... (1 bytes))
1778189405: Sending PUBLISH to mqtt-explorer-5c916486 (d0, q0, r1, m0, '$SYS/broker/packet/out/bytes', ... (1 bytes))
1778189405: Sending PUBLISH to mqtt-explorer-5c916486 (d0, q0, r1, m0, '$SYS/broker/connections/socket/count', ... (1 bytes))
1778189405: Sending PUBLISH to mqtt-explorer-5c916486 (d0, q0, r1, m0, '$SYS/broker/load/messages/received/1min', ... (4 bytes))
1778189405: Sending PUBLISH to mqtt-explorer-5c916486 (d0, q0, r1, m0, '$SYS/broker/load/messages/received/5min', ... (4 bytes))
1778189405: Sending PUBLISH to mqtt-explorer-5c916486 (d0, q0, r1, m0, '$SYS/broker/load/messages/received/15min', ... (4 bytes))
1778189405: Sending PUBLISH to mqtt-explorer-5c916486 (d0, q0, r1, m0, '$SYS/broker/load/messages/sent/1min', ... (5 bytes))
1778189405: Sending PUBLISH to mqtt-explorer-5c916486 (d0, q0, r1, m0, '$SYS/broker/load/messages/sent/5min', ... (5 bytes))
1778189405: Sending PUBLISH to mqtt-explorer-5c916486 (d0, q0, r1, m0, '$SYS/broker/load/messages/sent/15min', ... (4 bytes))
1778189405: Sending PUBLISH to mqtt-explorer-5c916486 (d0, q0, r1, m0, '$SYS/broker/load/publish/dropped/1min', ... (4 bytes))
1778189405: Sending PUBLISH to mqtt-explorer-5c916486 (d0, q0, r1, m0, '$SYS/broker/load/publish/dropped/5min', ... (4 bytes))
1778189405: Sending PUBLISH to mqtt-explorer-5c916486 (d0, q0, r1, m0, '$SYS/broker/load/publish/dropped/15min', ... (4 bytes))
1778189405: Sending PUBLISH to mqtt-explorer-5c916486 (d0, q0, r1, m0, '$SYS/broker/load/publish/received/1min', ... (4 bytes))
1778189405: Sending PUBLISH to mqtt-explorer-5c916486 (d0, q0, r1, m0, '$SYS/broker/load/publish/received/5min', ... (4 bytes))
1778189405: Sending PUBLISH to mqtt-explorer-5c916486 (d0, q0, r1, m0, '$SYS/broker/load/publish/received/15min', ... (4 bytes))
1778189405: Sending PUBLISH to mqtt-explorer-5c916486 (d0, q0, r1, m0, '$SYS/broker/load/publish/sent/1min', ... (5 bytes))
1778189405: Sending PUBLISH to mqtt-explorer-5c916486 (d0, q0, r1, m0, '$SYS/broker/load/publish/sent/5min', ... (5 bytes))
1778189405: Sending PUBLISH to mqtt-explorer-5c916486 (d0, q0, r1, m0, '$SYS/broker/load/publish/sent/15min', ... (4 bytes))
1778189405: Sending PUBLISH to mqtt-explorer-5c916486 (d0, q0, r1, m0, '$SYS/broker/load/bytes/received/1min', ... (5 bytes))
1778189405: Sending PUBLISH to mqtt-explorer-5c916486 (d0, q0, r1, m0, '$SYS/broker/load/bytes/received/5min', ... (4 bytes))
1778189405: Sending PUBLISH to mqtt-explorer-5c916486 (d0, q0, r1, m0, '$SYS/broker/load/bytes/received/15min', ... (4 bytes))
1778189405: Sending PUBLISH to mqtt-explorer-5c916486 (d0, q0, r1, m0, '$SYS/broker/load/bytes/sent/1min', ... (7 bytes))
1778189405: Sending PUBLISH to mqtt-explorer-5c916486 (d0, q0, r1, m0, '$SYS/broker/load/bytes/sent/5min', ... (6 bytes))
1778189405: Sending PUBLISH to mqtt-explorer-5c916486 (d0, q0, r1, m0, '$SYS/broker/load/bytes/sent/15min', ... (6 bytes))
1778189405: Sending PUBLISH to mqtt-explorer-5c916486 (d0, q0, r1, m0, '$SYS/broker/load/sockets/1min', ... (4 bytes))
1778189405: Sending PUBLISH to mqtt-explorer-5c916486 (d0, q0, r1, m0, '$SYS/broker/load/sockets/5min', ... (4 bytes))
1778189405: Sending PUBLISH to mqtt-explorer-5c916486 (d0, q0, r1, m0, '$SYS/broker/load/sockets/15min', ... (4 bytes))
1778189405: Sending PUBLISH to mqtt-explorer-5c916486 (d0, q0, r1, m0, '$SYS/broker/load/connections/1min', ... (4 bytes))
1778189405: Sending PUBLISH to mqtt-explorer-5c916486 (d0, q0, r1, m0, '$SYS/broker/load/connections/5min', ... (4 bytes))
1778189405: Sending PUBLISH to mqtt-explorer-5c916486 (d0, q0, r1, m0, '$SYS/broker/load/connections/15min', ... (4 bytes))
1778189410: Sending PUBLISH to mqtt-explorer-5c916486 (d0, q0, r0, m0, '$SYS/broker/uptime', ... (10 bytes))
1778189410: Sending PUBLISH to mqtt-explorer-5c916486 (d0, q0, r0, m0, '$SYS/broker/load/messages/received/1min', ... (4 bytes))
1778189410: Sending PUBLISH to mqtt-explorer-5c916486 (d0, q0, r0, m0, '$SYS/broker/load/messages/received/5min', ... (4 bytes))
1778189410: Sending PUBLISH to mqtt-explorer-5c916486 (d0, q0, r0, m0, '$SYS/broker/load/messages/received/15min', ... (4 bytes))
1778189410: Sending PUBLISH to mqtt-explorer-5c916486 (d0, q0, r0, m0, '$SYS/broker/load/messages/sent/1min', ... (6 bytes))
1778189410: Sending PUBLISH to mqtt-explorer-5c916486 (d0, q0, r0, m0, '$SYS/broker/load/messages/sent/5min', ... (5 bytes))
1778189410: Sending PUBLISH to mqtt-explorer-5c916486 (d0, q0, r0, m0, '$SYS/broker/load/messages/sent/15min', ... (5 bytes))
1778189410: Sending PUBLISH to mqtt-explorer-5c916486 (d0, q0, r0, m0, '$SYS/broker/load/publish/sent/1min', ... (6 bytes))
1778189410: Sending PUBLISH to mqtt-explorer-5c916486 (d0, q0, r0, m0, '$SYS/broker/load/publish/sent/5min', ... (5 bytes))
1778189410: Sending PUBLISH to mqtt-explorer-5c916486 (d0, q0, r0, m0, '$SYS/broker/load/publish/sent/15min', ... (5 bytes))
1778189410: Sending PUBLISH to mqtt-explorer-5c916486 (d0, q0, r0, m0, '$SYS/broker/load/bytes/received/1min', ... (6 bytes))
1778189410: Sending PUBLISH to mqtt-explorer-5c916486 (d0, q0, r0, m0, '$SYS/broker/load/bytes/received/5min', ... (5 bytes))
1778189410: Sending PUBLISH to mqtt-explorer-5c916486 (d0, q0, r0, m0, '$SYS/broker/load/bytes/received/15min', ... (4 bytes))
1778189410: Sending PUBLISH to mqtt-explorer-5c916486 (d0, q0, r0, m0, '$SYS/broker/load/bytes/sent/1min', ... (7 bytes))
1778189410: Sending PUBLISH to mqtt-explorer-5c916486 (d0, q0, r0, m0, '$SYS/broker/load/bytes/sent/5min', ... (7 bytes))
1778189410: Sending PUBLISH to mqtt-explorer-5c916486 (d0, q0, r0, m0, '$SYS/broker/load/bytes/sent/15min', ... (6 bytes))
1778189410: Sending PUBLISH to mqtt-explorer-5c916486 (d0, q0, r0, m0, '$SYS/broker/load/sockets/1min', ... (4 bytes))
1778189410: Sending PUBLISH to mqtt-explorer-5c916486 (d0, q0, r0, m0, '$SYS/broker/load/sockets/5min', ... (4 bytes))
1778189410: Sending PUBLISH to mqtt-explorer-5c916486 (d0, q0, r0, m0, '$SYS/broker/load/sockets/15min', ... (4 bytes))
1778189410: Sending PUBLISH to mqtt-explorer-5c916486 (d0, q0, r0, m0, '$SYS/broker/load/connections/1min', ... (4 bytes))
1778189410: Sending PUBLISH to mqtt-explorer-5c916486 (d0, q0, r0, m0, '$SYS/broker/load/connections/5min', ... (4 bytes))
1778189410: Sending PUBLISH to mqtt-explorer-5c916486 (d0, q0, r0, m0, '$SYS/broker/load/connections/15min', ... (4 bytes))
1778189410: Sending PUBLISH to mqtt-explorer-5c916486 (d0, q0, r0, m0, '$SYS/broker/clients/total', ... (1 bytes))
1778189410: Sending PUBLISH to mqtt-explorer-5c916486 (d0, q0, r0, m0, '$SYS/broker/clients/connected', ... (1 bytes))
1778189410: Sending PUBLISH to mqtt-explorer-5c916486 (d0, q0, r0, m0, '$SYS/broker/clients/active', ... (1 bytes))
1778189410: Sending PUBLISH to mqtt-explorer-5c916486 (d0, q0, r0, m0, '$SYS/broker/subscriptions/count', ... (1 bytes))
1778189410: Sending PUBLISH to mqtt-explorer-5c916486 (d0, q0, r0, m0, '$SYS/broker/heap/current', ... (6 bytes))
1778189410: Sending PUBLISH to mqtt-explorer-5c916486 (d0, q0, r0, m0, '$SYS/broker/heap/maximum', ... (6 bytes))
1778189410: Sending PUBLISH to mqtt-explorer-5c916486 (d0, q0, r0, m0, '$SYS/broker/messages/received', ... (1 bytes))
1778189410: Sending PUBLISH to mqtt-explorer-5c916486 (d0, q0, r0, m0, '$SYS/broker/messages/sent', ... (3 bytes))
1778189410: Sending PUBLISH to mqtt-explorer-5c916486 (d0, q0, r0, m0, '$SYS/broker/bytes/received', ... (3 bytes))
1778189410: Sending PUBLISH to mqtt-explorer-5c916486 (d0, q0, r0, m0, '$SYS/broker/bytes/sent', ... (4 bytes))
1778189410: Sending PUBLISH to mqtt-explorer-5c916486 (d0, q0, r0, m0, '$SYS/broker/publish/bytes/sent', ... (3 bytes))
1778189410: Sending PUBLISH to mqtt-explorer-5c916486 (d0, q0, r0, m0, '$SYS/broker/connections/socket/count', ... (1 bytes))
1778189410: Sending PUBLISH to mqtt-explorer-5c916486 (d0, q0, r0, m0, '$SYS/broker/publish/messages/sent', ... (3 bytes))
1778189420: Sending PUBLISH to mqtt-explorer-5c916486 (d0, q0, r0, m0, '$SYS/broker/uptime', ... (10 bytes))
1778189420: Sending PUBLISH to mqtt-explorer-5c916486 (d0, q0, r0, m0, '$SYS/broker/load/messages/received/1min', ... (4 bytes))
1778189420: Sending PUBLISH to mqtt-explorer-5c916486 (d0, q0, r0, m0, '$SYS/broker/load/messages/received/5min', ... (4 bytes))
1778189420: Sending PUBLISH to mqtt-explorer-5c916486 (d0, q0, r0, m0, '$SYS/broker/load/messages/sent/1min', ... (6 bytes))
1778189420: Sending PUBLISH to mqtt-explorer-5c916486 (d0, q0, r0, m0, '$SYS/broker/load/messages/sent/5min', ... (5 bytes))
1778189420: Sending PUBLISH to mqtt-explorer-5c916486 (d0, q0, r0, m0, '$SYS/broker/load/messages/sent/15min', ... (5 bytes))
1778189420: Sending PUBLISH to mqtt-explorer-5c916486 (d0, q0, r0, m0, '$SYS/broker/load/publish/sent/1min', ... (6 bytes))
1778189420: Sending PUBLISH to mqtt-explorer-5c916486 (d0, q0, r0, m0, '$SYS/broker/load/publish/sent/5min', ... (5 bytes))
1778189420: Sending PUBLISH to mqtt-explorer-5c916486 (d0, q0, r0, m0, '$SYS/broker/load/publish/sent/15min', ... (5 bytes))
1778189420: Sending PUBLISH to mqtt-explorer-5c916486 (d0, q0, r0, m0, '$SYS/broker/load/bytes/received/1min', ... (5 bytes))
1778189420: Sending PUBLISH to mqtt-explorer-5c916486 (d0, q0, r0, m0, '$SYS/broker/load/bytes/received/5min', ... (5 bytes))
1778189420: Sending PUBLISH to mqtt-explorer-5c916486 (d0, q0, r0, m0, '$SYS/broker/load/bytes/received/15min', ... (4 bytes))
1778189420: Sending PUBLISH to mqtt-explorer-5c916486 (d0, q0, r0, m0, '$SYS/broker/load/bytes/sent/1min', ... (7 bytes))
1778189420: Sending PUBLISH to mqtt-explorer-5c916486 (d0, q0, r0, m0, '$SYS/broker/load/bytes/sent/5min', ... (7 bytes))
1778189420: Sending PUBLISH to mqtt-explorer-5c916486 (d0, q0, r0, m0, '$SYS/broker/load/bytes/sent/15min', ... (6 bytes))
1778189420: Sending PUBLISH to mqtt-explorer-5c916486 (d0, q0, r0, m0, '$SYS/broker/load/sockets/1min', ... (4 bytes))
1778189420: Sending PUBLISH to mqtt-explorer-5c916486 (d0, q0, r0, m0, '$SYS/broker/load/sockets/5min', ... (4 bytes))
1778189420: Sending PUBLISH to mqtt-explorer-5c916486 (d0, q0, r0, m0, '$SYS/broker/load/connections/1min', ... (4 bytes))
1778189420: Sending PUBLISH to mqtt-explorer-5c916486 (d0, q0, r0, m0, '$SYS/broker/load/connections/5min', ... (4 bytes))
1778189420: Sending PUBLISH to mqtt-explorer-5c916486 (d0, q0, r0, m0, '$SYS/broker/store/messages/bytes', ... (3 bytes))
1778189420: Sending PUBLISH to mqtt-explorer-5c916486 (d0, q0, r0, m0, '$SYS/broker/heap/current', ... (6 bytes))
1778189420: Sending PUBLISH to mqtt-explorer-5c916486 (d0, q0, r0, m0, '$SYS/broker/messages/sent', ... (3 bytes))
1778189420: Sending PUBLISH to mqtt-explorer-5c916486 (d0, q0, r0, m0, '$SYS/broker/bytes/sent', ... (4 bytes))
1778189420: Sending PUBLISH to mqtt-explorer-5c916486 (d0, q0, r0, m0, '$SYS/broker/publish/bytes/sent', ... (3 bytes))
1778189420: Sending PUBLISH to mqtt-explorer-5c916486 (d0, q0, r0, m0, '$SYS/broker/publish/messages/sent', ... (3 bytes))
1778189430: Sending PUBLISH to mqtt-explorer-5c916486 (d0, q0, r0, m0, '$SYS/broker/uptime', ... (10 bytes))
1778189430: Sending PUBLISH to mqtt-explorer-5c916486 (d0, q0, r0, m0, '$SYS/broker/load/messages/received/1min', ... (4 bytes))
1778189430: Sending PUBLISH to mqtt-explorer-5c916486 (d0, q0, r0, m0, '$SYS/broker/load/messages/received/5min', ... (4 bytes))
1778189430: Sending PUBLISH to mqtt-explorer-5c916486 (d0, q0, r0, m0, '$SYS/broker/load/messages/sent/1min', ... (6 bytes))
1778189430: Sending PUBLISH to mqtt-explorer-5c916486 (d0, q0, r0, m0, '$SYS/broker/load/messages/sent/5min', ... (5 bytes))
1778189430: Sending PUBLISH to mqtt-explorer-5c916486 (d0, q0, r0, m0, '$SYS/broker/load/messages/sent/15min', ... (5 bytes))
1778189430: Sending PUBLISH to mqtt-explorer-5c916486 (d0, q0, r0, m0, '$SYS/broker/load/publish/sent/1min', ... (6 bytes))
1778189430: Sending PUBLISH to mqtt-explorer-5c916486 (d0, q0, r0, m0, '$SYS/broker/load/publish/sent/5min', ... (5 bytes))
1778189430: Sending PUBLISH to mqtt-explorer-5c916486 (d0, q0, r0, m0, '$SYS/broker/load/publish/sent/15min', ... (5 bytes))
1778189430: Sending PUBLISH to mqtt-explorer-5c916486 (d0, q0, r0, m0, '$SYS/broker/load/bytes/received/1min', ... (5 bytes))
1778189430: Sending PUBLISH to mqtt-explorer-5c916486 (d0, q0, r0, m0, '$SYS/broker/load/bytes/received/5min', ... (5 bytes))
1778189430: Sending PUBLISH to mqtt-explorer-5c916486 (d0, q0, r0, m0, '$SYS/broker/load/bytes/received/15min', ... (4 bytes))
1778189430: Sending PUBLISH to mqtt-explorer-5c916486 (d0, q0, r0, m0, '$SYS/broker/load/bytes/sent/1min', ... (7 bytes))
1778189430: Sending PUBLISH to mqtt-explorer-5c916486 (d0, q0, r0, m0, '$SYS/broker/load/bytes/sent/5min', ... (7 bytes))
1778189430: Sending PUBLISH to mqtt-explorer-5c916486 (d0, q0, r0, m0, '$SYS/broker/load/bytes/sent/15min', ... (6 bytes))
1778189430: Sending PUBLISH to mqtt-explorer-5c916486 (d0, q0, r0, m0, '$SYS/broker/load/sockets/1min', ... (4 bytes))
1778189430: Sending PUBLISH to mqtt-explorer-5c916486 (d0, q0, r0, m0, '$SYS/broker/load/sockets/5min', ... (4 bytes))
1778189430: Sending PUBLISH to mqtt-explorer-5c916486 (d0, q0, r0, m0, '$SYS/broker/load/connections/1min', ... (4 bytes))
1778189430: Sending PUBLISH to mqtt-explorer-5c916486 (d0, q0, r0, m0, '$SYS/broker/load/connections/5min', ... (4 bytes))
1778189430: Sending PUBLISH to mqtt-explorer-5c916486 (d0, q0, r0, m0, '$SYS/broker/store/messages/bytes', ... (3 bytes))
1778189430: Sending PUBLISH to mqtt-explorer-5c916486 (d0, q0, r0, m0, '$SYS/broker/heap/current', ... (6 bytes))
1778189430: Sending PUBLISH to mqtt-explorer-5c916486 (d0, q0, r0, m0, '$SYS/broker/messages/sent', ... (3 bytes))
1778189430: Sending PUBLISH to mqtt-explorer-5c916486 (d0, q0, r0, m0, '$SYS/broker/bytes/sent', ... (4 bytes))
1778189430: Sending PUBLISH to mqtt-explorer-5c916486 (d0, q0, r0, m0, '$SYS/broker/publish/bytes/sent', ... (3 bytes))
1778189430: Sending PUBLISH to mqtt-explorer-5c916486 (d0, q0, r0, m0, '$SYS/broker/publish/messages/sent', ... (3 bytes))
1778189430: New connection from 127.0.0.1:33114 on port 1883.
1778189430: New client connected from 127.0.0.1:33114 as healthcheck (p4, c1, k60).
1778189430: No will message specified.
1778189430: Sending CONNACK to healthcheck (0, 0)
1778189430: Received SUBSCRIBE from healthcheck
1778189430: 	$SYS/# (QoS 0)
1778189430: healthcheck 0 $SYS/#
1778189430: Sending SUBACK to healthcheck
1778189430: Sending PUBLISH to healthcheck (d0, q0, r1, m0, '$SYS/broker/version', ... (23 bytes))
1778189430: Sending PUBLISH to healthcheck (d0, q0, r1, m0, '$SYS/broker/uptime', ... (10 bytes))
1778189430: Sending PUBLISH to healthcheck (d0, q0, r1, m0, '$SYS/broker/clients/total', ... (1 bytes))
1778189430: Sending PUBLISH to healthcheck (d0, q0, r1, m0, '$SYS/broker/clients/disconnected', ... (1 bytes))
1778189430: Sending PUBLISH to healthcheck (d0, q0, r1, m0, '$SYS/broker/clients/inactive', ... (1 bytes))
1778189430: Sending PUBLISH to healthcheck (d0, q0, r1, m0, '$SYS/broker/clients/connected', ... (1 bytes))
1778189430: Sending PUBLISH to healthcheck (d0, q0, r1, m0, '$SYS/broker/clients/active', ... (1 bytes))
1778189430: Sending PUBLISH to healthcheck (d0, q0, r1, m0, '$SYS/broker/clients/expired', ... (1 bytes))
1778189430: Sending PUBLISH to healthcheck (d0, q0, r1, m0, '$SYS/broker/messages/stored', ... (2 bytes))
1778189430: Sending PUBLISH to healthcheck (d0, q0, r1, m0, '$SYS/broker/messages/received', ... (1 bytes))
1778189430: Sending PUBLISH to healthcheck (d0, q0, r1, m0, '$SYS/broker/messages/sent', ... (3 bytes))
1778189430: Sending PUBLISH to healthcheck (d0, q0, r1, m0, '$SYS/broker/store/messages/count', ... (2 bytes))
1778189430: Sending PUBLISH to healthcheck (d0, q0, r1, m0, '$SYS/broker/store/messages/bytes', ... (3 bytes))
1778189430: Sending PUBLISH to healthcheck (d0, q0, r1, m0, '$SYS/broker/subscriptions/count', ... (1 bytes))
1778189430: Sending PUBLISH to healthcheck (d0, q0, r1, m0, '$SYS/broker/shared_subscriptions/count', ... (1 bytes))
1778189430: Sending PUBLISH to healthcheck (d0, q0, r1, m0, '$SYS/broker/retained messages/count', ... (2 bytes))
1778189430: Sending PUBLISH to healthcheck (d0, q0, r1, m0, '$SYS/broker/heap/current', ... (6 bytes))
1778189430: Sending PUBLISH to healthcheck (d0, q0, r1, m0, '$SYS/broker/heap/maximum', ... (6 bytes))
1778189430: Sending PUBLISH to healthcheck (d0, q0, r1, m0, '$SYS/broker/bytes/received', ... (3 bytes))
1778189430: Sending PUBLISH to healthcheck (d0, q0, r1, m0, '$SYS/broker/bytes/sent', ... (4 bytes))
1778189430: Sending PUBLISH to healthcheck (d0, q0, r1, m0, '$SYS/broker/publish/bytes/received', ... (1 bytes))
1778189430: Sending PUBLISH to healthcheck (d0, q0, r1, m0, '$SYS/broker/publish/bytes/sent', ... (3 bytes))
1778189430: Sending PUBLISH to healthcheck (d0, q0, r1, m0, '$SYS/broker/publish/messages/dropped', ... (1 bytes))
1778189430: Sending PUBLISH to healthcheck (d0, q0, r1, m0, '$SYS/broker/publish/messages/received', ... (1 bytes))
1778189430: Sending PUBLISH to healthcheck (d0, q0, r1, m0, '$SYS/broker/publish/messages/sent', ... (3 bytes))
1778189430: Sending PUBLISH to healthcheck (d0, q0, r1, m0, '$SYS/broker/packet/out/count', ... (1 bytes))
1778189430: Sending PUBLISH to healthcheck (d0, q0, r1, m0, '$SYS/broker/packet/out/bytes', ... (1 bytes))
1778189430: Sending PUBLISH to healthcheck (d0, q0, r1, m0, '$SYS/broker/connections/socket/count', ... (1 bytes))
1778189430: Sending PUBLISH to healthcheck (d0, q0, r1, m0, '$SYS/broker/load/messages/received/1min', ... (4 bytes))
1778189430: Sending PUBLISH to healthcheck (d0, q0, r1, m0, '$SYS/broker/load/messages/received/5min', ... (4 bytes))
1778189430: Sending PUBLISH to healthcheck (d0, q0, r1, m0, '$SYS/broker/load/messages/received/15min', ... (4 bytes))
1778189430: Sending PUBLISH to healthcheck (d0, q0, r1, m0, '$SYS/broker/load/messages/sent/1min', ... (6 bytes))
1778189430: Sending PUBLISH to healthcheck (d0, q0, r1, m0, '$SYS/broker/load/messages/sent/5min', ... (5 bytes))
1778189430: Sending PUBLISH to healthcheck (d0, q0, r1, m0, '$SYS/broker/load/messages/sent/15min', ... (5 bytes))
1778189430: Sending PUBLISH to healthcheck (d0, q0, r1, m0, '$SYS/broker/load/publish/dropped/1min', ... (4 bytes))
1778189430: Sending PUBLISH to healthcheck (d0, q0, r1, m0, '$SYS/broker/load/publish/dropped/5min', ... (4 bytes))
1778189430: Sending PUBLISH to healthcheck (d0, q0, r1, m0, '$SYS/broker/load/publish/dropped/15min', ... (4 bytes))
1778189430: Sending PUBLISH to healthcheck (d0, q0, r1, m0, '$SYS/broker/load/publish/received/1min', ... (4 bytes))
1778189430: Sending PUBLISH to healthcheck (d0, q0, r1, m0, '$SYS/broker/load/publish/received/5min', ... (4 bytes))
1778189430: Sending PUBLISH to healthcheck (d0, q0, r1, m0, '$SYS/broker/load/publish/received/15min', ... (4 bytes))
1778189430: Sending PUBLISH to healthcheck (d0, q0, r1, m0, '$SYS/broker/load/publish/sent/1min', ... (6 bytes))
1778189430: Sending PUBLISH to healthcheck (d0, q0, r1, m0, '$SYS/broker/load/publish/sent/5min', ... (5 bytes))
1778189430: Sending PUBLISH to healthcheck (d0, q0, r1, m0, '$SYS/broker/load/publish/sent/15min', ... (5 bytes))
1778189430: Sending PUBLISH to healthcheck (d0, q0, r1, m0, '$SYS/broker/load/bytes/received/1min', ... (5 bytes))
1778189430: Sending PUBLISH to healthcheck (d0, q0, r1, m0, '$SYS/broker/load/bytes/received/5min', ... (5 bytes))
1778189430: Sending PUBLISH to healthcheck (d0, q0, r1, m0, '$SYS/broker/load/bytes/received/15min', ... (4 bytes))
1778189430: Sending PUBLISH to healthcheck (d0, q0, r1, m0, '$SYS/broker/load/bytes/sent/1min', ... (7 bytes))
1778189430: Sending PUBLISH to healthcheck (d0, q0, r1, m0, '$SYS/broker/load/bytes/sent/5min', ... (7 bytes))
1778189430: Sending PUBLISH to healthcheck (d0, q0, r1, m0, '$SYS/broker/load/bytes/sent/15min', ... (6 bytes))
1778189430: Sending PUBLISH to healthcheck (d0, q0, r1, m0, '$SYS/broker/load/sockets/1min', ... (4 bytes))
1778189430: Sending PUBLISH to healthcheck (d0, q0, r1, m0, '$SYS/broker/load/sockets/5min', ... (4 bytes))
1778189430: Sending PUBLISH to healthcheck (d0, q0, r1, m0, '$SYS/broker/load/sockets/15min', ... (4 bytes))
1778189430: Sending PUBLISH to healthcheck (d0, q0, r1, m0, '$SYS/broker/load/connections/1min', ... (4 bytes))
1778189430: Sending PUBLISH to healthcheck (d0, q0, r1, m0, '$SYS/broker/load/connections/5min', ... (4 bytes))
1778189430: Sending PUBLISH to healthcheck (d0, q0, r1, m0, '$SYS/broker/load/connections/15min', ... (4 bytes))
1778189430: Client healthcheck [127.0.0.1:33114] disconnected: connection closed by client.
1778189440: Sending PUBLISH to mqtt-explorer-5c916486 (d0, q0, r0, m0, '$SYS/broker/uptime', ... (10 bytes))
1778189440: Sending PUBLISH to mqtt-explorer-5c916486 (d0, q0, r0, m0, '$SYS/broker/load/messages/received/1min', ... (4 bytes))
1778189440: Sending PUBLISH to mqtt-explorer-5c916486 (d0, q0, r0, m0, '$SYS/broker/load/messages/received/5min', ... (4 bytes))
1778189440: Sending PUBLISH to mqtt-explorer-5c916486 (d0, q0, r0, m0, '$SYS/broker/load/messages/received/15min', ... (4 bytes))
1778189440: Sending PUBLISH to mqtt-explorer-5c916486 (d0, q0, r0, m0, '$SYS/broker/load/messages/sent/1min', ... (6 bytes))
1778189440: Sending PUBLISH to mqtt-explorer-5c916486 (d0, q0, r0, m0, '$SYS/broker/load/messages/sent/5min', ... (5 bytes))
1778189440: Sending PUBLISH to mqtt-explorer-5c916486 (d0, q0, r0, m0, '$SYS/broker/load/messages/sent/15min', ... (5 bytes))
1778189440: Sending PUBLISH to mqtt-explorer-5c916486 (d0, q0, r0, m0, '$SYS/broker/load/publish/sent/1min', ... (6 bytes))
1778189440: Sending PUBLISH to mqtt-explorer-5c916486 (d0, q0, r0, m0, '$SYS/broker/load/publish/sent/5min', ... (5 bytes))
1778189440: Sending PUBLISH to mqtt-explorer-5c916486 (d0, q0, r0, m0, '$SYS/broker/load/publish/sent/15min', ... (5 bytes))
1778189440: Sending PUBLISH to mqtt-explorer-5c916486 (d0, q0, r0, m0, '$SYS/broker/load/bytes/received/1min', ... (6 bytes))
1778189440: Sending PUBLISH to mqtt-explorer-5c916486 (d0, q0, r0, m0, '$SYS/broker/load/bytes/received/5min', ... (5 bytes))
1778189440: Sending PUBLISH to mqtt-explorer-5c916486 (d0, q0, r0, m0, '$SYS/broker/load/bytes/received/15min', ... (5 bytes))
1778189440: Sending PUBLISH to mqtt-explorer-5c916486 (d0, q0, r0, m0, '$SYS/broker/load/bytes/sent/1min', ... (7 bytes))
1778189440: Sending PUBLISH to mqtt-explorer-5c916486 (d0, q0, r0, m0, '$SYS/broker/load/bytes/sent/5min', ... (7 bytes))
1778189440: Sending PUBLISH to mqtt-explorer-5c916486 (d0, q0, r0, m0, '$SYS/broker/load/bytes/sent/15min', ... (6 bytes))
1778189440: Sending PUBLISH to mqtt-explorer-5c916486 (d0, q0, r0, m0, '$SYS/broker/load/sockets/1min', ... (4 bytes))
1778189440: Sending PUBLISH to mqtt-explorer-5c916486 (d0, q0, r0, m0, '$SYS/broker/load/sockets/5min', ... (4 bytes))
1778189440: Sending PUBLISH to mqtt-explorer-5c916486 (d0, q0, r0, m0, '$SYS/broker/load/sockets/15min', ... (4 bytes))
1778189440: Sending PUBLISH to mqtt-explorer-5c916486 (d0, q0, r0, m0, '$SYS/broker/load/connections/1min', ... (4 bytes))
1778189440: Sending PUBLISH to mqtt-explorer-5c916486 (d0, q0, r0, m0, '$SYS/broker/load/connections/5min', ... (4 bytes))
1778189440: Sending PUBLISH to mqtt-explorer-5c916486 (d0, q0, r0, m0, '$SYS/broker/load/connections/15min', ... (4 bytes))
1778189440: Sending PUBLISH to mqtt-explorer-5c916486 (d0, q0, r0, m0, '$SYS/broker/heap/maximum', ... (6 bytes))
1778189440: Sending PUBLISH to mqtt-explorer-5c916486 (d0, q0, r0, m0, '$SYS/broker/messages/received', ... (1 bytes))
1778189440: Sending PUBLISH to mqtt-explorer-5c916486 (d0, q0, r0, m0, '$SYS/broker/messages/sent', ... (3 bytes))
1778189440: Sending PUBLISH to mqtt-explorer-5c916486 (d0, q0, r0, m0, '$SYS/broker/bytes/received', ... (3 bytes))
1778189440: Sending PUBLISH to mqtt-explorer-5c916486 (d0, q0, r0, m0, '$SYS/broker/bytes/sent', ... (5 bytes))
1778189440: Sending PUBLISH to mqtt-explorer-5c916486 (d0, q0, r0, m0, '$SYS/broker/publish/bytes/sent', ... (4 bytes))
1778189440: Sending PUBLISH to mqtt-explorer-5c916486 (d0, q0, r0, m0, '$SYS/broker/connections/socket/count', ... (1 bytes))
1778189440: Sending PUBLISH to mqtt-explorer-5c916486 (d0, q0, r0, m0, '$SYS/broker/publish/messages/sent', ... (3 bytes))
1778189450: Sending PUBLISH to mqtt-explorer-5c916486 (d0, q0, r0, m0, '$SYS/broker/uptime', ... (10 bytes))
1778189450: Sending PUBLISH to mqtt-explorer-5c916486 (d0, q0, r0, m0, '$SYS/broker/load/messages/received/1min', ... (4 bytes))
1778189450: Sending PUBLISH to mqtt-explorer-5c916486 (d0, q0, r0, m0, '$SYS/broker/load/messages/received/5min', ... (4 bytes))
1778189450: Sending PUBLISH to mqtt-explorer-5c916486 (d0, q0, r0, m0, '$SYS/broker/load/messages/sent/1min', ... (6 bytes))
1778189450: Sending PUBLISH to mqtt-explorer-5c916486 (d0, q0, r0, m0, '$SYS/broker/load/messages/sent/5min', ... (5 bytes))
1778189450: Sending PUBLISH to mqtt-explorer-5c916486 (d0, q0, r0, m0, '$SYS/broker/load/messages/sent/15min', ... (5 bytes))
1778189450: Sending PUBLISH to mqtt-explorer-5c916486 (d0, q0, r0, m0, '$SYS/broker/load/publish/sent/1min', ... (6 bytes))
1778189450: Sending PUBLISH to mqtt-explorer-5c916486 (d0, q0, r0, m0, '$SYS/broker/load/publish/sent/5min', ... (5 bytes))
1778189450: Sending PUBLISH to mqtt-explorer-5c916486 (d0, q0, r0, m0, '$SYS/broker/load/publish/sent/15min', ... (5 bytes))
1778189450: Sending PUBLISH to mqtt-explorer-5c916486 (d0, q0, r0, m0, '$SYS/broker/load/bytes/received/1min', ... (5 bytes))
1778189450: Sending PUBLISH to mqtt-explorer-5c916486 (d0, q0, r0, m0, '$SYS/broker/load/bytes/received/5min', ... (5 bytes))
1778189450: Sending PUBLISH to mqtt-explorer-5c916486 (d0, q0, r0, m0, '$SYS/broker/load/bytes/received/15min', ... (5 bytes))
1778189450: Sending PUBLISH to mqtt-explorer-5c916486 (d0, q0, r0, m0, '$SYS/broker/load/bytes/sent/1min', ... (7 bytes))
1778189450: Sending PUBLISH to mqtt-explorer-5c916486 (d0, q0, r0, m0, '$SYS/broker/load/bytes/sent/5min', ... (7 bytes))
1778189450: Sending PUBLISH to mqtt-explorer-5c916486 (d0, q0, r0, m0, '$SYS/broker/load/bytes/sent/15min', ... (6 bytes))
1778189450: Sending PUBLISH to mqtt-explorer-5c916486 (d0, q0, r0, m0, '$SYS/broker/load/sockets/1min', ... (4 bytes))
1778189450: Sending PUBLISH to mqtt-explorer-5c916486 (d0, q0, r0, m0, '$SYS/broker/load/sockets/5min', ... (4 bytes))
1778189450: Sending PUBLISH to mqtt-explorer-5c916486 (d0, q0, r0, m0, '$SYS/broker/load/connections/1min', ... (4 bytes))
1778189450: Sending PUBLISH to mqtt-explorer-5c916486 (d0, q0, r0, m0, '$SYS/broker/load/connections/5min', ... (4 bytes))
1778189450: Sending PUBLISH to mqtt-explorer-5c916486 (d0, q0, r0, m0, '$SYS/broker/store/messages/bytes', ... (3 bytes))
1778189450: Sending PUBLISH to mqtt-explorer-5c916486 (d0, q0, r0, m0, '$SYS/broker/heap/current', ... (6 bytes))
1778189450: Sending PUBLISH to mqtt-explorer-5c916486 (d0, q0, r0, m0, '$SYS/broker/messages/sent', ... (3 bytes))
1778189450: Sending PUBLISH to mqtt-explorer-5c916486 (d0, q0, r0, m0, '$SYS/broker/bytes/sent', ... (5 bytes))
1778189450: Sending PUBLISH to mqtt-explorer-5c916486 (d0, q0, r0, m0, '$SYS/broker/publish/bytes/sent', ... (4 bytes))
1778189450: Sending PUBLISH to mqtt-explorer-5c916486 (d0, q0, r0, m0, '$SYS/broker/publish/messages/sent', ... (3 bytes))
1778189460: Sending PUBLISH to mqtt-explorer-5c916486 (d0, q0, r0, m0, '$SYS/broker/uptime', ... (10 bytes))
1778189460: Sending PUBLISH to mqtt-explorer-5c916486 (d0, q0, r0, m0, '$SYS/broker/load/messages/received/1min', ... (4 bytes))
1778189460: Sending PUBLISH to mqtt-explorer-5c916486 (d0, q0, r0, m0, '$SYS/broker/load/messages/received/5min', ... (4 bytes))
1778189460: Sending PUBLISH to mqtt-explorer-5c916486 (d0, q0, r0, m0, '$SYS/broker/load/messages/sent/1min', ... (6 bytes))
1778189460: Sending PUBLISH to mqtt-explorer-5c916486 (d0, q0, r0, m0, '$SYS/broker/load/messages/sent/5min', ... (5 bytes))
1778189460: Sending PUBLISH to mqtt-explorer-5c916486 (d0, q0, r0, m0, '$SYS/broker/load/messages/sent/15min', ... (5 bytes))
1778189460: Sending PUBLISH to mqtt-explorer-5c916486 (d0, q0, r0, m0, '$SYS/broker/load/publish/sent/1min', ... (6 bytes))
1778189460: Sending PUBLISH to mqtt-explorer-5c916486 (d0, q0, r0, m0, '$SYS/broker/load/publish/sent/5min', ... (5 bytes))
1778189460: Sending PUBLISH to mqtt-explorer-5c916486 (d0, q0, r0, m0, '$SYS/broker/load/publish/sent/15min', ... (5 bytes))
1778189460: Sending PUBLISH to mqtt-explorer-5c916486 (d0, q0, r0, m0, '$SYS/broker/load/bytes/received/1min', ... (5 bytes))
1778189460: Sending PUBLISH to mqtt-explorer-5c916486 (d0, q0, r0, m0, '$SYS/broker/load/bytes/received/5min', ... (5 bytes))
1778189460: Sending PUBLISH to mqtt-explorer-5c916486 (d0, q0, r0, m0, '$SYS/broker/load/bytes/received/15min', ... (5 bytes))
1778189460: Sending PUBLISH to mqtt-explorer-5c916486 (d0, q0, r0, m0, '$SYS/broker/load/bytes/sent/1min', ... (7 bytes))
1778189460: Sending PUBLISH to mqtt-explorer-5c916486 (d0, q0, r0, m0, '$SYS/broker/load/bytes/sent/5min', ... (7 bytes))
1778189460: Sending PUBLISH to mqtt-explorer-5c916486 (d0, q0, r0, m0, '$SYS/broker/load/bytes/sent/15min', ... (6 bytes))
1778189460: Sending PUBLISH to mqtt-explorer-5c916486 (d0, q0, r0, m0, '$SYS/broker/load/sockets/1min', ... (4 bytes))
1778189460: Sending PUBLISH to mqtt-explorer-5c916486 (d0, q0, r0, m0, '$SYS/broker/load/sockets/5min', ... (4 bytes))
1778189460: Sending PUBLISH to mqtt-explorer-5c916486 (d0, q0, r0, m0, '$SYS/broker/load/connections/1min', ... (4 bytes))
1778189460: Sending PUBLISH to mqtt-explorer-5c916486 (d0, q0, r0, m0, '$SYS/broker/load/connections/5min', ... (4 bytes))
1778189460: Sending PUBLISH to mqtt-explorer-5c916486 (d0, q0, r0, m0, '$SYS/broker/store/messages/bytes', ... (3 bytes))
1778189460: Sending PUBLISH to mqtt-explorer-5c916486 (d0, q0, r0, m0, '$SYS/broker/heap/current', ... (6 bytes))
1778189460: Sending PUBLISH to mqtt-explorer-5c916486 (d0, q0, r0, m0, '$SYS/broker/messages/sent', ... (3 bytes))
1778189460: Sending PUBLISH to mqtt-explorer-5c916486 (d0, q0, r0, m0, '$SYS/broker/bytes/sent', ... (5 bytes))
1778189460: Sending PUBLISH to mqtt-explorer-5c916486 (d0, q0, r0, m0, '$SYS/broker/publish/bytes/sent', ... (4 bytes))
1778189460: Sending PUBLISH to mqtt-explorer-5c916486 (d0, q0, r0, m0, '$SYS/broker/publish/messages/sent', ... (3 bytes))
1778189460: New connection from 127.0.0.1:33516 on port 1883.
1778189460: New client connected from 127.0.0.1:33516 as healthcheck (p4, c1, k60).
1778189460: No will message specified.
1778189460: Sending CONNACK to healthcheck (0, 0)
1778189460: Received SUBSCRIBE from healthcheck
1778189460: 	$SYS/# (QoS 0)
1778189460: healthcheck 0 $SYS/#
1778189460: Sending SUBACK to healthcheck
1778189460: Sending PUBLISH to healthcheck (d0, q0, r1, m0, '$SYS/broker/version', ... (23 bytes))
1778189460: Sending PUBLISH to healthcheck (d0, q0, r1, m0, '$SYS/broker/uptime', ... (10 bytes))
1778189460: Sending PUBLISH to healthcheck (d0, q0, r1, m0, '$SYS/broker/clients/total', ... (1 bytes))
1778189460: Sending PUBLISH to healthcheck (d0, q0, r1, m0, '$SYS/broker/clients/disconnected', ... (1 bytes))
1778189460: Sending PUBLISH to healthcheck (d0, q0, r1, m0, '$SYS/broker/clients/inactive', ... (1 bytes))
1778189460: Sending PUBLISH to healthcheck (d0, q0, r1, m0, '$SYS/broker/clients/connected', ... (1 bytes))
1778189460: Sending PUBLISH to healthcheck (d0, q0, r1, m0, '$SYS/broker/clients/active', ... (1 bytes))
1778189460: Sending PUBLISH to healthcheck (d0, q0, r1, m0, '$SYS/broker/clients/expired', ... (1 bytes))
1778189460: Sending PUBLISH to healthcheck (d0, q0, r1, m0, '$SYS/broker/messages/stored', ... (2 bytes))
1778189460: Sending PUBLISH to healthcheck (d0, q0, r1, m0, '$SYS/broker/messages/received', ... (1 bytes))
1778189460: Sending PUBLISH to healthcheck (d0, q0, r1, m0, '$SYS/broker/messages/sent', ... (3 bytes))
1778189460: Sending PUBLISH to healthcheck (d0, q0, r1, m0, '$SYS/broker/store/messages/count', ... (2 bytes))
1778189460: Sending PUBLISH to healthcheck (d0, q0, r1, m0, '$SYS/broker/store/messages/bytes', ... (3 bytes))
1778189460: Sending PUBLISH to healthcheck (d0, q0, r1, m0, '$SYS/broker/subscriptions/count', ... (1 bytes))
1778189460: Sending PUBLISH to healthcheck (d0, q0, r1, m0, '$SYS/broker/shared_subscriptions/count', ... (1 bytes))
1778189460: Sending PUBLISH to healthcheck (d0, q0, r1, m0, '$SYS/broker/retained messages/count', ... (2 bytes))
1778189460: Sending PUBLISH to healthcheck (d0, q0, r1, m0, '$SYS/broker/heap/current', ... (6 bytes))
1778189460: Sending PUBLISH to healthcheck (d0, q0, r1, m0, '$SYS/broker/heap/maximum', ... (6 bytes))
1778189460: Sending PUBLISH to healthcheck (d0, q0, r1, m0, '$SYS/broker/bytes/received', ... (3 bytes))
1778189460: Sending PUBLISH to healthcheck (d0, q0, r1, m0, '$SYS/broker/bytes/sent', ... (5 bytes))
1778189460: Sending PUBLISH to healthcheck (d0, q0, r1, m0, '$SYS/broker/publish/bytes/received', ... (1 bytes))
1778189460: Sending PUBLISH to healthcheck (d0, q0, r1, m0, '$SYS/broker/publish/bytes/sent', ... (4 bytes))
1778189460: Sending PUBLISH to healthcheck (d0, q0, r1, m0, '$SYS/broker/publish/messages/dropped', ... (1 bytes))
1778189460: Sending PUBLISH to healthcheck (d0, q0, r1, m0, '$SYS/broker/publish/messages/received', ... (1 bytes))
1778189460: Sending PUBLISH to healthcheck (d0, q0, r1, m0, '$SYS/broker/publish/messages/sent', ... (3 bytes))
1778189460: Sending PUBLISH to healthcheck (d0, q0, r1, m0, '$SYS/broker/packet/out/count', ... (1 bytes))
1778189460: Sending PUBLISH to healthcheck (d0, q0, r1, m0, '$SYS/broker/packet/out/bytes', ... (1 bytes))
1778189460: Sending PUBLISH to healthcheck (d0, q0, r1, m0, '$SYS/broker/connections/socket/count', ... (1 bytes))
1778189460: Sending PUBLISH to healthcheck (d0, q0, r1, m0, '$SYS/broker/load/messages/received/1min', ... (4 bytes))
1778189460: Sending PUBLISH to healthcheck (d0, q0, r1, m0, '$SYS/broker/load/messages/received/5min', ... (4 bytes))
1778189460: Sending PUBLISH to healthcheck (d0, q0, r1, m0, '$SYS/broker/load/messages/received/15min', ... (4 bytes))
1778189460: Sending PUBLISH to healthcheck (d0, q0, r1, m0, '$SYS/broker/load/messages/sent/1min', ... (6 bytes))
1778189460: Sending PUBLISH to healthcheck (d0, q0, r1, m0, '$SYS/broker/load/messages/sent/5min', ... (5 bytes))
1778189460: Sending PUBLISH to healthcheck (d0, q0, r1, m0, '$SYS/broker/load/messages/sent/15min', ... (5 bytes))
1778189460: Sending PUBLISH to healthcheck (d0, q0, r1, m0, '$SYS/broker/load/publish/dropped/1min', ... (4 bytes))
1778189460: Sending PUBLISH to healthcheck (d0, q0, r1, m0, '$SYS/broker/load/publish/dropped/5min', ... (4 bytes))
1778189460: Sending PUBLISH to healthcheck (d0, q0, r1, m0, '$SYS/broker/load/publish/dropped/15min', ... (4 bytes))
1778189460: Sending PUBLISH to healthcheck (d0, q0, r1, m0, '$SYS/broker/load/publish/received/1min', ... (4 bytes))
1778189460: Sending PUBLISH to healthcheck (d0, q0, r1, m0, '$SYS/broker/load/publish/received/5min', ... (4 bytes))
1778189460: Sending PUBLISH to healthcheck (d0, q0, r1, m0, '$SYS/broker/load/publish/received/15min', ... (4 bytes))
1778189460: Sending PUBLISH to healthcheck (d0, q0, r1, m0, '$SYS/broker/load/publish/sent/1min', ... (6 bytes))
1778189460: Sending PUBLISH to healthcheck (d0, q0, r1, m0, '$SYS/broker/load/publish/sent/5min', ... (5 bytes))
1778189460: Sending PUBLISH to healthcheck (d0, q0, r1, m0, '$SYS/broker/load/publish/sent/15min', ... (5 bytes))
1778189460: Sending PUBLISH to healthcheck (d0, q0, r1, m0, '$SYS/broker/load/bytes/received/1min', ... (5 bytes))
1778189460: Sending PUBLISH to healthcheck (d0, q0, r1, m0, '$SYS/broker/load/bytes/received/5min', ... (5 bytes))
1778189460: Sending PUBLISH to healthcheck (d0, q0, r1, m0, '$SYS/broker/load/bytes/received/15min', ... (5 bytes))
1778189460: Sending PUBLISH to healthcheck (d0, q0, r1, m0, '$SYS/broker/load/bytes/sent/1min', ... (7 bytes))
1778189460: Sending PUBLISH to healthcheck (d0, q0, r1, m0, '$SYS/broker/load/bytes/sent/5min', ... (7 bytes))
1778189460: Sending PUBLISH to healthcheck (d0, q0, r1, m0, '$SYS/broker/load/bytes/sent/15min', ... (6 bytes))
1778189460: Sending PUBLISH to healthcheck (d0, q0, r1, m0, '$SYS/broker/load/sockets/1min', ... (4 bytes))
1778189460: Sending PUBLISH to healthcheck (d0, q0, r1, m0, '$SYS/broker/load/sockets/5min', ... (4 bytes))
1778189460: Sending PUBLISH to healthcheck (d0, q0, r1, m0, '$SYS/broker/load/sockets/15min', ... (4 bytes))
1778189460: Sending PUBLISH to healthcheck (d0, q0, r1, m0, '$SYS/broker/load/connections/1min', ... (4 bytes))
1778189460: Sending PUBLISH to healthcheck (d0, q0, r1, m0, '$SYS/broker/load/connections/5min', ... (4 bytes))
1778189460: Sending PUBLISH to healthcheck (d0, q0, r1, m0, '$SYS/broker/load/connections/15min', ... (4 bytes))
1778189461: Client healthcheck [127.0.0.1:33516] disconnected: connection closed by client.
1778189465: Received PINGREQ from mqtt-explorer-5c916486
1778189465: Sending PINGRESP to mqtt-explorer-5c916486
1778189470: Sending PUBLISH to mqtt-explorer-5c916486 (d0, q0, r0, m0, '$SYS/broker/uptime', ... (11 bytes))
1778189470: Sending PUBLISH to mqtt-explorer-5c916486 (d0, q0, r0, m0, '$SYS/broker/load/messages/received/1min', ... (4 bytes))
1778189470: Sending PUBLISH to mqtt-explorer-5c916486 (d0, q0, r0, m0, '$SYS/broker/load/messages/received/5min', ... (4 bytes))
1778189470: Sending PUBLISH to mqtt-explorer-5c916486 (d0, q0, r0, m0, '$SYS/broker/load/messages/received/15min', ... (4 bytes))
1778189470: Sending PUBLISH to mqtt-explorer-5c916486 (d0, q0, r0, m0, '$SYS/broker/load/messages/sent/1min', ... (6 bytes))
1778189470: Sending PUBLISH to mqtt-explorer-5c916486 (d0, q0, r0, m0, '$SYS/broker/load/messages/sent/5min', ... (5 bytes))
1778189470: Sending PUBLISH to mqtt-explorer-5c916486 (d0, q0, r0, m0, '$SYS/broker/load/messages/sent/15min', ... (5 bytes))
1778189470: Sending PUBLISH to mqtt-explorer-5c916486 (d0, q0, r0, m0, '$SYS/broker/load/publish/sent/1min', ... (6 bytes))
1778189470: Sending PUBLISH to mqtt-explorer-5c916486 (d0, q0, r0, m0, '$SYS/broker/load/publish/sent/5min', ... (5 bytes))
1778189470: Sending PUBLISH to mqtt-explorer-5c916486 (d0, q0, r0, m0, '$SYS/broker/load/publish/sent/15min', ... (5 bytes))
1778189470: Sending PUBLISH to mqtt-explorer-5c916486 (d0, q0, r0, m0, '$SYS/broker/load/bytes/received/1min', ... (5 bytes))
1778189470: Sending PUBLISH to mqtt-explorer-5c916486 (d0, q0, r0, m0, '$SYS/broker/load/bytes/received/5min', ... (5 bytes))
1778189470: Sending PUBLISH to mqtt-explorer-5c916486 (d0, q0, r0, m0, '$SYS/broker/load/bytes/received/15min', ... (5 bytes))
1778189470: Sending PUBLISH to mqtt-explorer-5c916486 (d0, q0, r0, m0, '$SYS/broker/load/bytes/sent/1min', ... (7 bytes))
1778189470: Sending PUBLISH to mqtt-explorer-5c916486 (d0, q0, r0, m0, '$SYS/broker/load/bytes/sent/5min', ... (7 bytes))
1778189470: Sending PUBLISH to mqtt-explorer-5c916486 (d0, q0, r0, m0, '$SYS/broker/load/bytes/sent/15min', ... (7 bytes))
1778189470: Sending PUBLISH to mqtt-explorer-5c916486 (d0, q0, r0, m0, '$SYS/broker/load/sockets/1min', ... (4 bytes))
1778189470: Sending PUBLISH to mqtt-explorer-5c916486 (d0, q0, r0, m0, '$SYS/broker/load/sockets/5min', ... (4 bytes))
1778189470: Sending PUBLISH to mqtt-explorer-5c916486 (d0, q0, r0, m0, '$SYS/broker/load/sockets/15min', ... (4 bytes))
1778189470: Sending PUBLISH to mqtt-explorer-5c916486 (d0, q0, r0, m0, '$SYS/broker/load/connections/1min', ... (4 bytes))
1778189470: Sending PUBLISH to mqtt-explorer-5c916486 (d0, q0, r0, m0, '$SYS/broker/load/connections/5min', ... (4 bytes))
1778189470: Sending PUBLISH to mqtt-explorer-5c916486 (d0, q0, r0, m0, '$SYS/broker/load/connections/15min', ... (4 bytes))
1778189470: Sending PUBLISH to mqtt-explorer-5c916486 (d0, q0, r0, m0, '$SYS/broker/store/messages/bytes', ... (3 bytes))
1778189470: Sending PUBLISH to mqtt-explorer-5c916486 (d0, q0, r0, m0, '$SYS/broker/heap/current', ... (6 bytes))
1778189470: Sending PUBLISH to mqtt-explorer-5c916486 (d0, q0, r0, m0, '$SYS/broker/heap/maximum', ... (6 bytes))
1778189470: Sending PUBLISH to mqtt-explorer-5c916486 (d0, q0, r0, m0, '$SYS/broker/messages/received', ... (2 bytes))
1778189470: Sending PUBLISH to mqtt-explorer-5c916486 (d0, q0, r0, m0, '$SYS/broker/messages/sent', ... (3 bytes))
1778189470: Sending PUBLISH to mqtt-explorer-5c916486 (d0, q0, r0, m0, '$SYS/broker/bytes/received', ... (3 bytes))
1778189470: Sending PUBLISH to mqtt-explorer-5c916486 (d0, q0, r0, m0, '$SYS/broker/bytes/sent', ... (5 bytes))
1778189470: Sending PUBLISH to mqtt-explorer-5c916486 (d0, q0, r0, m0, '$SYS/broker/publish/bytes/sent', ... (4 bytes))
1778189470: Sending PUBLISH to mqtt-explorer-5c916486 (d0, q0, r0, m0, '$SYS/broker/connections/socket/count', ... (1 bytes))
1778189470: Sending PUBLISH to mqtt-explorer-5c916486 (d0, q0, r0, m0, '$SYS/broker/publish/messages/sent', ... (3 bytes))
1778189471: New connection from 172.18.0.1:56086 on port 1883.
1778189471: New client connected from 172.18.0.1:56086 as ISIC-ESP8266-001 (p4, c1, k60).
1778189471: No will message specified.
1778189471: Sending CONNACK to ISIC-ESP8266-001 (0, 0)
1778189472: Received SUBSCRIBE from ISIC-ESP8266-001
1778189472: 	device/ISIC-ESP8266-001/config/set/# (QoS 0)
1778189472: ISIC-ESP8266-001 0 device/ISIC-ESP8266-001/config/set/#
1778189472: Sending SUBACK to ISIC-ESP8266-001
1778189472: Received SUBSCRIBE from ISIC-ESP8266-001
1778189472: 	device/ISIC-ESP8266-001/config/get/# (QoS 0)
1778189472: ISIC-ESP8266-001 0 device/ISIC-ESP8266-001/config/get/#
1778189472: Sending SUBACK to ISIC-ESP8266-001
1778189472: Received SUBSCRIBE from ISIC-ESP8266-001
1778189472: 	device/ISIC-ESP8266-001/ota/start (QoS 0)
1778189472: ISIC-ESP8266-001 0 device/ISIC-ESP8266-001/ota/start
1778189472: Sending SUBACK to ISIC-ESP8266-001
1778189472: Received SUBSCRIBE from ISIC-ESP8266-001
1778189472: 	device/ISIC-ESP8266-001/status/request (QoS 0)
1778189472: ISIC-ESP8266-001 0 device/ISIC-ESP8266-001/status/request
1778189472: Sending SUBACK to ISIC-ESP8266-001
1778189472: Received SUBSCRIBE from ISIC-ESP8266-001
1778189472: 	device/ISIC-ESP8266-001/health/request (QoS 0)
1778189472: ISIC-ESP8266-001 0 device/ISIC-ESP8266-001/health/request
1778189472: Sending SUBACK to ISIC-ESP8266-001
1778189472: Received SUBSCRIBE from ISIC-ESP8266-001
1778189472: 	device/ISIC-ESP8266-001/metrics/request (QoS 0)
1778189472: ISIC-ESP8266-001 0 device/ISIC-ESP8266-001/metrics/request
1778189472: Sending SUBACK to ISIC-ESP8266-001
1778189477: Received PUBLISH from ISIC-ESP8266-001 (d0, q0, r1, m0, 'device/ISIC-ESP8266-001/health', ... (222 bytes))
1778189477: Sending PUBLISH to mqtt-explorer-5c916486 (d0, q0, r0, m0, 'device/ISIC-ESP8266-001/health', ... (222 bytes))
1778189477: Received PUBLISH from ISIC-ESP8266-001 (d0, q0, r1, m0, 'device/ISIC-ESP8266-001/status', ... (20 bytes))
1778189477: Sending PUBLISH to mqtt-explorer-5c916486 (d0, q0, r0, m0, 'device/ISIC-ESP8266-001/status', ... (20 bytes))
1778189480: Sending PUBLISH to mqtt-explorer-5c916486 (d0, q0, r0, m0, '$SYS/broker/uptime', ... (11 bytes))
1778189480: Sending PUBLISH to mqtt-explorer-5c916486 (d0, q0, r0, m0, '$SYS/broker/load/messages/received/1min', ... (5 bytes))
1778189480: Sending PUBLISH to mqtt-explorer-5c916486 (d0, q0, r0, m0, '$SYS/broker/load/messages/received/5min', ... (4 bytes))
1778189480: Sending PUBLISH to mqtt-explorer-5c916486 (d0, q0, r0, m0, '$SYS/broker/load/messages/received/15min', ... (4 bytes))
1778189480: Sending PUBLISH to mqtt-explorer-5c916486 (d0, q0, r0, m0, '$SYS/broker/load/messages/sent/1min', ... (6 bytes))
1778189480: Sending PUBLISH to mqtt-explorer-5c916486 (d0, q0, r0, m0, '$SYS/broker/load/messages/sent/5min', ... (5 bytes))
1778189480: Sending PUBLISH to mqtt-explorer-5c916486 (d0, q0, r0, m0, '$SYS/broker/load/messages/sent/15min', ... (5 bytes))
1778189480: Sending PUBLISH to mqtt-explorer-5c916486 (d0, q0, r0, m0, '$SYS/broker/load/publish/received/1min', ... (4 bytes))
1778189480: Sending PUBLISH to mqtt-explorer-5c916486 (d0, q0, r0, m0, '$SYS/broker/load/publish/received/5min', ... (4 bytes))
1778189480: Sending PUBLISH to mqtt-explorer-5c916486 (d0, q0, r0, m0, '$SYS/broker/load/publish/received/15min', ... (4 bytes))
1778189480: Sending PUBLISH to mqtt-explorer-5c916486 (d0, q0, r0, m0, '$SYS/broker/load/publish/sent/1min', ... (6 bytes))
1778189480: Sending PUBLISH to mqtt-explorer-5c916486 (d0, q0, r0, m0, '$SYS/broker/load/publish/sent/5min', ... (5 bytes))
1778189480: Sending PUBLISH to mqtt-explorer-5c916486 (d0, q0, r0, m0, '$SYS/broker/load/publish/sent/15min', ... (5 bytes))
1778189480: Sending PUBLISH to mqtt-explorer-5c916486 (d0, q0, r0, m0, '$SYS/broker/load/bytes/received/1min', ... (6 bytes))
1778189480: Sending PUBLISH to mqtt-explorer-5c916486 (d0, q0, r0, m0, '$SYS/broker/load/bytes/received/5min', ... (6 bytes))
1778189480: Sending PUBLISH to mqtt-explorer-5c916486 (d0, q0, r0, m0, '$SYS/broker/load/bytes/received/15min', ... (5 bytes))
1778189480: Sending PUBLISH to mqtt-explorer-5c916486 (d0, q0, r0, m0, '$SYS/broker/load/bytes/sent/1min', ... (7 bytes))
1778189480: Sending PUBLISH to mqtt-explorer-5c916486 (d0, q0, r0, m0, '$SYS/broker/load/bytes/sent/5min', ... (7 bytes))
1778189480: Sending PUBLISH to mqtt-explorer-5c916486 (d0, q0, r0, m0, '$SYS/broker/load/bytes/sent/15min', ... (7 bytes))
1778189480: Sending PUBLISH to mqtt-explorer-5c916486 (d0, q0, r0, m0, '$SYS/broker/load/sockets/1min', ... (4 bytes))
1778189480: Sending PUBLISH to mqtt-explorer-5c916486 (d0, q0, r0, m0, '$SYS/broker/load/sockets/5min', ... (4 bytes))
1778189480: Sending PUBLISH to mqtt-explorer-5c916486 (d0, q0, r0, m0, '$SYS/broker/load/sockets/15min', ... (4 bytes))
1778189480: Sending PUBLISH to mqtt-explorer-5c916486 (d0, q0, r0, m0, '$SYS/broker/load/connections/1min', ... (4 bytes))
1778189480: Sending PUBLISH to mqtt-explorer-5c916486 (d0, q0, r0, m0, '$SYS/broker/load/connections/5min', ... (4 bytes))
1778189480: Sending PUBLISH to mqtt-explorer-5c916486 (d0, q0, r0, m0, '$SYS/broker/load/connections/15min', ... (4 bytes))
1778189480: Sending PUBLISH to mqtt-explorer-5c916486 (d0, q0, r0, m0, '$SYS/broker/clients/total', ... (1 bytes))
1778189480: Sending PUBLISH to mqtt-explorer-5c916486 (d0, q0, r0, m0, '$SYS/broker/clients/maximum', ... (1 bytes))
1778189480: Sending PUBLISH to mqtt-explorer-5c916486 (d0, q0, r0, m0, '$SYS/broker/clients/connected', ... (1 bytes))
1778189480: Sending PUBLISH to mqtt-explorer-5c916486 (d0, q0, r0, m0, '$SYS/broker/clients/active', ... (1 bytes))
1778189480: Sending PUBLISH to mqtt-explorer-5c916486 (d0, q0, r0, m0, '$SYS/broker/messages/stored', ... (2 bytes))
1778189480: Sending PUBLISH to mqtt-explorer-5c916486 (d0, q0, r0, m0, '$SYS/broker/store/messages/count', ... (2 bytes))
1778189480: Sending PUBLISH to mqtt-explorer-5c916486 (d0, q0, r0, m0, '$SYS/broker/store/messages/bytes', ... (3 bytes))
1778189480: Sending PUBLISH to mqtt-explorer-5c916486 (d0, q0, r0, m0, '$SYS/broker/subscriptions/count', ... (1 bytes))
1778189480: Sending PUBLISH to mqtt-explorer-5c916486 (d0, q0, r0, m0, '$SYS/broker/retained messages/count', ... (2 bytes))
1778189480: Sending PUBLISH to mqtt-explorer-5c916486 (d0, q0, r0, m0, '$SYS/broker/heap/current', ... (6 bytes))
1778189480: Sending PUBLISH to mqtt-explorer-5c916486 (d0, q0, r0, m0, '$SYS/broker/heap/maximum', ... (6 bytes))
1778189480: Sending PUBLISH to mqtt-explorer-5c916486 (d0, q0, r0, m0, '$SYS/broker/messages/received', ... (2 bytes))
1778189480: Sending PUBLISH to mqtt-explorer-5c916486 (d0, q0, r0, m0, '$SYS/broker/messages/sent', ... (3 bytes))
1778189480: Sending PUBLISH to mqtt-explorer-5c916486 (d0, q0, r0, m0, '$SYS/broker/bytes/received', ... (3 bytes))
1778189480: Sending PUBLISH to mqtt-explorer-5c916486 (d0, q0, r0, m0, '$SYS/broker/bytes/sent', ... (5 bytes))
1778189480: Sending PUBLISH to mqtt-explorer-5c916486 (d0, q0, r0, m0, '$SYS/broker/publish/bytes/received', ... (3 bytes))
1778189480: Sending PUBLISH to mqtt-explorer-5c916486 (d0, q0, r0, m0, '$SYS/broker/publish/bytes/sent', ... (4 bytes))
1778189480: Sending PUBLISH to mqtt-explorer-5c916486 (d0, q0, r0, m0, '$SYS/broker/connections/socket/count', ... (1 bytes))
1778189480: Sending PUBLISH to mqtt-explorer-5c916486 (d0, q0, r0, m0, '$SYS/broker/publish/messages/received', ... (1 bytes))
1778189480: Sending PUBLISH to mqtt-explorer-5c916486 (d0, q0, r0, m0, '$SYS/broker/publish/messages/sent', ... (3 bytes))
1778189490: Sending PUBLISH to mqtt-explorer-5c916486 (d0, q0, r0, m0, '$SYS/broker/uptime', ... (11 bytes))
1778189490: Sending PUBLISH to mqtt-explorer-5c916486 (d0, q0, r0, m0, '$SYS/broker/load/messages/received/1min', ... (5 bytes))
1778189490: Sending PUBLISH to mqtt-explorer-5c916486 (d0, q0, r0, m0, '$SYS/broker/load/messages/received/5min', ... (4 bytes))
1778189490: Sending PUBLISH to mqtt-explorer-5c916486 (d0, q0, r0, m0, '$SYS/broker/load/messages/received/15min', ... (4 bytes))
1778189490: Sending PUBLISH to mqtt-explorer-5c916486 (d0, q0, r0, m0, '$SYS/broker/load/messages/sent/1min', ... (6 bytes))
1778189490: Sending PUBLISH to mqtt-explorer-5c916486 (d0, q0, r0, m0, '$SYS/broker/load/messages/sent/5min', ... (5 bytes))
1778189490: Sending PUBLISH to mqtt-explorer-5c916486 (d0, q0, r0, m0, '$SYS/broker/load/messages/sent/15min', ... (5 bytes))
1778189490: Sending PUBLISH to mqtt-explorer-5c916486 (d0, q0, r0, m0, '$SYS/broker/load/publish/received/1min', ... (4 bytes))
1778189490: Sending PUBLISH to mqtt-explorer-5c916486 (d0, q0, r0, m0, '$SYS/broker/load/publish/received/5min', ... (4 bytes))
1778189490: Sending PUBLISH to mqtt-explorer-5c916486 (d0, q0, r0, m0, '$SYS/broker/load/publish/sent/1min', ... (6 bytes))
1778189490: Sending PUBLISH to mqtt-explorer-5c916486 (d0, q0, r0, m0, '$SYS/broker/load/publish/sent/5min', ... (5 bytes))
1778189490: Sending PUBLISH to mqtt-explorer-5c916486 (d0, q0, r0, m0, '$SYS/broker/load/publish/sent/15min', ... (5 bytes))
1778189490: Sending PUBLISH to mqtt-explorer-5c916486 (d0, q0, r0, m0, '$SYS/broker/load/bytes/received/1min', ... (6 bytes))
1778189490: Sending PUBLISH to mqtt-explorer-5c916486 (d0, q0, r0, m0, '$SYS/broker/load/bytes/received/5min', ... (6 bytes))
1778189490: Sending PUBLISH to mqtt-explorer-5c916486 (d0, q0, r0, m0, '$SYS/broker/load/bytes/received/15min', ... (5 bytes))
1778189490: Sending PUBLISH to mqtt-explorer-5c916486 (d0, q0, r0, m0, '$SYS/broker/load/bytes/sent/1min', ... (7 bytes))
1778189490: Sending PUBLISH to mqtt-explorer-5c916486 (d0, q0, r0, m0, '$SYS/broker/load/bytes/sent/5min', ... (7 bytes))
1778189490: Sending PUBLISH to mqtt-explorer-5c916486 (d0, q0, r0, m0, '$SYS/broker/load/bytes/sent/15min', ... (7 bytes))
1778189490: Sending PUBLISH to mqtt-explorer-5c916486 (d0, q0, r0, m0, '$SYS/broker/load/sockets/1min', ... (4 bytes))
1778189490: Sending PUBLISH to mqtt-explorer-5c916486 (d0, q0, r0, m0, '$SYS/broker/load/sockets/5min', ... (4 bytes))
1778189490: Sending PUBLISH to mqtt-explorer-5c916486 (d0, q0, r0, m0, '$SYS/broker/load/connections/1min', ... (4 bytes))
1778189490: Sending PUBLISH to mqtt-explorer-5c916486 (d0, q0, r0, m0, '$SYS/broker/load/connections/5min', ... (4 bytes))
1778189490: Sending PUBLISH to mqtt-explorer-5c916486 (d0, q0, r0, m0, '$SYS/broker/messages/stored', ... (2 bytes))
1778189490: Sending PUBLISH to mqtt-explorer-5c916486 (d0, q0, r0, m0, '$SYS/broker/store/messages/count', ... (2 bytes))
1778189490: Sending PUBLISH to mqtt-explorer-5c916486 (d0, q0, r0, m0, '$SYS/broker/store/messages/bytes', ... (3 bytes))
1778189490: Sending PUBLISH to mqtt-explorer-5c916486 (d0, q0, r0, m0, '$SYS/broker/retained messages/count', ... (2 bytes))
1778189490: Sending PUBLISH to mqtt-explorer-5c916486 (d0, q0, r0, m0, '$SYS/broker/heap/current', ... (6 bytes))
1778189490: Sending PUBLISH to mqtt-explorer-5c916486 (d0, q0, r0, m0, '$SYS/broker/heap/maximum', ... (6 bytes))
1778189490: Sending PUBLISH to mqtt-explorer-5c916486 (d0, q0, r0, m0, '$SYS/broker/messages/sent', ... (3 bytes))
1778189490: Sending PUBLISH to mqtt-explorer-5c916486 (d0, q0, r0, m0, '$SYS/broker/bytes/sent', ... (5 bytes))
1778189490: Sending PUBLISH to mqtt-explorer-5c916486 (d0, q0, r0, m0, '$SYS/broker/publish/bytes/sent', ... (4 bytes))
1778189490: Sending PUBLISH to mqtt-explorer-5c916486 (d0, q0, r0, m0, '$SYS/broker/publish/messages/sent', ... (3 bytes))
1778189491: New connection from 127.0.0.1:45430 on port 1883.
1778189491: New client connected from 127.0.0.1:45430 as healthcheck (p4, c1, k60).
1778189491: No will message specified.
1778189491: Sending CONNACK to healthcheck (0, 0)
1778189491: Received SUBSCRIBE from healthcheck
1778189491: 	$SYS/# (QoS 0)
1778189491: healthcheck 0 $SYS/#
1778189491: Sending SUBACK to healthcheck
1778189491: Sending PUBLISH to healthcheck (d0, q0, r1, m0, '$SYS/broker/version', ... (23 bytes))
1778189491: Sending PUBLISH to healthcheck (d0, q0, r1, m0, '$SYS/broker/uptime', ... (11 bytes))
1778189491: Sending PUBLISH to healthcheck (d0, q0, r1, m0, '$SYS/broker/clients/total', ... (1 bytes))
1778189491: Sending PUBLISH to healthcheck (d0, q0, r1, m0, '$SYS/broker/clients/disconnected', ... (1 bytes))
1778189491: Sending PUBLISH to healthcheck (d0, q0, r1, m0, '$SYS/broker/clients/inactive', ... (1 bytes))
1778189491: Sending PUBLISH to healthcheck (d0, q0, r1, m0, '$SYS/broker/clients/connected', ... (1 bytes))
1778189491: Sending PUBLISH to healthcheck (d0, q0, r1, m0, '$SYS/broker/clients/active', ... (1 bytes))
1778189491: Sending PUBLISH to healthcheck (d0, q0, r1, m0, '$SYS/broker/clients/expired', ... (1 bytes))
1778189491: Sending PUBLISH to healthcheck (d0, q0, r1, m0, '$SYS/broker/clients/maximum', ... (1 bytes))
1778189491: Sending PUBLISH to healthcheck (d0, q0, r1, m0, '$SYS/broker/messages/stored', ... (2 bytes))
1778189491: Sending PUBLISH to healthcheck (d0, q0, r1, m0, '$SYS/broker/messages/received', ... (2 bytes))
1778189491: Sending PUBLISH to healthcheck (d0, q0, r1, m0, '$SYS/broker/messages/sent', ... (3 bytes))
1778189491: Sending PUBLISH to healthcheck (d0, q0, r1, m0, '$SYS/broker/store/messages/count', ... (2 bytes))
1778189491: Sending PUBLISH to healthcheck (d0, q0, r1, m0, '$SYS/broker/store/messages/bytes', ... (3 bytes))
1778189491: Sending PUBLISH to healthcheck (d0, q0, r1, m0, '$SYS/broker/subscriptions/count', ... (1 bytes))
1778189491: Sending PUBLISH to healthcheck (d0, q0, r1, m0, '$SYS/broker/shared_subscriptions/count', ... (1 bytes))
1778189491: Sending PUBLISH to healthcheck (d0, q0, r1, m0, '$SYS/broker/retained messages/count', ... (2 bytes))
1778189491: Sending PUBLISH to healthcheck (d0, q0, r1, m0, '$SYS/broker/heap/current', ... (6 bytes))
1778189491: Sending PUBLISH to healthcheck (d0, q0, r1, m0, '$SYS/broker/heap/maximum', ... (6 bytes))
1778189491: Sending PUBLISH to healthcheck (d0, q0, r1, m0, '$SYS/broker/bytes/received', ... (3 bytes))
1778189491: Sending PUBLISH to healthcheck (d0, q0, r1, m0, '$SYS/broker/bytes/sent', ... (5 bytes))
1778189491: Sending PUBLISH to healthcheck (d0, q0, r1, m0, '$SYS/broker/publish/bytes/received', ... (3 bytes))
1778189491: Sending PUBLISH to healthcheck (d0, q0, r1, m0, '$SYS/broker/publish/bytes/sent', ... (4 bytes))
1778189491: Sending PUBLISH to healthcheck (d0, q0, r1, m0, '$SYS/broker/publish/messages/dropped', ... (1 bytes))
1778189491: Sending PUBLISH to healthcheck (d0, q0, r1, m0, '$SYS/broker/publish/messages/received', ... (1 bytes))
1778189491: Sending PUBLISH to healthcheck (d0, q0, r1, m0, '$SYS/broker/publish/messages/sent', ... (3 bytes))
1778189491: Sending PUBLISH to healthcheck (d0, q0, r1, m0, '$SYS/broker/packet/out/count', ... (1 bytes))
1778189491: Sending PUBLISH to healthcheck (d0, q0, r1, m0, '$SYS/broker/packet/out/bytes', ... (1 bytes))
1778189491: Sending PUBLISH to healthcheck (d0, q0, r1, m0, '$SYS/broker/connections/socket/count', ... (1 bytes))
1778189491: Sending PUBLISH to healthcheck (d0, q0, r1, m0, '$SYS/broker/load/messages/received/1min', ... (5 bytes))
1778189491: Sending PUBLISH to healthcheck (d0, q0, r1, m0, '$SYS/broker/load/messages/received/5min', ... (4 bytes))
1778189491: Sending PUBLISH to healthcheck (d0, q0, r1, m0, '$SYS/broker/load/messages/received/15min', ... (4 bytes))
1778189491: Sending PUBLISH to healthcheck (d0, q0, r1, m0, '$SYS/broker/load/messages/sent/1min', ... (6 bytes))
1778189491: Sending PUBLISH to healthcheck (d0, q0, r1, m0, '$SYS/broker/load/messages/sent/5min', ... (5 bytes))
1778189491: Sending PUBLISH to healthcheck (d0, q0, r1, m0, '$SYS/broker/load/messages/sent/15min', ... (5 bytes))
1778189491: Sending PUBLISH to healthcheck (d0, q0, r1, m0, '$SYS/broker/load/publish/dropped/1min', ... (4 bytes))
1778189491: Sending PUBLISH to healthcheck (d0, q0, r1, m0, '$SYS/broker/load/publish/dropped/5min', ... (4 bytes))
1778189491: Sending PUBLISH to healthcheck (d0, q0, r1, m0, '$SYS/broker/load/publish/dropped/15min', ... (4 bytes))
1778189491: Sending PUBLISH to healthcheck (d0, q0, r1, m0, '$SYS/broker/load/publish/received/1min', ... (4 bytes))
1778189491: Sending PUBLISH to healthcheck (d0, q0, r1, m0, '$SYS/broker/load/publish/received/5min', ... (4 bytes))
1778189491: Sending PUBLISH to healthcheck (d0, q0, r1, m0, '$SYS/broker/load/publish/received/15min', ... (4 bytes))
1778189491: Sending PUBLISH to healthcheck (d0, q0, r1, m0, '$SYS/broker/load/publish/sent/1min', ... (6 bytes))
1778189491: Sending PUBLISH to healthcheck (d0, q0, r1, m0, '$SYS/broker/load/publish/sent/5min', ... (5 bytes))
1778189491: Sending PUBLISH to healthcheck (d0, q0, r1, m0, '$SYS/broker/load/publish/sent/15min', ... (5 bytes))
1778189491: Sending PUBLISH to healthcheck (d0, q0, r1, m0, '$SYS/broker/load/bytes/received/1min', ... (6 bytes))
1778189491: Sending PUBLISH to healthcheck (d0, q0, r1, m0, '$SYS/broker/load/bytes/received/5min', ... (6 bytes))
1778189491: Sending PUBLISH to healthcheck (d0, q0, r1, m0, '$SYS/broker/load/bytes/received/15min', ... (5 bytes))
1778189491: Sending PUBLISH to healthcheck (d0, q0, r1, m0, '$SYS/broker/load/bytes/sent/1min', ... (7 bytes))
1778189491: Sending PUBLISH to healthcheck (d0, q0, r1, m0, '$SYS/broker/load/bytes/sent/5min', ... (7 bytes))
1778189491: Sending PUBLISH to healthcheck (d0, q0, r1, m0, '$SYS/broker/load/bytes/sent/15min', ... (7 bytes))
1778189491: Sending PUBLISH to healthcheck (d0, q0, r1, m0, '$SYS/broker/load/sockets/1min', ... (4 bytes))
1778189491: Sending PUBLISH to healthcheck (d0, q0, r1, m0, '$SYS/broker/load/sockets/5min', ... (4 bytes))
1778189491: Sending PUBLISH to healthcheck (d0, q0, r1, m0, '$SYS/broker/load/sockets/15min', ... (4 bytes))
1778189491: Sending PUBLISH to healthcheck (d0, q0, r1, m0, '$SYS/broker/load/connections/1min', ... (4 bytes))
1778189491: Sending PUBLISH to healthcheck (d0, q0, r1, m0, '$SYS/broker/load/connections/5min', ... (4 bytes))
1778189491: Sending PUBLISH to healthcheck (d0, q0, r1, m0, '$SYS/broker/load/connections/15min', ... (4 bytes))
1778189491: Client healthcheck [127.0.0.1:45430] disconnected: connection closed by client.
1778189500: Sending PUBLISH to mqtt-explorer-5c916486 (d0, q0, r0, m0, '$SYS/broker/uptime', ... (11 bytes))
1778189500: Sending PUBLISH to mqtt-explorer-5c916486 (d0, q0, r0, m0, '$SYS/broker/load/messages/received/1min', ... (5 bytes))
1778189500: Sending PUBLISH to mqtt-explorer-5c916486 (d0, q0, r0, m0, '$SYS/broker/load/messages/received/5min', ... (4 bytes))
1778189500: Sending PUBLISH to mqtt-explorer-5c916486 (d0, q0, r0, m0, '$SYS/broker/load/messages/received/15min', ... (4 bytes))
1778189500: Sending PUBLISH to mqtt-explorer-5c916486 (d0, q0, r0, m0, '$SYS/broker/load/messages/sent/1min', ... (6 bytes))
1778189500: Sending PUBLISH to mqtt-explorer-5c916486 (d0, q0, r0, m0, '$SYS/broker/load/messages/sent/5min', ... (5 bytes))
1778189500: Sending PUBLISH to mqtt-explorer-5c916486 (d0, q0, r0, m0, '$SYS/broker/load/messages/sent/15min', ... (5 bytes))
1778189500: Sending PUBLISH to mqtt-explorer-5c916486 (d0, q0, r0, m0, '$SYS/broker/load/publish/received/1min', ... (4 bytes))
1778189500: Sending PUBLISH to mqtt-explorer-5c916486 (d0, q0, r0, m0, '$SYS/broker/load/publish/received/5min', ... (4 bytes))
1778189500: Sending PUBLISH to mqtt-explorer-5c916486 (d0, q0, r0, m0, '$SYS/broker/load/publish/sent/1min', ... (6 bytes))
1778189500: Sending PUBLISH to mqtt-explorer-5c916486 (d0, q0, r0, m0, '$SYS/broker/load/publish/sent/5min', ... (5 bytes))
1778189500: Sending PUBLISH to mqtt-explorer-5c916486 (d0, q0, r0, m0, '$SYS/broker/load/publish/sent/15min', ... (5 bytes))
1778189500: Sending PUBLISH to mqtt-explorer-5c916486 (d0, q0, r0, m0, '$SYS/broker/load/bytes/received/1min', ... (6 bytes))
1778189500: Sending PUBLISH to mqtt-explorer-5c916486 (d0, q0, r0, m0, '$SYS/broker/load/bytes/received/5min', ... (6 bytes))
1778189500: Sending PUBLISH to mqtt-explorer-5c916486 (d0, q0, r0, m0, '$SYS/broker/load/bytes/received/15min', ... (5 bytes))
1778189500: Sending PUBLISH to mqtt-explorer-5c916486 (d0, q0, r0, m0, '$SYS/broker/load/bytes/sent/1min', ... (7 bytes))
1778189500: Sending PUBLISH to mqtt-explorer-5c916486 (d0, q0, r0, m0, '$SYS/broker/load/bytes/sent/5min', ... (7 bytes))
1778189500: Sending PUBLISH to mqtt-explorer-5c916486 (d0, q0, r0, m0, '$SYS/broker/load/bytes/sent/15min', ... (7 bytes))
1778189500: Sending PUBLISH to mqtt-explorer-5c916486 (d0, q0, r0, m0, '$SYS/broker/load/sockets/1min', ... (4 bytes))
1778189500: Sending PUBLISH to mqtt-explorer-5c916486 (d0, q0, r0, m0, '$SYS/broker/load/sockets/5min', ... (4 bytes))
1778189500: Sending PUBLISH to mqtt-explorer-5c916486 (d0, q0, r0, m0, '$SYS/broker/load/sockets/15min', ... (4 bytes))
1778189500: Sending PUBLISH to mqtt-explorer-5c916486 (d0, q0, r0, m0, '$SYS/broker/load/connections/1min', ... (4 bytes))
1778189500: Sending PUBLISH to mqtt-explorer-5c916486 (d0, q0, r0, m0, '$SYS/broker/load/connections/5min', ... (4 bytes))
1778189500: Sending PUBLISH to mqtt-explorer-5c916486 (d0, q0, r0, m0, '$SYS/broker/load/connections/15min', ... (4 bytes))
1778189500: Sending PUBLISH to mqtt-explorer-5c916486 (d0, q0, r0, m0, '$SYS/broker/heap/maximum', ... (6 bytes))
1778189500: Sending PUBLISH to mqtt-explorer-5c916486 (d0, q0, r0, m0, '$SYS/broker/messages/received', ... (2 bytes))
1778189500: Sending PUBLISH to mqtt-explorer-5c916486 (d0, q0, r0, m0, '$SYS/broker/messages/sent', ... (3 bytes))
1778189500: Sending PUBLISH to mqtt-explorer-5c916486 (d0, q0, r0, m0, '$SYS/broker/bytes/received', ... (3 bytes))
1778189500: Sending PUBLISH to mqtt-explorer-5c916486 (d0, q0, r0, m0, '$SYS/broker/bytes/sent', ... (5 bytes))
1778189500: Sending PUBLISH to mqtt-explorer-5c916486 (d0, q0, r0, m0, '$SYS/broker/publish/bytes/sent', ... (4 bytes))
1778189500: Sending PUBLISH to mqtt-explorer-5c916486 (d0, q0, r0, m0, '$SYS/broker/connections/socket/count', ... (1 bytes))
1778189500: Sending PUBLISH to mqtt-explorer-5c916486 (d0, q0, r0, m0, '$SYS/broker/publish/messages/sent', ... (3 bytes))
1778189510: Sending PUBLISH to mqtt-explorer-5c916486 (d0, q0, r0, m0, '$SYS/broker/uptime', ... (11 bytes))
1778189510: Sending PUBLISH to mqtt-explorer-5c916486 (d0, q0, r0, m0, '$SYS/broker/load/messages/received/1min', ... (4 bytes))
1778189510: Sending PUBLISH to mqtt-explorer-5c916486 (d0, q0, r0, m0, '$SYS/broker/load/messages/received/5min', ... (4 bytes))
1778189510: Sending PUBLISH to mqtt-explorer-5c916486 (d0, q0, r0, m0, '$SYS/broker/load/messages/received/15min', ... (4 bytes))
1778189510: Sending PUBLISH to mqtt-explorer-5c916486 (d0, q0, r0, m0, '$SYS/broker/load/messages/sent/1min', ... (6 bytes))
1778189510: Sending PUBLISH to mqtt-explorer-5c916486 (d0, q0, r0, m0, '$SYS/broker/load/messages/sent/5min', ... (5 bytes))
1778189510: Sending PUBLISH to mqtt-explorer-5c916486 (d0, q0, r0, m0, '$SYS/broker/load/messages/sent/15min', ... (5 bytes))
1778189510: Sending PUBLISH to mqtt-explorer-5c916486 (d0, q0, r0, m0, '$SYS/broker/load/publish/received/1min', ... (4 bytes))
1778189510: Sending PUBLISH to mqtt-explorer-5c916486 (d0, q0, r0, m0, '$SYS/broker/load/publish/received/5min', ... (4 bytes))
1778189510: Sending PUBLISH to mqtt-explorer-5c916486 (d0, q0, r0, m0, '$SYS/broker/load/publish/sent/1min', ... (6 bytes))
1778189510: Sending PUBLISH to mqtt-explorer-5c916486 (d0, q0, r0, m0, '$SYS/broker/load/publish/sent/5min', ... (5 bytes))
1778189510: Sending PUBLISH to mqtt-explorer-5c916486 (d0, q0, r0, m0, '$SYS/broker/load/publish/sent/15min', ... (5 bytes))
1778189510: Sending PUBLISH to mqtt-explorer-5c916486 (d0, q0, r0, m0, '$SYS/broker/load/bytes/received/1min', ... (6 bytes))
1778189510: Sending PUBLISH to mqtt-explorer-5c916486 (d0, q0, r0, m0, '$SYS/broker/load/bytes/received/5min', ... (6 bytes))
1778189510: Sending PUBLISH to mqtt-explorer-5c916486 (d0, q0, r0, m0, '$SYS/broker/load/bytes/received/15min', ... (5 bytes))
1778189510: Sending PUBLISH to mqtt-explorer-5c916486 (d0, q0, r0, m0, '$SYS/broker/load/bytes/sent/1min', ... (7 bytes))
1778189510: Sending PUBLISH to mqtt-explorer-5c916486 (d0, q0, r0, m0, '$SYS/broker/load/bytes/sent/5min', ... (7 bytes))
1778189510: Sending PUBLISH to mqtt-explorer-5c916486 (d0, q0, r0, m0, '$SYS/broker/load/bytes/sent/15min', ... (7 bytes))
1778189510: Sending PUBLISH to mqtt-explorer-5c916486 (d0, q0, r0, m0, '$SYS/broker/load/sockets/1min', ... (4 bytes))
1778189510: Sending PUBLISH to mqtt-explorer-5c916486 (d0, q0, r0, m0, '$SYS/broker/load/sockets/5min', ... (4 bytes))
1778189510: Sending PUBLISH to mqtt-explorer-5c916486 (d0, q0, r0, m0, '$SYS/broker/load/connections/1min', ... (4 bytes))
1778189510: Sending PUBLISH to mqtt-explorer-5c916486 (d0, q0, r0, m0, '$SYS/broker/load/connections/5min', ... (4 bytes))
1778189510: Sending PUBLISH to mqtt-explorer-5c916486 (d0, q0, r0, m0, '$SYS/broker/messages/sent', ... (3 bytes))
1778189510: Sending PUBLISH to mqtt-explorer-5c916486 (d0, q0, r0, m0, '$SYS/broker/bytes/sent', ... (5 bytes))
1778189510: Sending PUBLISH to mqtt-explorer-5c916486 (d0, q0, r0, m0, '$SYS/broker/publish/bytes/sent', ... (4 bytes))
1778189510: Sending PUBLISH to mqtt-explorer-5c916486 (d0, q0, r0, m0, '$SYS/broker/publish/messages/sent', ... (3 bytes))
1778189520: Sending PUBLISH to mqtt-explorer-5c916486 (d0, q0, r0, m0, '$SYS/broker/uptime', ... (11 bytes))
1778189520: Sending PUBLISH to mqtt-explorer-5c916486 (d0, q0, r0, m0, '$SYS/broker/load/messages/received/1min', ... (4 bytes))
1778189520: Sending PUBLISH to mqtt-explorer-5c916486 (d0, q0, r0, m0, '$SYS/broker/load/messages/received/5min', ... (4 bytes))
1778189520: Sending PUBLISH to mqtt-explorer-5c916486 (d0, q0, r0, m0, '$SYS/broker/load/messages/received/15min', ... (4 bytes))
1778189520: Sending PUBLISH to mqtt-explorer-5c916486 (d0, q0, r0, m0, '$SYS/broker/load/messages/sent/1min', ... (6 bytes))
1778189520: Sending PUBLISH to mqtt-explorer-5c916486 (d0, q0, r0, m0, '$SYS/broker/load/messages/sent/5min', ... (5 bytes))
1778189520: Sending PUBLISH to mqtt-explorer-5c916486 (d0, q0, r0, m0, '$SYS/broker/load/messages/sent/15min', ... (5 bytes))
1778189520: Sending PUBLISH to mqtt-explorer-5c916486 (d0, q0, r0, m0, '$SYS/broker/load/publish/received/1min', ... (4 bytes))
1778189520: Sending PUBLISH to mqtt-explorer-5c916486 (d0, q0, r0, m0, '$SYS/broker/load/publish/received/5min', ... (4 bytes))
1778189520: Sending PUBLISH to mqtt-explorer-5c916486 (d0, q0, r0, m0, '$SYS/broker/load/publish/sent/1min', ... (6 bytes))
1778189520: Sending PUBLISH to mqtt-explorer-5c916486 (d0, q0, r0, m0, '$SYS/broker/load/publish/sent/5min', ... (5 bytes))
1778189520: Sending PUBLISH to mqtt-explorer-5c916486 (d0, q0, r0, m0, '$SYS/broker/load/publish/sent/15min', ... (5 bytes))
1778189520: Sending PUBLISH to mqtt-explorer-5c916486 (d0, q0, r0, m0, '$SYS/broker/load/bytes/received/1min', ... (6 bytes))
1778189520: Sending PUBLISH to mqtt-explorer-5c916486 (d0, q0, r0, m0, '$SYS/broker/load/bytes/received/5min', ... (6 bytes))
1778189520: Sending PUBLISH to mqtt-explorer-5c916486 (d0, q0, r0, m0, '$SYS/broker/load/bytes/received/15min', ... (5 bytes))
1778189520: Sending PUBLISH to mqtt-explorer-5c916486 (d0, q0, r0, m0, '$SYS/broker/load/bytes/sent/1min', ... (7 bytes))
1778189520: Sending PUBLISH to mqtt-explorer-5c916486 (d0, q0, r0, m0, '$SYS/broker/load/bytes/sent/5min', ... (7 bytes))
1778189520: Sending PUBLISH to mqtt-explorer-5c916486 (d0, q0, r0, m0, '$SYS/broker/load/bytes/sent/15min', ... (7 bytes))
1778189520: Sending PUBLISH to mqtt-explorer-5c916486 (d0, q0, r0, m0, '$SYS/broker/load/sockets/1min', ... (4 bytes))
1778189520: Sending PUBLISH to mqtt-explorer-5c916486 (d0, q0, r0, m0, '$SYS/broker/load/sockets/5min', ... (4 bytes))
1778189520: Sending PUBLISH to mqtt-explorer-5c916486 (d0, q0, r0, m0, '$SYS/broker/load/connections/1min', ... (4 bytes))
1778189520: Sending PUBLISH to mqtt-explorer-5c916486 (d0, q0, r0, m0, '$SYS/broker/load/connections/5min', ... (4 bytes))
1778189520: Sending PUBLISH to mqtt-explorer-5c916486 (d0, q0, r0, m0, '$SYS/broker/store/messages/bytes', ... (3 bytes))
1778189520: Sending PUBLISH to mqtt-explorer-5c916486 (d0, q0, r0, m0, '$SYS/broker/heap/current', ... (6 bytes))
1778189520: Sending PUBLISH to mqtt-explorer-5c916486 (d0, q0, r0, m0, '$SYS/broker/messages/sent', ... (3 bytes))
1778189520: Sending PUBLISH to mqtt-explorer-5c916486 (d0, q0, r0, m0, '$SYS/broker/bytes/sent', ... (5 bytes))
1778189520: Sending PUBLISH to mqtt-explorer-5c916486 (d0, q0, r0, m0, '$SYS/broker/publish/bytes/sent', ... (4 bytes))
1778189520: Sending PUBLISH to mqtt-explorer-5c916486 (d0, q0, r0, m0, '$SYS/broker/publish/messages/sent', ... (3 bytes))
1778189521: New connection from 127.0.0.1:51168 on port 1883.
1778189521: New client connected from 127.0.0.1:51168 as healthcheck (p4, c1, k60).
1778189521: No will message specified.
1778189521: Sending CONNACK to healthcheck (0, 0)
1778189521: Received SUBSCRIBE from healthcheck
1778189521: 	$SYS/# (QoS 0)
1778189521: healthcheck 0 $SYS/#
1778189521: Sending SUBACK to healthcheck
1778189521: Sending PUBLISH to healthcheck (d0, q0, r1, m0, '$SYS/broker/version', ... (23 bytes))
1778189521: Sending PUBLISH to healthcheck (d0, q0, r1, m0, '$SYS/broker/uptime', ... (11 bytes))
1778189521: Sending PUBLISH to healthcheck (d0, q0, r1, m0, '$SYS/broker/clients/total', ... (1 bytes))
1778189521: Sending PUBLISH to healthcheck (d0, q0, r1, m0, '$SYS/broker/clients/disconnected', ... (1 bytes))
1778189521: Sending PUBLISH to healthcheck (d0, q0, r1, m0, '$SYS/broker/clients/inactive', ... (1 bytes))
1778189521: Sending PUBLISH to healthcheck (d0, q0, r1, m0, '$SYS/broker/clients/connected', ... (1 bytes))
1778189521: Sending PUBLISH to healthcheck (d0, q0, r1, m0, '$SYS/broker/clients/active', ... (1 bytes))
1778189521: Sending PUBLISH to healthcheck (d0, q0, r1, m0, '$SYS/broker/clients/expired', ... (1 bytes))
1778189521: Sending PUBLISH to healthcheck (d0, q0, r1, m0, '$SYS/broker/clients/maximum', ... (1 bytes))
1778189521: Sending PUBLISH to healthcheck (d0, q0, r1, m0, '$SYS/broker/messages/stored', ... (2 bytes))
1778189521: Sending PUBLISH to healthcheck (d0, q0, r1, m0, '$SYS/broker/messages/received', ... (2 bytes))
1778189521: Sending PUBLISH to healthcheck (d0, q0, r1, m0, '$SYS/broker/messages/sent', ... (3 bytes))
1778189521: Sending PUBLISH to healthcheck (d0, q0, r1, m0, '$SYS/broker/store/messages/count', ... (2 bytes))
1778189521: Sending PUBLISH to healthcheck (d0, q0, r1, m0, '$SYS/broker/store/messages/bytes', ... (3 bytes))
1778189521: Sending PUBLISH to healthcheck (d0, q0, r1, m0, '$SYS/broker/subscriptions/count', ... (1 bytes))
1778189521: Sending PUBLISH to healthcheck (d0, q0, r1, m0, '$SYS/broker/shared_subscriptions/count', ... (1 bytes))
1778189521: Sending PUBLISH to healthcheck (d0, q0, r1, m0, '$SYS/broker/retained messages/count', ... (2 bytes))
1778189521: Sending PUBLISH to healthcheck (d0, q0, r1, m0, '$SYS/broker/heap/current', ... (6 bytes))
1778189521: Sending PUBLISH to healthcheck (d0, q0, r1, m0, '$SYS/broker/heap/maximum', ... (6 bytes))
1778189521: Sending PUBLISH to healthcheck (d0, q0, r1, m0, '$SYS/broker/bytes/received', ... (3 bytes))
1778189521: Sending PUBLISH to healthcheck (d0, q0, r1, m0, '$SYS/broker/bytes/sent', ... (5 bytes))
1778189521: Sending PUBLISH to healthcheck (d0, q0, r1, m0, '$SYS/broker/publish/bytes/received', ... (3 bytes))
1778189521: Sending PUBLISH to healthcheck (d0, q0, r1, m0, '$SYS/broker/publish/bytes/sent', ... (4 bytes))
1778189521: Sending PUBLISH to healthcheck (d0, q0, r1, m0, '$SYS/broker/publish/messages/dropped', ... (1 bytes))
1778189521: Sending PUBLISH to healthcheck (d0, q0, r1, m0, '$SYS/broker/publish/messages/received', ... (1 bytes))
1778189521: Sending PUBLISH to healthcheck (d0, q0, r1, m0, '$SYS/broker/publish/messages/sent', ... (3 bytes))
1778189521: Sending PUBLISH to healthcheck (d0, q0, r1, m0, '$SYS/broker/packet/out/count', ... (1 bytes))
1778189521: Sending PUBLISH to healthcheck (d0, q0, r1, m0, '$SYS/broker/packet/out/bytes', ... (1 bytes))
1778189521: Sending PUBLISH to healthcheck (d0, q0, r1, m0, '$SYS/broker/connections/socket/count', ... (1 bytes))
1778189521: Sending PUBLISH to healthcheck (d0, q0, r1, m0, '$SYS/broker/load/messages/received/1min', ... (4 bytes))
1778189521: Sending PUBLISH to healthcheck (d0, q0, r1, m0, '$SYS/broker/load/messages/received/5min', ... (4 bytes))
1778189521: Sending PUBLISH to healthcheck (d0, q0, r1, m0, '$SYS/broker/load/messages/received/15min', ... (4 bytes))
1778189521: Sending PUBLISH to healthcheck (d0, q0, r1, m0, '$SYS/broker/load/messages/sent/1min', ... (6 bytes))
1778189521: Sending PUBLISH to healthcheck (d0, q0, r1, m0, '$SYS/broker/load/messages/sent/5min', ... (5 bytes))
1778189521: Sending PUBLISH to healthcheck (d0, q0, r1, m0, '$SYS/broker/load/messages/sent/15min', ... (5 bytes))
1778189521: Sending PUBLISH to healthcheck (d0, q0, r1, m0, '$SYS/broker/load/publish/dropped/1min', ... (4 bytes))
1778189521: Sending PUBLISH to healthcheck (d0, q0, r1, m0, '$SYS/broker/load/publish/dropped/5min', ... (4 bytes))
1778189521: Sending PUBLISH to healthcheck (d0, q0, r1, m0, '$SYS/broker/load/publish/dropped/15min', ... (4 bytes))
1778189521: Sending PUBLISH to healthcheck (d0, q0, r1, m0, '$SYS/broker/load/publish/received/1min', ... (4 bytes))
1778189521: Sending PUBLISH to healthcheck (d0, q0, r1, m0, '$SYS/broker/load/publish/received/5min', ... (4 bytes))
1778189521: Sending PUBLISH to healthcheck (d0, q0, r1, m0, '$SYS/broker/load/publish/received/15min', ... (4 bytes))
1778189521: Sending PUBLISH to healthcheck (d0, q0, r1, m0, '$SYS/broker/load/publish/sent/1min', ... (6 bytes))
1778189521: Sending PUBLISH to healthcheck (d0, q0, r1, m0, '$SYS/broker/load/publish/sent/5min', ... (5 bytes))
1778189521: Sending PUBLISH to healthcheck (d0, q0, r1, m0, '$SYS/broker/load/publish/sent/15min', ... (5 bytes))
1778189521: Sending PUBLISH to healthcheck (d0, q0, r1, m0, '$SYS/broker/load/bytes/received/1min', ... (6 bytes))
1778189521: Sending PUBLISH to healthcheck (d0, q0, r1, m0, '$SYS/broker/load/bytes/received/5min', ... (6 bytes))
1778189521: Sending PUBLISH to healthcheck (d0, q0, r1, m0, '$SYS/broker/load/bytes/received/15min', ... (5 bytes))
1778189521: Sending PUBLISH to healthcheck (d0, q0, r1, m0, '$SYS/broker/load/bytes/sent/1min', ... (7 bytes))
1778189521: Sending PUBLISH to healthcheck (d0, q0, r1, m0, '$SYS/broker/load/bytes/sent/5min', ... (7 bytes))
1778189521: Sending PUBLISH to healthcheck (d0, q0, r1, m0, '$SYS/broker/load/bytes/sent/15min', ... (7 bytes))
1778189521: Sending PUBLISH to healthcheck (d0, q0, r1, m0, '$SYS/broker/load/sockets/1min', ... (4 bytes))
1778189521: Sending PUBLISH to healthcheck (d0, q0, r1, m0, '$SYS/broker/load/sockets/5min', ... (4 bytes))
1778189521: Sending PUBLISH to healthcheck (d0, q0, r1, m0, '$SYS/broker/load/sockets/15min', ... (4 bytes))
1778189521: Sending PUBLISH to healthcheck (d0, q0, r1, m0, '$SYS/broker/load/connections/1min', ... (4 bytes))
1778189521: Sending PUBLISH to healthcheck (d0, q0, r1, m0, '$SYS/broker/load/connections/5min', ... (4 bytes))
1778189521: Sending PUBLISH to healthcheck (d0, q0, r1, m0, '$SYS/broker/load/connections/15min', ... (4 bytes))
1778189521: Client healthcheck [127.0.0.1:51168] disconnected: connection closed by client.
1778189525: Received PINGREQ from mqtt-explorer-5c916486
1778189525: Sending PINGRESP to mqtt-explorer-5c916486
1778189530: Sending PUBLISH to mqtt-explorer-5c916486 (d0, q0, r0, m0, '$SYS/broker/uptime', ... (11 bytes))
1778189530: Sending PUBLISH to mqtt-explorer-5c916486 (d0, q0, r0, m0, '$SYS/broker/load/messages/received/1min', ... (4 bytes))
1778189530: Sending PUBLISH to mqtt-explorer-5c916486 (d0, q0, r0, m0, '$SYS/broker/load/messages/received/5min', ... (4 bytes))
1778189530: Sending PUBLISH to mqtt-explorer-5c916486 (d0, q0, r0, m0, '$SYS/broker/load/messages/received/15min', ... (4 bytes))
1778189530: Sending PUBLISH to mqtt-explorer-5c916486 (d0, q0, r0, m0, '$SYS/broker/load/messages/sent/1min', ... (6 bytes))
1778189530: Sending PUBLISH to mqtt-explorer-5c916486 (d0, q0, r0, m0, '$SYS/broker/load/messages/sent/5min', ... (5 bytes))
1778189530: Sending PUBLISH to mqtt-explorer-5c916486 (d0, q0, r0, m0, '$SYS/broker/load/messages/sent/15min', ... (5 bytes))
1778189530: Sending PUBLISH to mqtt-explorer-5c916486 (d0, q0, r0, m0, '$SYS/broker/load/publish/received/1min', ... (4 bytes))
1778189530: Sending PUBLISH to mqtt-explorer-5c916486 (d0, q0, r0, m0, '$SYS/broker/load/publish/received/5min', ... (4 bytes))
1778189530: Sending PUBLISH to mqtt-explorer-5c916486 (d0, q0, r0, m0, '$SYS/broker/load/publish/sent/1min', ... (6 bytes))
1778189530: Sending PUBLISH to mqtt-explorer-5c916486 (d0, q0, r0, m0, '$SYS/broker/load/publish/sent/5min', ... (5 bytes))
1778189530: Sending PUBLISH to mqtt-explorer-5c916486 (d0, q0, r0, m0, '$SYS/broker/load/publish/sent/15min', ... (5 bytes))
1778189530: Sending PUBLISH to mqtt-explorer-5c916486 (d0, q0, r0, m0, '$SYS/broker/load/bytes/received/1min', ... (6 bytes))
1778189530: Sending PUBLISH to mqtt-explorer-5c916486 (d0, q0, r0, m0, '$SYS/broker/load/bytes/received/5min', ... (6 bytes))
1778189530: Sending PUBLISH to mqtt-explorer-5c916486 (d0, q0, r0, m0, '$SYS/broker/load/bytes/received/15min', ... (5 bytes))
1778189530: Sending PUBLISH to mqtt-explorer-5c916486 (d0, q0, r0, m0, '$SYS/broker/load/bytes/sent/1min', ... (7 bytes))
1778189530: Sending PUBLISH to mqtt-explorer-5c916486 (d0, q0, r0, m0, '$SYS/broker/load/bytes/sent/5min', ... (7 bytes))
1778189530: Sending PUBLISH to mqtt-explorer-5c916486 (d0, q0, r0, m0, '$SYS/broker/load/bytes/sent/15min', ... (7 bytes))
1778189530: Sending PUBLISH to mqtt-explorer-5c916486 (d0, q0, r0, m0, '$SYS/broker/load/sockets/1min', ... (4 bytes))
1778189530: Sending PUBLISH to mqtt-explorer-5c916486 (d0, q0, r0, m0, '$SYS/broker/load/sockets/5min', ... (4 bytes))
1778189530: Sending PUBLISH to mqtt-explorer-5c916486 (d0, q0, r0, m0, '$SYS/broker/load/sockets/15min', ... (4 bytes))
1778189530: Sending PUBLISH to mqtt-explorer-5c916486 (d0, q0, r0, m0, '$SYS/broker/load/connections/1min', ... (4 bytes))
1778189530: Sending PUBLISH to mqtt-explorer-5c916486 (d0, q0, r0, m0, '$SYS/broker/load/connections/5min', ... (4 bytes))
1778189530: Sending PUBLISH to mqtt-explorer-5c916486 (d0, q0, r0, m0, '$SYS/broker/load/connections/15min', ... (4 bytes))
1778189530: Sending PUBLISH to mqtt-explorer-5c916486 (d0, q0, r0, m0, '$SYS/broker/messages/received', ... (2 bytes))
1778189530: Sending PUBLISH to mqtt-explorer-5c916486 (d0, q0, r0, m0, '$SYS/broker/messages/sent', ... (3 bytes))
1778189530: Sending PUBLISH to mqtt-explorer-5c916486 (d0, q0, r0, m0, '$SYS/broker/bytes/received', ... (3 bytes))
1778189530: Sending PUBLISH to mqtt-explorer-5c916486 (d0, q0, r0, m0, '$SYS/broker/bytes/sent', ... (5 bytes))
1778189530: Sending PUBLISH to mqtt-explorer-5c916486 (d0, q0, r0, m0, '$SYS/broker/publish/bytes/sent', ... (4 bytes))
1778189530: Sending PUBLISH to mqtt-explorer-5c916486 (d0, q0, r0, m0, '$SYS/broker/connections/socket/count', ... (1 bytes))
1778189530: Sending PUBLISH to mqtt-explorer-5c916486 (d0, q0, r0, m0, '$SYS/broker/publish/messages/sent', ... (3 bytes))
1778189540: Sending PUBLISH to mqtt-explorer-5c916486 (d0, q0, r0, m0, '$SYS/broker/uptime', ... (11 bytes))
1778189540: Sending PUBLISH to mqtt-explorer-5c916486 (d0, q0, r0, m0, '$SYS/broker/load/messages/received/1min', ... (4 bytes))
1778189540: Sending PUBLISH to mqtt-explorer-5c916486 (d0, q0, r0, m0, '$SYS/broker/load/messages/received/5min', ... (4 bytes))
1778189540: Sending PUBLISH to mqtt-explorer-5c916486 (d0, q0, r0, m0, '$SYS/broker/load/messages/received/15min', ... (4 bytes))
1778189540: Sending PUBLISH to mqtt-explorer-5c916486 (d0, q0, r0, m0, '$SYS/broker/load/messages/sent/1min', ... (6 bytes))
1778189540: Sending PUBLISH to mqtt-explorer-5c916486 (d0, q0, r0, m0, '$SYS/broker/load/messages/sent/5min', ... (5 bytes))
1778189540: Sending PUBLISH to mqtt-explorer-5c916486 (d0, q0, r0, m0, '$SYS/broker/load/messages/sent/15min', ... (5 bytes))
1778189540: Sending PUBLISH to mqtt-explorer-5c916486 (d0, q0, r0, m0, '$SYS/broker/load/publish/received/1min', ... (4 bytes))
1778189540: Sending PUBLISH to mqtt-explorer-5c916486 (d0, q0, r0, m0, '$SYS/broker/load/publish/received/5min', ... (4 bytes))
1778189540: Sending PUBLISH to mqtt-explorer-5c916486 (d0, q0, r0, m0, '$SYS/broker/load/publish/sent/1min', ... (6 bytes))
1778189540: Sending PUBLISH to mqtt-explorer-5c916486 (d0, q0, r0, m0, '$SYS/broker/load/publish/sent/5min', ... (5 bytes))
1778189540: Sending PUBLISH to mqtt-explorer-5c916486 (d0, q0, r0, m0, '$SYS/broker/load/publish/sent/15min', ... (5 bytes))
1778189540: Sending PUBLISH to mqtt-explorer-5c916486 (d0, q0, r0, m0, '$SYS/broker/load/bytes/received/1min', ... (6 bytes))
1778189540: Sending PUBLISH to mqtt-explorer-5c916486 (d0, q0, r0, m0, '$SYS/broker/load/bytes/received/5min', ... (6 bytes))
1778189540: Sending PUBLISH to mqtt-explorer-5c916486 (d0, q0, r0, m0, '$SYS/broker/load/bytes/received/15min', ... (5 bytes))
1778189540: Sending PUBLISH to mqtt-explorer-5c916486 (d0, q0, r0, m0, '$SYS/broker/load/bytes/sent/1min', ... (7 bytes))
1778189540: Sending PUBLISH to mqtt-explorer-5c916486 (d0, q0, r0, m0, '$SYS/broker/load/bytes/sent/5min', ... (7 bytes))
1778189540: Sending PUBLISH to mqtt-explorer-5c916486 (d0, q0, r0, m0, '$SYS/broker/load/bytes/sent/15min', ... (7 bytes))
1778189540: Sending PUBLISH to mqtt-explorer-5c916486 (d0, q0, r0, m0, '$SYS/broker/load/sockets/1min', ... (4 bytes))
1778189540: Sending PUBLISH to mqtt-explorer-5c916486 (d0, q0, r0, m0, '$SYS/broker/load/sockets/5min', ... (4 bytes))
1778189540: Sending PUBLISH to mqtt-explorer-5c916486 (d0, q0, r0, m0, '$SYS/broker/load/connections/1min', ... (4 bytes))
1778189540: Sending PUBLISH to mqtt-explorer-5c916486 (d0, q0, r0, m0, '$SYS/broker/load/connections/5min', ... (4 bytes))
1778189540: Sending PUBLISH to mqtt-explorer-5c916486 (d0, q0, r0, m0, '$SYS/broker/messages/sent', ... (3 bytes))
1778189540: Sending PUBLISH to mqtt-explorer-5c916486 (d0, q0, r0, m0, '$SYS/broker/bytes/sent', ... (5 bytes))
1778189540: Sending PUBLISH to mqtt-explorer-5c916486 (d0, q0, r0, m0, '$SYS/broker/publish/bytes/sent', ... (4 bytes))
1778189540: Sending PUBLISH to mqtt-explorer-5c916486 (d0, q0, r0, m0, '$SYS/broker/publish/messages/sent', ... (3 bytes))
1778189550: Sending PUBLISH to mqtt-explorer-5c916486 (d0, q0, r0, m0, '$SYS/broker/uptime', ... (11 bytes))
1778189550: Sending PUBLISH to mqtt-explorer-5c916486 (d0, q0, r0, m0, '$SYS/broker/load/messages/received/1min', ... (4 bytes))
1778189550: Sending PUBLISH to mqtt-explorer-5c916486 (d0, q0, r0, m0, '$SYS/broker/load/messages/received/5min', ... (4 bytes))
1778189550: Sending PUBLISH to mqtt-explorer-5c916486 (d0, q0, r0, m0, '$SYS/broker/load/messages/received/15min', ... (4 bytes))
1778189550: Sending PUBLISH to mqtt-explorer-5c916486 (d0, q0, r0, m0, '$SYS/broker/load/messages/sent/1min', ... (6 bytes))
1778189550: Sending PUBLISH to mqtt-explorer-5c916486 (d0, q0, r0, m0, '$SYS/broker/load/messages/sent/5min', ... (5 bytes))
1778189550: Sending PUBLISH to mqtt-explorer-5c916486 (d0, q0, r0, m0, '$SYS/broker/load/messages/sent/15min', ... (5 bytes))
1778189550: Sending PUBLISH to mqtt-explorer-5c916486 (d0, q0, r0, m0, '$SYS/broker/load/publish/received/1min', ... (4 bytes))
1778189550: Sending PUBLISH to mqtt-explorer-5c916486 (d0, q0, r0, m0, '$SYS/broker/load/publish/received/5min', ... (4 bytes))
1778189550: Sending PUBLISH to mqtt-explorer-5c916486 (d0, q0, r0, m0, '$SYS/broker/load/publish/sent/1min', ... (6 bytes))
1778189550: Sending PUBLISH to mqtt-explorer-5c916486 (d0, q0, r0, m0, '$SYS/broker/load/publish/sent/5min', ... (5 bytes))
1778189550: Sending PUBLISH to mqtt-explorer-5c916486 (d0, q0, r0, m0, '$SYS/broker/load/publish/sent/15min', ... (5 bytes))
1778189550: Sending PUBLISH to mqtt-explorer-5c916486 (d0, q0, r0, m0, '$SYS/broker/load/bytes/received/1min', ... (6 bytes))
1778189550: Sending PUBLISH to mqtt-explorer-5c916486 (d0, q0, r0, m0, '$SYS/broker/load/bytes/received/5min', ... (6 bytes))
1778189550: Sending PUBLISH to mqtt-explorer-5c916486 (d0, q0, r0, m0, '$SYS/broker/load/bytes/received/15min', ... (5 bytes))
1778189550: Sending PUBLISH to mqtt-explorer-5c916486 (d0, q0, r0, m0, '$SYS/broker/load/bytes/sent/1min', ... (7 bytes))
1778189550: Sending PUBLISH to mqtt-explorer-5c916486 (d0, q0, r0, m0, '$SYS/broker/load/bytes/sent/5min', ... (7 bytes))
1778189550: Sending PUBLISH to mqtt-explorer-5c916486 (d0, q0, r0, m0, '$SYS/broker/load/bytes/sent/15min', ... (7 bytes))
1778189550: Sending PUBLISH to mqtt-explorer-5c916486 (d0, q0, r0, m0, '$SYS/broker/load/sockets/1min', ... (4 bytes))
1778189550: Sending PUBLISH to mqtt-explorer-5c916486 (d0, q0, r0, m0, '$SYS/broker/load/sockets/5min', ... (4 bytes))
1778189550: Sending PUBLISH to mqtt-explorer-5c916486 (d0, q0, r0, m0, '$SYS/broker/load/connections/1min', ... (4 bytes))
1778189550: Sending PUBLISH to mqtt-explorer-5c916486 (d0, q0, r0, m0, '$SYS/broker/load/connections/5min', ... (4 bytes))
1778189550: Sending PUBLISH to mqtt-explorer-5c916486 (d0, q0, r0, m0, '$SYS/broker/messages/sent', ... (3 bytes))
1778189550: Sending PUBLISH to mqtt-explorer-5c916486 (d0, q0, r0, m0, '$SYS/broker/bytes/sent', ... (5 bytes))
1778189550: Sending PUBLISH to mqtt-explorer-5c916486 (d0, q0, r0, m0, '$SYS/broker/publish/bytes/sent', ... (4 bytes))
1778189550: Sending PUBLISH to mqtt-explorer-5c916486 (d0, q0, r0, m0, '$SYS/broker/publish/messages/sent', ... (3 bytes))
1778189551: New connection from 127.0.0.1:60934 on port 1883.
1778189551: New client connected from 127.0.0.1:60934 as healthcheck (p4, c1, k60).
1778189551: No will message specified.
1778189551: Sending CONNACK to healthcheck (0, 0)
1778189551: Received SUBSCRIBE from healthcheck
1778189551: 	$SYS/# (QoS 0)
1778189551: healthcheck 0 $SYS/#
1778189551: Sending SUBACK to healthcheck
1778189551: Sending PUBLISH to healthcheck (d0, q0, r1, m0, '$SYS/broker/version', ... (23 bytes))
1778189551: Sending PUBLISH to healthcheck (d0, q0, r1, m0, '$SYS/broker/uptime', ... (11 bytes))
1778189551: Sending PUBLISH to healthcheck (d0, q0, r1, m0, '$SYS/broker/clients/total', ... (1 bytes))
1778189551: Sending PUBLISH to healthcheck (d0, q0, r1, m0, '$SYS/broker/clients/disconnected', ... (1 bytes))
1778189551: Sending PUBLISH to healthcheck (d0, q0, r1, m0, '$SYS/broker/clients/inactive', ... (1 bytes))
1778189551: Sending PUBLISH to healthcheck (d0, q0, r1, m0, '$SYS/broker/clients/connected', ... (1 bytes))
1778189551: Sending PUBLISH to healthcheck (d0, q0, r1, m0, '$SYS/broker/clients/active', ... (1 bytes))
1778189551: Sending PUBLISH to healthcheck (d0, q0, r1, m0, '$SYS/broker/clients/expired', ... (1 bytes))
1778189551: Sending PUBLISH to healthcheck (d0, q0, r1, m0, '$SYS/broker/clients/maximum', ... (1 bytes))
1778189551: Sending PUBLISH to healthcheck (d0, q0, r1, m0, '$SYS/broker/messages/stored', ... (2 bytes))
1778189551: Sending PUBLISH to healthcheck (d0, q0, r1, m0, '$SYS/broker/messages/received', ... (2 bytes))
1778189551: Sending PUBLISH to healthcheck (d0, q0, r1, m0, '$SYS/broker/messages/sent', ... (3 bytes))
1778189551: Sending PUBLISH to healthcheck (d0, q0, r1, m0, '$SYS/broker/store/messages/count', ... (2 bytes))
1778189551: Sending PUBLISH to healthcheck (d0, q0, r1, m0, '$SYS/broker/store/messages/bytes', ... (3 bytes))
1778189551: Sending PUBLISH to healthcheck (d0, q0, r1, m0, '$SYS/broker/subscriptions/count', ... (1 bytes))
1778189551: Sending PUBLISH to healthcheck (d0, q0, r1, m0, '$SYS/broker/shared_subscriptions/count', ... (1 bytes))
1778189551: Sending PUBLISH to healthcheck (d0, q0, r1, m0, '$SYS/broker/retained messages/count', ... (2 bytes))
1778189551: Sending PUBLISH to healthcheck (d0, q0, r1, m0, '$SYS/broker/heap/current', ... (6 bytes))
1778189551: Sending PUBLISH to healthcheck (d0, q0, r1, m0, '$SYS/broker/heap/maximum', ... (6 bytes))
1778189551: Sending PUBLISH to healthcheck (d0, q0, r1, m0, '$SYS/broker/bytes/received', ... (3 bytes))
1778189551: Sending PUBLISH to healthcheck (d0, q0, r1, m0, '$SYS/broker/bytes/sent', ... (5 bytes))
1778189551: Sending PUBLISH to healthcheck (d0, q0, r1, m0, '$SYS/broker/publish/bytes/received', ... (3 bytes))
1778189551: Sending PUBLISH to healthcheck (d0, q0, r1, m0, '$SYS/broker/publish/bytes/sent', ... (4 bytes))
1778189551: Sending PUBLISH to healthcheck (d0, q0, r1, m0, '$SYS/broker/publish/messages/dropped', ... (1 bytes))
1778189551: Sending PUBLISH to healthcheck (d0, q0, r1, m0, '$SYS/broker/publish/messages/received', ... (1 bytes))
1778189551: Sending PUBLISH to healthcheck (d0, q0, r1, m0, '$SYS/broker/publish/messages/sent', ... (3 bytes))
1778189551: Sending PUBLISH to healthcheck (d0, q0, r1, m0, '$SYS/broker/packet/out/count', ... (1 bytes))
1778189551: Sending PUBLISH to healthcheck (d0, q0, r1, m0, '$SYS/broker/packet/out/bytes', ... (1 bytes))
1778189551: Sending PUBLISH to healthcheck (d0, q0, r1, m0, '$SYS/broker/connections/socket/count', ... (1 bytes))
1778189551: Sending PUBLISH to healthcheck (d0, q0, r1, m0, '$SYS/broker/load/messages/received/1min', ... (4 bytes))
1778189551: Sending PUBLISH to healthcheck (d0, q0, r1, m0, '$SYS/broker/load/messages/received/5min', ... (4 bytes))
1778189551: Sending PUBLISH to healthcheck (d0, q0, r1, m0, '$SYS/broker/load/messages/received/15min', ... (4 bytes))
1778189551: Sending PUBLISH to healthcheck (d0, q0, r1, m0, '$SYS/broker/load/messages/sent/1min', ... (6 bytes))
1778189551: Sending PUBLISH to healthcheck (d0, q0, r1, m0, '$SYS/broker/load/messages/sent/5min', ... (5 bytes))
1778189551: Sending PUBLISH to healthcheck (d0, q0, r1, m0, '$SYS/broker/load/messages/sent/15min', ... (5 bytes))
1778189551: Sending PUBLISH to healthcheck (d0, q0, r1, m0, '$SYS/broker/load/publish/dropped/1min', ... (4 bytes))
1778189551: Sending PUBLISH to healthcheck (d0, q0, r1, m0, '$SYS/broker/load/publish/dropped/5min', ... (4 bytes))
1778189551: Sending PUBLISH to healthcheck (d0, q0, r1, m0, '$SYS/broker/load/publish/dropped/15min', ... (4 bytes))
1778189551: Sending PUBLISH to healthcheck (d0, q0, r1, m0, '$SYS/broker/load/publish/received/1min', ... (4 bytes))
1778189551: Sending PUBLISH to healthcheck (d0, q0, r1, m0, '$SYS/broker/load/publish/received/5min', ... (4 bytes))
1778189551: Sending PUBLISH to healthcheck (d0, q0, r1, m0, '$SYS/broker/load/publish/received/15min', ... (4 bytes))
1778189551: Sending PUBLISH to healthcheck (d0, q0, r1, m0, '$SYS/broker/load/publish/sent/1min', ... (6 bytes))
1778189551: Sending PUBLISH to healthcheck (d0, q0, r1, m0, '$SYS/broker/load/publish/sent/5min', ... (5 bytes))
1778189551: Sending PUBLISH to healthcheck (d0, q0, r1, m0, '$SYS/broker/load/publish/sent/15min', ... (5 bytes))
1778189551: Sending PUBLISH to healthcheck (d0, q0, r1, m0, '$SYS/broker/load/bytes/received/1min', ... (6 bytes))
1778189551: Sending PUBLISH to healthcheck (d0, q0, r1, m0, '$SYS/broker/load/bytes/received/5min', ... (6 bytes))
1778189551: Sending PUBLISH to healthcheck (d0, q0, r1, m0, '$SYS/broker/load/bytes/received/15min', ... (5 bytes))
1778189551: Sending PUBLISH to healthcheck (d0, q0, r1, m0, '$SYS/broker/load/bytes/sent/1min', ... (7 bytes))
1778189551: Sending PUBLISH to healthcheck (d0, q0, r1, m0, '$SYS/broker/load/bytes/sent/5min', ... (7 bytes))
1778189551: Sending PUBLISH to healthcheck (d0, q0, r1, m0, '$SYS/broker/load/bytes/sent/15min', ... (7 bytes))
1778189551: Sending PUBLISH to healthcheck (d0, q0, r1, m0, '$SYS/broker/load/sockets/1min', ... (4 bytes))
1778189551: Sending PUBLISH to healthcheck (d0, q0, r1, m0, '$SYS/broker/load/sockets/5min', ... (4 bytes))
1778189551: Sending PUBLISH to healthcheck (d0, q0, r1, m0, '$SYS/broker/load/sockets/15min', ... (4 bytes))
1778189551: Sending PUBLISH to healthcheck (d0, q0, r1, m0, '$SYS/broker/load/connections/1min', ... (4 bytes))
1778189551: Sending PUBLISH to healthcheck (d0, q0, r1, m0, '$SYS/broker/load/connections/5min', ... (4 bytes))
1778189551: Sending PUBLISH to healthcheck (d0, q0, r1, m0, '$SYS/broker/load/connections/15min', ... (4 bytes))
1778189551: Client healthcheck [127.0.0.1:60934] disconnected: connection closed by client.
1778189560: Sending PUBLISH to mqtt-explorer-5c916486 (d0, q0, r0, m0, '$SYS/broker/uptime', ... (11 bytes))
1778189560: Sending PUBLISH to mqtt-explorer-5c916486 (d0, q0, r0, m0, '$SYS/broker/load/messages/received/1min', ... (4 bytes))
1778189560: Sending PUBLISH to mqtt-explorer-5c916486 (d0, q0, r0, m0, '$SYS/broker/load/messages/received/5min', ... (4 bytes))
1778189560: Sending PUBLISH to mqtt-explorer-5c916486 (d0, q0, r0, m0, '$SYS/broker/load/messages/received/15min', ... (4 bytes))
1778189560: Sending PUBLISH to mqtt-explorer-5c916486 (d0, q0, r0, m0, '$SYS/broker/load/messages/sent/1min', ... (6 bytes))
1778189560: Sending PUBLISH to mqtt-explorer-5c916486 (d0, q0, r0, m0, '$SYS/broker/load/messages/sent/5min', ... (5 bytes))
1778189560: Sending PUBLISH to mqtt-explorer-5c916486 (d0, q0, r0, m0, '$SYS/broker/load/messages/sent/15min', ... (5 bytes))
1778189560: Sending PUBLISH to mqtt-explorer-5c916486 (d0, q0, r0, m0, '$SYS/broker/load/publish/received/1min', ... (4 bytes))
1778189560: Sending PUBLISH to mqtt-explorer-5c916486 (d0, q0, r0, m0, '$SYS/broker/load/publish/received/5min', ... (4 bytes))
1778189560: Sending PUBLISH to mqtt-explorer-5c916486 (d0, q0, r0, m0, '$SYS/broker/load/publish/sent/1min', ... (6 bytes))
1778189560: Sending PUBLISH to mqtt-explorer-5c916486 (d0, q0, r0, m0, '$SYS/broker/load/publish/sent/5min', ... (5 bytes))
1778189560: Sending PUBLISH to mqtt-explorer-5c916486 (d0, q0, r0, m0, '$SYS/broker/load/publish/sent/15min', ... (5 bytes))
1778189560: Sending PUBLISH to mqtt-explorer-5c916486 (d0, q0, r0, m0, '$SYS/broker/load/bytes/received/1min', ... (6 bytes))
1778189560: Sending PUBLISH to mqtt-explorer-5c916486 (d0, q0, r0, m0, '$SYS/broker/load/bytes/received/5min', ... (6 bytes))
1778189560: Sending PUBLISH to mqtt-explorer-5c916486 (d0, q0, r0, m0, '$SYS/broker/load/bytes/received/15min', ... (5 bytes))
1778189560: Sending PUBLISH to mqtt-explorer-5c916486 (d0, q0, r0, m0, '$SYS/broker/load/bytes/sent/1min', ... (7 bytes))
1778189560: Sending PUBLISH to mqtt-explorer-5c916486 (d0, q0, r0, m0, '$SYS/broker/load/bytes/sent/5min', ... (7 bytes))
1778189560: Sending PUBLISH to mqtt-explorer-5c916486 (d0, q0, r0, m0, '$SYS/broker/load/bytes/sent/15min', ... (7 bytes))
1778189560: Sending PUBLISH to mqtt-explorer-5c916486 (d0, q0, r0, m0, '$SYS/broker/load/sockets/1min', ... (4 bytes))
1778189560: Sending PUBLISH to mqtt-explorer-5c916486 (d0, q0, r0, m0, '$SYS/broker/load/sockets/5min', ... (4 bytes))
1778189560: Sending PUBLISH to mqtt-explorer-5c916486 (d0, q0, r0, m0, '$SYS/broker/load/sockets/15min', ... (4 bytes))
1778189560: Sending PUBLISH to mqtt-explorer-5c916486 (d0, q0, r0, m0, '$SYS/broker/load/connections/1min', ... (4 bytes))
1778189560: Sending PUBLISH to mqtt-explorer-5c916486 (d0, q0, r0, m0, '$SYS/broker/load/connections/5min', ... (4 bytes))
1778189560: Sending PUBLISH to mqtt-explorer-5c916486 (d0, q0, r0, m0, '$SYS/broker/load/connections/15min', ... (4 bytes))
1778189560: Sending PUBLISH to mqtt-explorer-5c916486 (d0, q0, r0, m0, '$SYS/broker/messages/received', ... (2 bytes))
1778189560: Sending PUBLISH to mqtt-explorer-5c916486 (d0, q0, r0, m0, '$SYS/broker/messages/sent', ... (3 bytes))
1778189560: Sending PUBLISH to mqtt-explorer-5c916486 (d0, q0, r0, m0, '$SYS/broker/bytes/received', ... (3 bytes))
1778189560: Sending PUBLISH to mqtt-explorer-5c916486 (d0, q0, r0, m0, '$SYS/broker/bytes/sent', ... (5 bytes))
1778189560: Sending PUBLISH to mqtt-explorer-5c916486 (d0, q0, r0, m0, '$SYS/broker/publish/bytes/sent', ... (4 bytes))
1778189560: Sending PUBLISH to mqtt-explorer-5c916486 (d0, q0, r0, m0, '$SYS/broker/connections/socket/count', ... (1 bytes))
1778189560: Sending PUBLISH to mqtt-explorer-5c916486 (d0, q0, r0, m0, '$SYS/broker/publish/messages/sent', ... (3 bytes))
1778189568: Client ISIC-ESP8266-001 [172.18.0.1:56086] disconnected: exceeded timeout.
1778189570: Sending PUBLISH to mqtt-explorer-5c916486 (d0, q0, r0, m0, '$SYS/broker/uptime', ... (11 bytes))
1778189570: Sending PUBLISH to mqtt-explorer-5c916486 (d0, q0, r0, m0, '$SYS/broker/load/messages/received/1min', ... (4 bytes))
1778189570: Sending PUBLISH to mqtt-explorer-5c916486 (d0, q0, r0, m0, '$SYS/broker/load/messages/received/5min', ... (4 bytes))
1778189570: Sending PUBLISH to mqtt-explorer-5c916486 (d0, q0, r0, m0, '$SYS/broker/load/messages/received/15min', ... (4 bytes))
1778189570: Sending PUBLISH to mqtt-explorer-5c916486 (d0, q0, r0, m0, '$SYS/broker/load/messages/sent/1min', ... (6 bytes))
1778189570: Sending PUBLISH to mqtt-explorer-5c916486 (d0, q0, r0, m0, '$SYS/broker/load/messages/sent/5min', ... (5 bytes))
1778189570: Sending PUBLISH to mqtt-explorer-5c916486 (d0, q0, r0, m0, '$SYS/broker/load/messages/sent/15min', ... (5 bytes))
1778189570: Sending PUBLISH to mqtt-explorer-5c916486 (d0, q0, r0, m0, '$SYS/broker/load/publish/received/1min', ... (4 bytes))
1778189570: Sending PUBLISH to mqtt-explorer-5c916486 (d0, q0, r0, m0, '$SYS/broker/load/publish/sent/1min', ... (6 bytes))
1778189570: Sending PUBLISH to mqtt-explorer-5c916486 (d0, q0, r0, m0, '$SYS/broker/load/publish/sent/5min', ... (5 bytes))
1778189570: Sending PUBLISH to mqtt-explorer-5c916486 (d0, q0, r0, m0, '$SYS/broker/load/publish/sent/15min', ... (5 bytes))
1778189570: Sending PUBLISH to mqtt-explorer-5c916486 (d0, q0, r0, m0, '$SYS/broker/load/bytes/received/1min', ... (6 bytes))
1778189570: Sending PUBLISH to mqtt-explorer-5c916486 (d0, q0, r0, m0, '$SYS/broker/load/bytes/received/5min', ... (6 bytes))
1778189570: Sending PUBLISH to mqtt-explorer-5c916486 (d0, q0, r0, m0, '$SYS/broker/load/bytes/received/15min', ... (5 bytes))
1778189570: Sending PUBLISH to mqtt-explorer-5c916486 (d0, q0, r0, m0, '$SYS/broker/load/bytes/sent/1min', ... (7 bytes))
1778189570: Sending PUBLISH to mqtt-explorer-5c916486 (d0, q0, r0, m0, '$SYS/broker/load/bytes/sent/5min', ... (7 bytes))
1778189570: Sending PUBLISH to mqtt-explorer-5c916486 (d0, q0, r0, m0, '$SYS/broker/load/bytes/sent/15min', ... (7 bytes))
1778189570: Sending PUBLISH to mqtt-explorer-5c916486 (d0, q0, r0, m0, '$SYS/broker/load/sockets/1min', ... (4 bytes))
1778189570: Sending PUBLISH to mqtt-explorer-5c916486 (d0, q0, r0, m0, '$SYS/broker/load/sockets/5min', ... (4 bytes))
1778189570: Sending PUBLISH to mqtt-explorer-5c916486 (d0, q0, r0, m0, '$SYS/broker/load/connections/1min', ... (4 bytes))
1778189570: Sending PUBLISH to mqtt-explorer-5c916486 (d0, q0, r0, m0, '$SYS/broker/load/connections/5min', ... (4 bytes))
1778189570: Sending PUBLISH to mqtt-explorer-5c916486 (d0, q0, r0, m0, '$SYS/broker/clients/total', ... (1 bytes))
1778189570: Sending PUBLISH to mqtt-explorer-5c916486 (d0, q0, r0, m0, '$SYS/broker/clients/connected', ... (1 bytes))
1778189570: Sending PUBLISH to mqtt-explorer-5c916486 (d0, q0, r0, m0, '$SYS/broker/clients/active', ... (1 bytes))
1778189570: Sending PUBLISH to mqtt-explorer-5c916486 (d0, q0, r0, m0, '$SYS/broker/subscriptions/count', ... (1 bytes))
1778189570: Sending PUBLISH to mqtt-explorer-5c916486 (d0, q0, r0, m0, '$SYS/broker/heap/current', ... (6 bytes))
1778189570: Sending PUBLISH to mqtt-explorer-5c916486 (d0, q0, r0, m0, '$SYS/broker/messages/sent', ... (3 bytes))
1778189570: Sending PUBLISH to mqtt-explorer-5c916486 (d0, q0, r0, m0, '$SYS/broker/bytes/sent', ... (5 bytes))
1778189570: Sending PUBLISH to mqtt-explorer-5c916486 (d0, q0, r0, m0, '$SYS/broker/publish/bytes/sent', ... (4 bytes))
1778189570: Sending PUBLISH to mqtt-explorer-5c916486 (d0, q0, r0, m0, '$SYS/broker/publish/messages/sent', ... (3 bytes))
1778189580: Sending PUBLISH to mqtt-explorer-5c916486 (d0, q0, r0, m0, '$SYS/broker/uptime', ... (11 bytes))
1778189580: Sending PUBLISH to mqtt-explorer-5c916486 (d0, q0, r0, m0, '$SYS/broker/load/messages/received/1min', ... (4 bytes))
1778189580: Sending PUBLISH to mqtt-explorer-5c916486 (d0, q0, r0, m0, '$SYS/broker/load/messages/received/5min', ... (4 bytes))
1778189580: Sending PUBLISH to mqtt-explorer-5c916486 (d0, q0, r0, m0, '$SYS/broker/load/messages/received/15min', ... (4 bytes))
1778189580: Sending PUBLISH to mqtt-explorer-5c916486 (d0, q0, r0, m0, '$SYS/broker/load/messages/sent/1min', ... (6 bytes))
1778189580: Sending PUBLISH to mqtt-explorer-5c916486 (d0, q0, r0, m0, '$SYS/broker/load/messages/sent/5min', ... (5 bytes))
1778189580: Sending PUBLISH to mqtt-explorer-5c916486 (d0, q0, r0, m0, '$SYS/broker/load/messages/sent/15min', ... (5 bytes))
1778189580: Sending PUBLISH to mqtt-explorer-5c916486 (d0, q0, r0, m0, '$SYS/broker/load/publish/received/1min', ... (4 bytes))
1778189580: Sending PUBLISH to mqtt-explorer-5c916486 (d0, q0, r0, m0, '$SYS/broker/load/publish/sent/1min', ... (6 bytes))
1778189580: Sending PUBLISH to mqtt-explorer-5c916486 (d0, q0, r0, m0, '$SYS/broker/load/publish/sent/5min', ... (5 bytes))
1778189580: Sending PUBLISH to mqtt-explorer-5c916486 (d0, q0, r0, m0, '$SYS/broker/load/publish/sent/15min', ... (5 bytes))
1778189580: Sending PUBLISH to mqtt-explorer-5c916486 (d0, q0, r0, m0, '$SYS/broker/load/bytes/received/1min', ... (6 bytes))
1778189580: Sending PUBLISH to mqtt-explorer-5c916486 (d0, q0, r0, m0, '$SYS/broker/load/bytes/received/5min', ... (6 bytes))
1778189580: Sending PUBLISH to mqtt-explorer-5c916486 (d0, q0, r0, m0, '$SYS/broker/load/bytes/received/15min', ... (5 bytes))
1778189580: Sending PUBLISH to mqtt-explorer-5c916486 (d0, q0, r0, m0, '$SYS/broker/load/bytes/sent/1min', ... (7 bytes))
1778189580: Sending PUBLISH to mqtt-explorer-5c916486 (d0, q0, r0, m0, '$SYS/broker/load/bytes/sent/5min', ... (7 bytes))
1778189580: Sending PUBLISH to mqtt-explorer-5c916486 (d0, q0, r0, m0, '$SYS/broker/load/bytes/sent/15min', ... (7 bytes))
1778189580: Sending PUBLISH to mqtt-explorer-5c916486 (d0, q0, r0, m0, '$SYS/broker/load/sockets/1min', ... (4 bytes))
1778189580: Sending PUBLISH to mqtt-explorer-5c916486 (d0, q0, r0, m0, '$SYS/broker/load/sockets/5min', ... (4 bytes))
1778189580: Sending PUBLISH to mqtt-explorer-5c916486 (d0, q0, r0, m0, '$SYS/broker/load/connections/1min', ... (4 bytes))
1778189580: Sending PUBLISH to mqtt-explorer-5c916486 (d0, q0, r0, m0, '$SYS/broker/load/connections/5min', ... (4 bytes))
1778189580: Sending PUBLISH to mqtt-explorer-5c916486 (d0, q0, r0, m0, '$SYS/broker/messages/sent', ... (3 bytes))
1778189580: Sending PUBLISH to mqtt-explorer-5c916486 (d0, q0, r0, m0, '$SYS/broker/bytes/sent', ... (5 bytes))
1778189580: Sending PUBLISH to mqtt-explorer-5c916486 (d0, q0, r0, m0, '$SYS/broker/publish/bytes/sent', ... (4 bytes))
1778189580: Sending PUBLISH to mqtt-explorer-5c916486 (d0, q0, r0, m0, '$SYS/broker/publish/messages/sent', ... (3 bytes))
1778189581: New connection from 127.0.0.1:60666 on port 1883.
1778189581: New client connected from 127.0.0.1:60666 as healthcheck (p4, c1, k60).
1778189581: No will message specified.
1778189581: Sending CONNACK to healthcheck (0, 0)
1778189581: Received SUBSCRIBE from healthcheck
1778189581: 	$SYS/# (QoS 0)
1778189581: healthcheck 0 $SYS/#
1778189581: Sending SUBACK to healthcheck
1778189581: Sending PUBLISH to healthcheck (d0, q0, r1, m0, '$SYS/broker/version', ... (23 bytes))
1778189581: Sending PUBLISH to healthcheck (d0, q0, r1, m0, '$SYS/broker/uptime', ... (11 bytes))
1778189581: Sending PUBLISH to healthcheck (d0, q0, r1, m0, '$SYS/broker/clients/total', ... (1 bytes))
1778189581: Sending PUBLISH to healthcheck (d0, q0, r1, m0, '$SYS/broker/clients/disconnected', ... (1 bytes))
1778189581: Sending PUBLISH to healthcheck (d0, q0, r1, m0, '$SYS/broker/clients/inactive', ... (1 bytes))
1778189581: Sending PUBLISH to healthcheck (d0, q0, r1, m0, '$SYS/broker/clients/connected', ... (1 bytes))
1778189581: Sending PUBLISH to healthcheck (d0, q0, r1, m0, '$SYS/broker/clients/active', ... (1 bytes))
1778189581: Sending PUBLISH to healthcheck (d0, q0, r1, m0, '$SYS/broker/clients/expired', ... (1 bytes))
1778189581: Sending PUBLISH to healthcheck (d0, q0, r1, m0, '$SYS/broker/clients/maximum', ... (1 bytes))
1778189581: Sending PUBLISH to healthcheck (d0, q0, r1, m0, '$SYS/broker/messages/stored', ... (2 bytes))
1778189581: Sending PUBLISH to healthcheck (d0, q0, r1, m0, '$SYS/broker/messages/received', ... (2 bytes))
1778189581: Sending PUBLISH to healthcheck (d0, q0, r1, m0, '$SYS/broker/messages/sent', ... (3 bytes))
1778189581: Sending PUBLISH to healthcheck (d0, q0, r1, m0, '$SYS/broker/store/messages/count', ... (2 bytes))
1778189581: Sending PUBLISH to healthcheck (d0, q0, r1, m0, '$SYS/broker/store/messages/bytes', ... (3 bytes))
1778189581: Sending PUBLISH to healthcheck (d0, q0, r1, m0, '$SYS/broker/subscriptions/count', ... (1 bytes))
1778189581: Sending PUBLISH to healthcheck (d0, q0, r1, m0, '$SYS/broker/shared_subscriptions/count', ... (1 bytes))
1778189581: Sending PUBLISH to healthcheck (d0, q0, r1, m0, '$SYS/broker/retained messages/count', ... (2 bytes))
1778189581: Sending PUBLISH to healthcheck (d0, q0, r1, m0, '$SYS/broker/heap/current', ... (6 bytes))
1778189581: Sending PUBLISH to healthcheck (d0, q0, r1, m0, '$SYS/broker/heap/maximum', ... (6 bytes))
1778189581: Sending PUBLISH to healthcheck (d0, q0, r1, m0, '$SYS/broker/bytes/received', ... (3 bytes))
1778189581: Sending PUBLISH to healthcheck (d0, q0, r1, m0, '$SYS/broker/bytes/sent', ... (5 bytes))
1778189581: Sending PUBLISH to healthcheck (d0, q0, r1, m0, '$SYS/broker/publish/bytes/received', ... (3 bytes))
1778189581: Sending PUBLISH to healthcheck (d0, q0, r1, m0, '$SYS/broker/publish/bytes/sent', ... (4 bytes))
1778189581: Sending PUBLISH to healthcheck (d0, q0, r1, m0, '$SYS/broker/publish/messages/dropped', ... (1 bytes))
1778189581: Sending PUBLISH to healthcheck (d0, q0, r1, m0, '$SYS/broker/publish/messages/received', ... (1 bytes))
1778189581: Sending PUBLISH to healthcheck (d0, q0, r1, m0, '$SYS/broker/publish/messages/sent', ... (3 bytes))
1778189581: Sending PUBLISH to healthcheck (d0, q0, r1, m0, '$SYS/broker/packet/out/count', ... (1 bytes))
1778189581: Sending PUBLISH to healthcheck (d0, q0, r1, m0, '$SYS/broker/packet/out/bytes', ... (1 bytes))
1778189581: Sending PUBLISH to healthcheck (d0, q0, r1, m0, '$SYS/broker/connections/socket/count', ... (1 bytes))
1778189581: Sending PUBLISH to healthcheck (d0, q0, r1, m0, '$SYS/broker/load/messages/received/1min', ... (4 bytes))
1778189581: Sending PUBLISH to healthcheck (d0, q0, r1, m0, '$SYS/broker/load/messages/received/5min', ... (4 bytes))
1778189581: Sending PUBLISH to healthcheck (d0, q0, r1, m0, '$SYS/broker/load/messages/received/15min', ... (4 bytes))
1778189581: Sending PUBLISH to healthcheck (d0, q0, r1, m0, '$SYS/broker/load/messages/sent/1min', ... (6 bytes))
1778189581: Sending PUBLISH to healthcheck (d0, q0, r1, m0, '$SYS/broker/load/messages/sent/5min', ... (5 bytes))
1778189581: Sending PUBLISH to healthcheck (d0, q0, r1, m0, '$SYS/broker/load/messages/sent/15min', ... (5 bytes))
1778189581: Sending PUBLISH to healthcheck (d0, q0, r1, m0, '$SYS/broker/load/publish/dropped/1min', ... (4 bytes))
1778189581: Sending PUBLISH to healthcheck (d0, q0, r1, m0, '$SYS/broker/load/publish/dropped/5min', ... (4 bytes))
1778189581: Sending PUBLISH to healthcheck (d0, q0, r1, m0, '$SYS/broker/load/publish/dropped/15min', ... (4 bytes))
1778189581: Sending PUBLISH to healthcheck (d0, q0, r1, m0, '$SYS/broker/load/publish/received/1min', ... (4 bytes))
1778189581: Sending PUBLISH to healthcheck (d0, q0, r1, m0, '$SYS/broker/load/publish/received/5min', ... (4 bytes))
1778189581: Sending PUBLISH to healthcheck (d0, q0, r1, m0, '$SYS/broker/load/publish/received/15min', ... (4 bytes))
1778189581: Sending PUBLISH to healthcheck (d0, q0, r1, m0, '$SYS/broker/load/publish/sent/1min', ... (6 bytes))
1778189581: Sending PUBLISH to healthcheck (d0, q0, r1, m0, '$SYS/broker/load/publish/sent/5min', ... (5 bytes))
1778189581: Sending PUBLISH to healthcheck (d0, q0, r1, m0, '$SYS/broker/load/publish/sent/15min', ... (5 bytes))
1778189581: Sending PUBLISH to healthcheck (d0, q0, r1, m0, '$SYS/broker/load/bytes/received/1min', ... (6 bytes))
1778189581: Sending PUBLISH to healthcheck (d0, q0, r1, m0, '$SYS/broker/load/bytes/received/5min', ... (6 bytes))
1778189581: Sending PUBLISH to healthcheck (d0, q0, r1, m0, '$SYS/broker/load/bytes/received/15min', ... (5 bytes))
1778189581: Sending PUBLISH to healthcheck (d0, q0, r1, m0, '$SYS/broker/load/bytes/sent/1min', ... (7 bytes))
1778189581: Sending PUBLISH to healthcheck (d0, q0, r1, m0, '$SYS/broker/load/bytes/sent/5min', ... (7 bytes))
1778189581: Sending PUBLISH to healthcheck (d0, q0, r1, m0, '$SYS/broker/load/bytes/sent/15min', ... (7 bytes))
1778189581: Sending PUBLISH to healthcheck (d0, q0, r1, m0, '$SYS/broker/load/sockets/1min', ... (4 bytes))
1778189581: Sending PUBLISH to healthcheck (d0, q0, r1, m0, '$SYS/broker/load/sockets/5min', ... (4 bytes))
1778189581: Sending PUBLISH to healthcheck (d0, q0, r1, m0, '$SYS/broker/load/sockets/15min', ... (4 bytes))
1778189581: Sending PUBLISH to healthcheck (d0, q0, r1, m0, '$SYS/broker/load/connections/1min', ... (4 bytes))
1778189581: Sending PUBLISH to healthcheck (d0, q0, r1, m0, '$SYS/broker/load/connections/5min', ... (4 bytes))
1778189581: Sending PUBLISH to healthcheck (d0, q0, r1, m0, '$SYS/broker/load/connections/15min', ... (4 bytes))
1778189581: Client healthcheck [127.0.0.1:60666] disconnected: connection closed by client.
1778189585: Received PINGREQ from mqtt-explorer-5c916486
1778189585: Sending PINGRESP to mqtt-explorer-5c916486
1778189590: Sending PUBLISH to mqtt-explorer-5c916486 (d0, q0, r0, m0, '$SYS/broker/uptime', ... (11 bytes))
1778189590: Sending PUBLISH to mqtt-explorer-5c916486 (d0, q0, r0, m0, '$SYS/broker/load/messages/received/1min', ... (4 bytes))
1778189590: Sending PUBLISH to mqtt-explorer-5c916486 (d0, q0, r0, m0, '$SYS/broker/load/messages/received/5min', ... (4 bytes))
1778189590: Sending PUBLISH to mqtt-explorer-5c916486 (d0, q0, r0, m0, '$SYS/broker/load/messages/received/15min', ... (4 bytes))
1778189590: Sending PUBLISH to mqtt-explorer-5c916486 (d0, q0, r0, m0, '$SYS/broker/load/messages/sent/1min', ... (6 bytes))
1778189590: Sending PUBLISH to mqtt-explorer-5c916486 (d0, q0, r0, m0, '$SYS/broker/load/messages/sent/5min', ... (6 bytes))
1778189590: Sending PUBLISH to mqtt-explorer-5c916486 (d0, q0, r0, m0, '$SYS/broker/load/messages/sent/15min', ... (5 bytes))
1778189590: Sending PUBLISH to mqtt-explorer-5c916486 (d0, q0, r0, m0, '$SYS/broker/load/publish/received/1min', ... (4 bytes))
1778189590: Sending PUBLISH to mqtt-explorer-5c916486 (d0, q0, r0, m0, '$SYS/broker/load/publish/sent/1min', ... (6 bytes))
1778189590: Sending PUBLISH to mqtt-explorer-5c916486 (d0, q0, r0, m0, '$SYS/broker/load/publish/sent/5min', ... (5 bytes))
1778189590: Sending PUBLISH to mqtt-explorer-5c916486 (d0, q0, r0, m0, '$SYS/broker/load/publish/sent/15min', ... (5 bytes))
1778189590: Sending PUBLISH to mqtt-explorer-5c916486 (d0, q0, r0, m0, '$SYS/broker/load/bytes/received/1min', ... (6 bytes))
1778189590: Sending PUBLISH to mqtt-explorer-5c916486 (d0, q0, r0, m0, '$SYS/broker/load/bytes/received/5min', ... (6 bytes))
1778189590: Sending PUBLISH to mqtt-explorer-5c916486 (d0, q0, r0, m0, '$SYS/broker/load/bytes/received/15min', ... (5 bytes))
1778189590: Sending PUBLISH to mqtt-explorer-5c916486 (d0, q0, r0, m0, '$SYS/broker/load/bytes/sent/1min', ... (7 bytes))
1778189590: Sending PUBLISH to mqtt-explorer-5c916486 (d0, q0, r0, m0, '$SYS/broker/load/bytes/sent/5min', ... (7 bytes))
1778189590: Sending PUBLISH to mqtt-explorer-5c916486 (d0, q0, r0, m0, '$SYS/broker/load/bytes/sent/15min', ... (7 bytes))
1778189590: Sending PUBLISH to mqtt-explorer-5c916486 (d0, q0, r0, m0, '$SYS/broker/load/sockets/1min', ... (4 bytes))
1778189590: Sending PUBLISH to mqtt-explorer-5c916486 (d0, q0, r0, m0, '$SYS/broker/load/sockets/5min', ... (4 bytes))
1778189590: Sending PUBLISH to mqtt-explorer-5c916486 (d0, q0, r0, m0, '$SYS/broker/load/sockets/15min', ... (4 bytes))
1778189590: Sending PUBLISH to mqtt-explorer-5c916486 (d0, q0, r0, m0, '$SYS/broker/load/connections/1min', ... (4 bytes))
1778189590: Sending PUBLISH to mqtt-explorer-5c916486 (d0, q0, r0, m0, '$SYS/broker/load/connections/5min', ... (4 bytes))
1778189590: Sending PUBLISH to mqtt-explorer-5c916486 (d0, q0, r0, m0, '$SYS/broker/load/connections/15min', ... (4 bytes))
1778189590: Sending PUBLISH to mqtt-explorer-5c916486 (d0, q0, r0, m0, '$SYS/broker/messages/received', ... (2 bytes))
1778189590: Sending PUBLISH to mqtt-explorer-5c916486 (d0, q0, r0, m0, '$SYS/broker/messages/sent', ... (4 bytes))
1778189590: Sending PUBLISH to mqtt-explorer-5c916486 (d0, q0, r0, m0, '$SYS/broker/bytes/received', ... (3 bytes))
1778189590: Sending PUBLISH to mqtt-explorer-5c916486 (d0, q0, r0, m0, '$SYS/broker/bytes/sent', ... (5 bytes))
1778189590: Sending PUBLISH to mqtt-explorer-5c916486 (d0, q0, r0, m0, '$SYS/broker/publish/bytes/sent', ... (4 bytes))
1778189590: Sending PUBLISH to mqtt-explorer-5c916486 (d0, q0, r0, m0, '$SYS/broker/connections/socket/count', ... (2 bytes))
1778189590: Sending PUBLISH to mqtt-explorer-5c916486 (d0, q0, r0, m0, '$SYS/broker/publish/messages/sent', ... (4 bytes))
1778189600: Sending PUBLISH to mqtt-explorer-5c916486 (d0, q0, r0, m0, '$SYS/broker/uptime', ... (11 bytes))
1778189600: Sending PUBLISH to mqtt-explorer-5c916486 (d0, q0, r0, m0, '$SYS/broker/load/messages/received/1min', ... (4 bytes))
1778189600: Sending PUBLISH to mqtt-explorer-5c916486 (d0, q0, r0, m0, '$SYS/broker/load/messages/received/5min', ... (4 bytes))
1778189600: Sending PUBLISH to mqtt-explorer-5c916486 (d0, q0, r0, m0, '$SYS/broker/load/messages/received/15min', ... (4 bytes))
1778189600: Sending PUBLISH to mqtt-explorer-5c916486 (d0, q0, r0, m0, '$SYS/broker/load/messages/sent/1min', ... (6 bytes))
1778189600: Sending PUBLISH to mqtt-explorer-5c916486 (d0, q0, r0, m0, '$SYS/broker/load/messages/sent/5min', ... (5 bytes))
1778189600: Sending PUBLISH to mqtt-explorer-5c916486 (d0, q0, r0, m0, '$SYS/broker/load/messages/sent/15min', ... (5 bytes))
1778189600: Sending PUBLISH to mqtt-explorer-5c916486 (d0, q0, r0, m0, '$SYS/broker/load/publish/received/1min', ... (4 bytes))
1778189600: Sending PUBLISH to mqtt-explorer-5c916486 (d0, q0, r0, m0, '$SYS/broker/load/publish/sent/1min', ... (6 bytes))
1778189600: Sending PUBLISH to mqtt-explorer-5c916486 (d0, q0, r0, m0, '$SYS/broker/load/publish/sent/5min', ... (5 bytes))
1778189600: Sending PUBLISH to mqtt-explorer-5c916486 (d0, q0, r0, m0, '$SYS/broker/load/publish/sent/15min', ... (5 bytes))
1778189600: Sending PUBLISH to mqtt-explorer-5c916486 (d0, q0, r0, m0, '$SYS/broker/load/bytes/received/1min', ... (6 bytes))
1778189600: Sending PUBLISH to mqtt-explorer-5c916486 (d0, q0, r0, m0, '$SYS/broker/load/bytes/received/5min', ... (6 bytes))
1778189600: Sending PUBLISH to mqtt-explorer-5c916486 (d0, q0, r0, m0, '$SYS/broker/load/bytes/received/15min', ... (5 bytes))
1778189600: Sending PUBLISH to mqtt-explorer-5c916486 (d0, q0, r0, m0, '$SYS/broker/load/bytes/sent/1min', ... (7 bytes))
1778189600: Sending PUBLISH to mqtt-explorer-5c916486 (d0, q0, r0, m0, '$SYS/broker/load/bytes/sent/5min', ... (7 bytes))
1778189600: Sending PUBLISH to mqtt-explorer-5c916486 (d0, q0, r0, m0, '$SYS/broker/load/bytes/sent/15min', ... (7 bytes))
1778189600: Sending PUBLISH to mqtt-explorer-5c916486 (d0, q0, r0, m0, '$SYS/broker/load/sockets/1min', ... (4 bytes))
1778189600: Sending PUBLISH to mqtt-explorer-5c916486 (d0, q0, r0, m0, '$SYS/broker/load/sockets/5min', ... (4 bytes))
1778189600: Sending PUBLISH to mqtt-explorer-5c916486 (d0, q0, r0, m0, '$SYS/broker/load/connections/1min', ... (4 bytes))
1778189600: Sending PUBLISH to mqtt-explorer-5c916486 (d0, q0, r0, m0, '$SYS/broker/load/connections/5min', ... (4 bytes))
1778189600: Sending PUBLISH to mqtt-explorer-5c916486 (d0, q0, r0, m0, '$SYS/broker/store/messages/bytes', ... (3 bytes))
1778189600: Sending PUBLISH to mqtt-explorer-5c916486 (d0, q0, r0, m0, '$SYS/broker/heap/current', ... (6 bytes))
1778189600: Sending PUBLISH to mqtt-explorer-5c916486 (d0, q0, r0, m0, '$SYS/broker/messages/sent', ... (4 bytes))
1778189600: Sending PUBLISH to mqtt-explorer-5c916486 (d0, q0, r0, m0, '$SYS/broker/bytes/sent', ... (5 bytes))
1778189600: Sending PUBLISH to mqtt-explorer-5c916486 (d0, q0, r0, m0, '$SYS/broker/publish/bytes/sent', ... (4 bytes))
1778189600: Sending PUBLISH to mqtt-explorer-5c916486 (d0, q0, r0, m0, '$SYS/broker/publish/messages/sent', ... (4 bytes))
1778189610: Sending PUBLISH to mqtt-explorer-5c916486 (d0, q0, r0, m0, '$SYS/broker/uptime', ... (11 bytes))
1778189610: Sending PUBLISH to mqtt-explorer-5c916486 (d0, q0, r0, m0, '$SYS/broker/load/messages/received/1min', ... (4 bytes))
1778189610: Sending PUBLISH to mqtt-explorer-5c916486 (d0, q0, r0, m0, '$SYS/broker/load/messages/received/5min', ... (4 bytes))
1778189610: Sending PUBLISH to mqtt-explorer-5c916486 (d0, q0, r0, m0, '$SYS/broker/load/messages/received/15min', ... (4 bytes))
1778189610: Sending PUBLISH to mqtt-explorer-5c916486 (d0, q0, r0, m0, '$SYS/broker/load/messages/sent/1min', ... (6 bytes))
1778189610: Sending PUBLISH to mqtt-explorer-5c916486 (d0, q0, r0, m0, '$SYS/broker/load/messages/sent/5min', ... (5 bytes))
1778189610: Sending PUBLISH to mqtt-explorer-5c916486 (d0, q0, r0, m0, '$SYS/broker/load/messages/sent/15min', ... (5 bytes))
1778189610: Sending PUBLISH to mqtt-explorer-5c916486 (d0, q0, r0, m0, '$SYS/broker/load/publish/received/1min', ... (4 bytes))
1778189610: Sending PUBLISH to mqtt-explorer-5c916486 (d0, q0, r0, m0, '$SYS/broker/load/publish/sent/1min', ... (6 bytes))
1778189610: Sending PUBLISH to mqtt-explorer-5c916486 (d0, q0, r0, m0, '$SYS/broker/load/publish/sent/5min', ... (5 bytes))
1778189610: Sending PUBLISH to mqtt-explorer-5c916486 (d0, q0, r0, m0, '$SYS/broker/load/publish/sent/15min', ... (5 bytes))
1778189610: Sending PUBLISH to mqtt-explorer-5c916486 (d0, q0, r0, m0, '$SYS/broker/load/bytes/received/1min', ... (6 bytes))
1778189610: Sending PUBLISH to mqtt-explorer-5c916486 (d0, q0, r0, m0, '$SYS/broker/load/bytes/received/5min', ... (6 bytes))
1778189610: Sending PUBLISH to mqtt-explorer-5c916486 (d0, q0, r0, m0, '$SYS/broker/load/bytes/received/15min', ... (5 bytes))
1778189610: Sending PUBLISH to mqtt-explorer-5c916486 (d0, q0, r0, m0, '$SYS/broker/load/bytes/sent/1min', ... (7 bytes))
1778189610: Sending PUBLISH to mqtt-explorer-5c916486 (d0, q0, r0, m0, '$SYS/broker/load/bytes/sent/5min', ... (7 bytes))
1778189610: Sending PUBLISH to mqtt-explorer-5c916486 (d0, q0, r0, m0, '$SYS/broker/load/bytes/sent/15min', ... (7 bytes))
1778189610: Sending PUBLISH to mqtt-explorer-5c916486 (d0, q0, r0, m0, '$SYS/broker/load/sockets/1min', ... (4 bytes))
1778189610: Sending PUBLISH to mqtt-explorer-5c916486 (d0, q0, r0, m0, '$SYS/broker/load/sockets/5min', ... (4 bytes))
1778189610: Sending PUBLISH to mqtt-explorer-5c916486 (d0, q0, r0, m0, '$SYS/broker/load/connections/1min', ... (4 bytes))
1778189610: Sending PUBLISH to mqtt-explorer-5c916486 (d0, q0, r0, m0, '$SYS/broker/load/connections/5min', ... (4 bytes))
1778189610: Sending PUBLISH to mqtt-explorer-5c916486 (d0, q0, r0, m0, '$SYS/broker/store/messages/bytes', ... (3 bytes))
1778189610: Sending PUBLISH to mqtt-explorer-5c916486 (d0, q0, r0, m0, '$SYS/broker/heap/current', ... (6 bytes))
1778189610: Sending PUBLISH to mqtt-explorer-5c916486 (d0, q0, r0, m0, '$SYS/broker/messages/sent', ... (4 bytes))
1778189610: Sending PUBLISH to mqtt-explorer-5c916486 (d0, q0, r0, m0, '$SYS/broker/bytes/sent', ... (5 bytes))
1778189610: Sending PUBLISH to mqtt-explorer-5c916486 (d0, q0, r0, m0, '$SYS/broker/publish/bytes/sent', ... (4 bytes))
1778189610: Sending PUBLISH to mqtt-explorer-5c916486 (d0, q0, r0, m0, '$SYS/broker/publish/messages/sent', ... (4 bytes))
1778189611: New connection from 127.0.0.1:57446 on port 1883.
1778189611: New client connected from 127.0.0.1:57446 as healthcheck (p4, c1, k60).
1778189611: No will message specified.
1778189611: Sending CONNACK to healthcheck (0, 0)
1778189611: Received SUBSCRIBE from healthcheck
1778189611: 	$SYS/# (QoS 0)
1778189611: healthcheck 0 $SYS/#
1778189611: Sending SUBACK to healthcheck
1778189611: Sending PUBLISH to healthcheck (d0, q0, r1, m0, '$SYS/broker/version', ... (23 bytes))
1778189611: Sending PUBLISH to healthcheck (d0, q0, r1, m0, '$SYS/broker/uptime', ... (11 bytes))
1778189611: Sending PUBLISH to healthcheck (d0, q0, r1, m0, '$SYS/broker/clients/total', ... (1 bytes))
1778189611: Sending PUBLISH to healthcheck (d0, q0, r1, m0, '$SYS/broker/clients/disconnected', ... (1 bytes))
1778189611: Sending PUBLISH to healthcheck (d0, q0, r1, m0, '$SYS/broker/clients/inactive', ... (1 bytes))
1778189611: Sending PUBLISH to healthcheck (d0, q0, r1, m0, '$SYS/broker/clients/connected', ... (1 bytes))
1778189611: Sending PUBLISH to healthcheck (d0, q0, r1, m0, '$SYS/broker/clients/active', ... (1 bytes))
1778189611: Sending PUBLISH to healthcheck (d0, q0, r1, m0, '$SYS/broker/clients/expired', ... (1 bytes))
1778189611: Sending PUBLISH to healthcheck (d0, q0, r1, m0, '$SYS/broker/clients/maximum', ... (1 bytes))
1778189611: Sending PUBLISH to healthcheck (d0, q0, r1, m0, '$SYS/broker/messages/stored', ... (2 bytes))
1778189611: Sending PUBLISH to healthcheck (d0, q0, r1, m0, '$SYS/broker/messages/received', ... (2 bytes))
1778189611: Sending PUBLISH to healthcheck (d0, q0, r1, m0, '$SYS/broker/messages/sent', ... (4 bytes))
1778189611: Sending PUBLISH to healthcheck (d0, q0, r1, m0, '$SYS/broker/store/messages/count', ... (2 bytes))
1778189611: Sending PUBLISH to healthcheck (d0, q0, r1, m0, '$SYS/broker/store/messages/bytes', ... (3 bytes))
1778189611: Sending PUBLISH to healthcheck (d0, q0, r1, m0, '$SYS/broker/subscriptions/count', ... (1 bytes))
1778189611: Sending PUBLISH to healthcheck (d0, q0, r1, m0, '$SYS/broker/shared_subscriptions/count', ... (1 bytes))
1778189611: Sending PUBLISH to healthcheck (d0, q0, r1, m0, '$SYS/broker/retained messages/count', ... (2 bytes))
1778189611: Sending PUBLISH to healthcheck (d0, q0, r1, m0, '$SYS/broker/heap/current', ... (6 bytes))
1778189611: Sending PUBLISH to healthcheck (d0, q0, r1, m0, '$SYS/broker/heap/maximum', ... (6 bytes))
1778189611: Sending PUBLISH to healthcheck (d0, q0, r1, m0, '$SYS/broker/bytes/received', ... (3 bytes))
1778189611: Sending PUBLISH to healthcheck (d0, q0, r1, m0, '$SYS/broker/bytes/sent', ... (5 bytes))
1778189611: Sending PUBLISH to healthcheck (d0, q0, r1, m0, '$SYS/broker/publish/bytes/received', ... (3 bytes))
1778189611: Sending PUBLISH to healthcheck (d0, q0, r1, m0, '$SYS/broker/publish/bytes/sent', ... (4 bytes))
1778189611: Sending PUBLISH to healthcheck (d0, q0, r1, m0, '$SYS/broker/publish/messages/dropped', ... (1 bytes))
1778189611: Sending PUBLISH to healthcheck (d0, q0, r1, m0, '$SYS/broker/publish/messages/received', ... (1 bytes))
1778189611: Sending PUBLISH to healthcheck (d0, q0, r1, m0, '$SYS/broker/publish/messages/sent', ... (4 bytes))
1778189611: Sending PUBLISH to healthcheck (d0, q0, r1, m0, '$SYS/broker/packet/out/count', ... (1 bytes))
1778189611: Sending PUBLISH to healthcheck (d0, q0, r1, m0, '$SYS/broker/packet/out/bytes', ... (1 bytes))
1778189611: Sending PUBLISH to healthcheck (d0, q0, r1, m0, '$SYS/broker/connections/socket/count', ... (2 bytes))
1778189611: Sending PUBLISH to healthcheck (d0, q0, r1, m0, '$SYS/broker/load/messages/received/1min', ... (4 bytes))
1778189611: Sending PUBLISH to healthcheck (d0, q0, r1, m0, '$SYS/broker/load/messages/received/5min', ... (4 bytes))
1778189611: Sending PUBLISH to healthcheck (d0, q0, r1, m0, '$SYS/broker/load/messages/received/15min', ... (4 bytes))
1778189611: Sending PUBLISH to healthcheck (d0, q0, r1, m0, '$SYS/broker/load/messages/sent/1min', ... (6 bytes))
1778189611: Sending PUBLISH to healthcheck (d0, q0, r1, m0, '$SYS/broker/load/messages/sent/5min', ... (5 bytes))
1778189611: Sending PUBLISH to healthcheck (d0, q0, r1, m0, '$SYS/broker/load/messages/sent/15min', ... (5 bytes))
1778189611: Sending PUBLISH to healthcheck (d0, q0, r1, m0, '$SYS/broker/load/publish/dropped/1min', ... (4 bytes))
1778189611: Sending PUBLISH to healthcheck (d0, q0, r1, m0, '$SYS/broker/load/publish/dropped/5min', ... (4 bytes))
1778189611: Sending PUBLISH to healthcheck (d0, q0, r1, m0, '$SYS/broker/load/publish/dropped/15min', ... (4 bytes))
1778189611: Sending PUBLISH to healthcheck (d0, q0, r1, m0, '$SYS/broker/load/publish/received/1min', ... (4 bytes))
1778189611: Sending PUBLISH to healthcheck (d0, q0, r1, m0, '$SYS/broker/load/publish/received/5min', ... (4 bytes))
1778189611: Sending PUBLISH to healthcheck (d0, q0, r1, m0, '$SYS/broker/load/publish/received/15min', ... (4 bytes))
1778189611: Sending PUBLISH to healthcheck (d0, q0, r1, m0, '$SYS/broker/load/publish/sent/1min', ... (6 bytes))
1778189611: Sending PUBLISH to healthcheck (d0, q0, r1, m0, '$SYS/broker/load/publish/sent/5min', ... (5 bytes))
1778189611: Sending PUBLISH to healthcheck (d0, q0, r1, m0, '$SYS/broker/load/publish/sent/15min', ... (5 bytes))
1778189611: Sending PUBLISH to healthcheck (d0, q0, r1, m0, '$SYS/broker/load/bytes/received/1min', ... (6 bytes))
1778189611: Sending PUBLISH to healthcheck (d0, q0, r1, m0, '$SYS/broker/load/bytes/received/5min', ... (6 bytes))
1778189611: Sending PUBLISH to healthcheck (d0, q0, r1, m0, '$SYS/broker/load/bytes/received/15min', ... (5 bytes))
1778189611: Sending PUBLISH to healthcheck (d0, q0, r1, m0, '$SYS/broker/load/bytes/sent/1min', ... (7 bytes))
1778189611: Sending PUBLISH to healthcheck (d0, q0, r1, m0, '$SYS/broker/load/bytes/sent/5min', ... (7 bytes))
1778189611: Sending PUBLISH to healthcheck (d0, q0, r1, m0, '$SYS/broker/load/bytes/sent/15min', ... (7 bytes))
1778189611: Sending PUBLISH to healthcheck (d0, q0, r1, m0, '$SYS/broker/load/sockets/1min', ... (4 bytes))
1778189611: Sending PUBLISH to healthcheck (d0, q0, r1, m0, '$SYS/broker/load/sockets/5min', ... (4 bytes))
1778189611: Sending PUBLISH to healthcheck (d0, q0, r1, m0, '$SYS/broker/load/sockets/15min', ... (4 bytes))
1778189611: Sending PUBLISH to healthcheck (d0, q0, r1, m0, '$SYS/broker/load/connections/1min', ... (4 bytes))
1778189611: Sending PUBLISH to healthcheck (d0, q0, r1, m0, '$SYS/broker/load/connections/5min', ... (4 bytes))
1778189611: Sending PUBLISH to healthcheck (d0, q0, r1, m0, '$SYS/broker/load/connections/15min', ... (4 bytes))
1778189611: Client healthcheck [127.0.0.1:57446] disconnected: connection closed by client.
1778189620: Sending PUBLISH to mqtt-explorer-5c916486 (d0, q0, r0, m0, '$SYS/broker/uptime', ... (11 bytes))
1778189620: Sending PUBLISH to mqtt-explorer-5c916486 (d0, q0, r0, m0, '$SYS/broker/load/messages/received/1min', ... (4 bytes))
1778189620: Sending PUBLISH to mqtt-explorer-5c916486 (d0, q0, r0, m0, '$SYS/broker/load/messages/received/5min', ... (4 bytes))
1778189620: Sending PUBLISH to mqtt-explorer-5c916486 (d0, q0, r0, m0, '$SYS/broker/load/messages/received/15min', ... (4 bytes))
1778189620: Sending PUBLISH to mqtt-explorer-5c916486 (d0, q0, r0, m0, '$SYS/broker/load/messages/sent/1min', ... (6 bytes))
1778189620: Sending PUBLISH to mqtt-explorer-5c916486 (d0, q0, r0, m0, '$SYS/broker/load/messages/sent/5min', ... (6 bytes))
1778189620: Sending PUBLISH to mqtt-explorer-5c916486 (d0, q0, r0, m0, '$SYS/broker/load/messages/sent/15min', ... (5 bytes))
1778189620: Sending PUBLISH to mqtt-explorer-5c916486 (d0, q0, r0, m0, '$SYS/broker/load/publish/received/1min', ... (4 bytes))
1778189620: Sending PUBLISH to mqtt-explorer-5c916486 (d0, q0, r0, m0, '$SYS/broker/load/publish/sent/1min', ... (6 bytes))
1778189620: Sending PUBLISH to mqtt-explorer-5c916486 (d0, q0, r0, m0, '$SYS/broker/load/publish/sent/5min', ... (6 bytes))
1778189620: Sending PUBLISH to mqtt-explorer-5c916486 (d0, q0, r0, m0, '$SYS/broker/load/publish/sent/15min', ... (5 bytes))
1778189620: Sending PUBLISH to mqtt-explorer-5c916486 (d0, q0, r0, m0, '$SYS/broker/load/bytes/received/1min', ... (6 bytes))
1778189620: Sending PUBLISH to mqtt-explorer-5c916486 (d0, q0, r0, m0, '$SYS/broker/load/bytes/received/5min', ... (6 bytes))
1778189620: Sending PUBLISH to mqtt-explorer-5c916486 (d0, q0, r0, m0, '$SYS/broker/load/bytes/received/15min', ... (5 bytes))
1778189620: Sending PUBLISH to mqtt-explorer-5c916486 (d0, q0, r0, m0, '$SYS/broker/load/bytes/sent/1min', ... (7 bytes))
1778189620: Sending PUBLISH to mqtt-explorer-5c916486 (d0, q0, r0, m0, '$SYS/broker/load/bytes/sent/5min', ... (7 bytes))
1778189620: Sending PUBLISH to mqtt-explorer-5c916486 (d0, q0, r0, m0, '$SYS/broker/load/bytes/sent/15min', ... (7 bytes))
1778189620: Sending PUBLISH to mqtt-explorer-5c916486 (d0, q0, r0, m0, '$SYS/broker/load/sockets/1min', ... (4 bytes))
1778189620: Sending PUBLISH to mqtt-explorer-5c916486 (d0, q0, r0, m0, '$SYS/broker/load/sockets/5min', ... (4 bytes))
1778189620: Sending PUBLISH to mqtt-explorer-5c916486 (d0, q0, r0, m0, '$SYS/broker/load/sockets/15min', ... (4 bytes))
1778189620: Sending PUBLISH to mqtt-explorer-5c916486 (d0, q0, r0, m0, '$SYS/broker/load/connections/1min', ... (4 bytes))
1778189620: Sending PUBLISH to mqtt-explorer-5c916486 (d0, q0, r0, m0, '$SYS/broker/load/connections/5min', ... (4 bytes))
1778189620: Sending PUBLISH to mqtt-explorer-5c916486 (d0, q0, r0, m0, '$SYS/broker/load/connections/15min', ... (4 bytes))
1778189620: Sending PUBLISH to mqtt-explorer-5c916486 (d0, q0, r0, m0, '$SYS/broker/messages/received', ... (2 bytes))
1778189620: Sending PUBLISH to mqtt-explorer-5c916486 (d0, q0, r0, m0, '$SYS/broker/messages/sent', ... (4 bytes))
1778189620: Sending PUBLISH to mqtt-explorer-5c916486 (d0, q0, r0, m0, '$SYS/broker/bytes/received', ... (4 bytes))
1778189620: Sending PUBLISH to mqtt-explorer-5c916486 (d0, q0, r0, m0, '$SYS/broker/bytes/sent', ... (5 bytes))
1778189620: Sending PUBLISH to mqtt-explorer-5c916486 (d0, q0, r0, m0, '$SYS/broker/publish/bytes/sent', ... (4 bytes))
1778189620: Sending PUBLISH to mqtt-explorer-5c916486 (d0, q0, r0, m0, '$SYS/broker/connections/socket/count', ... (2 bytes))
1778189620: Sending PUBLISH to mqtt-explorer-5c916486 (d0, q0, r0, m0, '$SYS/broker/publish/messages/sent', ... (4 bytes))
1778189630: Sending PUBLISH to mqtt-explorer-5c916486 (d0, q0, r0, m0, '$SYS/broker/uptime', ... (11 bytes))
1778189630: Sending PUBLISH to mqtt-explorer-5c916486 (d0, q0, r0, m0, '$SYS/broker/load/messages/received/1min', ... (4 bytes))
1778189630: Sending PUBLISH to mqtt-explorer-5c916486 (d0, q0, r0, m0, '$SYS/broker/load/messages/received/5min', ... (4 bytes))
1778189630: Sending PUBLISH to mqtt-explorer-5c916486 (d0, q0, r0, m0, '$SYS/broker/load/messages/received/15min', ... (4 bytes))
1778189630: Sending PUBLISH to mqtt-explorer-5c916486 (d0, q0, r0, m0, '$SYS/broker/load/messages/sent/1min', ... (6 bytes))
1778189630: Sending PUBLISH to mqtt-explorer-5c916486 (d0, q0, r0, m0, '$SYS/broker/load/messages/sent/5min', ... (6 bytes))
1778189630: Sending PUBLISH to mqtt-explorer-5c916486 (d0, q0, r0, m0, '$SYS/broker/load/messages/sent/15min', ... (5 bytes))
1778189630: Sending PUBLISH to mqtt-explorer-5c916486 (d0, q0, r0, m0, '$SYS/broker/load/publish/received/1min', ... (4 bytes))
1778189630: Sending PUBLISH to mqtt-explorer-5c916486 (d0, q0, r0, m0, '$SYS/broker/load/publish/sent/1min', ... (6 bytes))
1778189630: Sending PUBLISH to mqtt-explorer-5c916486 (d0, q0, r0, m0, '$SYS/broker/load/publish/sent/5min', ... (6 bytes))
1778189630: Sending PUBLISH to mqtt-explorer-5c916486 (d0, q0, r0, m0, '$SYS/broker/load/publish/sent/15min', ... (5 bytes))
1778189630: Sending PUBLISH to mqtt-explorer-5c916486 (d0, q0, r0, m0, '$SYS/broker/load/bytes/received/1min', ... (6 bytes))
1778189630: Sending PUBLISH to mqtt-explorer-5c916486 (d0, q0, r0, m0, '$SYS/broker/load/bytes/received/5min', ... (6 bytes))
1778189630: Sending PUBLISH to mqtt-explorer-5c916486 (d0, q0, r0, m0, '$SYS/broker/load/bytes/received/15min', ... (5 bytes))
1778189630: Sending PUBLISH to mqtt-explorer-5c916486 (d0, q0, r0, m0, '$SYS/broker/load/bytes/sent/1min', ... (7 bytes))
1778189630: Sending PUBLISH to mqtt-explorer-5c916486 (d0, q0, r0, m0, '$SYS/broker/load/bytes/sent/5min', ... (7 bytes))
1778189630: Sending PUBLISH to mqtt-explorer-5c916486 (d0, q0, r0, m0, '$SYS/broker/load/bytes/sent/15min', ... (7 bytes))
1778189630: Sending PUBLISH to mqtt-explorer-5c916486 (d0, q0, r0, m0, '$SYS/broker/load/sockets/1min', ... (4 bytes))
1778189630: Sending PUBLISH to mqtt-explorer-5c916486 (d0, q0, r0, m0, '$SYS/broker/load/sockets/5min', ... (4 bytes))
1778189630: Sending PUBLISH to mqtt-explorer-5c916486 (d0, q0, r0, m0, '$SYS/broker/load/connections/1min', ... (4 bytes))
1778189630: Sending PUBLISH to mqtt-explorer-5c916486 (d0, q0, r0, m0, '$SYS/broker/load/connections/5min', ... (4 bytes))
1778189630: Sending PUBLISH to mqtt-explorer-5c916486 (d0, q0, r0, m0, '$SYS/broker/store/messages/bytes', ... (3 bytes))
1778189630: Sending PUBLISH to mqtt-explorer-5c916486 (d0, q0, r0, m0, '$SYS/broker/heap/current', ... (6 bytes))
1778189630: Sending PUBLISH to mqtt-explorer-5c916486 (d0, q0, r0, m0, '$SYS/broker/messages/sent', ... (4 bytes))
1778189630: Sending PUBLISH to mqtt-explorer-5c916486 (d0, q0, r0, m0, '$SYS/broker/bytes/sent', ... (5 bytes))
1778189630: Sending PUBLISH to mqtt-explorer-5c916486 (d0, q0, r0, m0, '$SYS/broker/publish/bytes/sent', ... (4 bytes))
1778189630: Sending PUBLISH to mqtt-explorer-5c916486 (d0, q0, r0, m0, '$SYS/broker/publish/messages/sent', ... (4 bytes))
1778189640: Sending PUBLISH to mqtt-explorer-5c916486 (d0, q0, r0, m0, '$SYS/broker/uptime', ... (11 bytes))
1778189640: Sending PUBLISH to mqtt-explorer-5c916486 (d0, q0, r0, m0, '$SYS/broker/load/messages/received/1min', ... (4 bytes))
1778189640: Sending PUBLISH to mqtt-explorer-5c916486 (d0, q0, r0, m0, '$SYS/broker/load/messages/received/5min', ... (4 bytes))
1778189640: Sending PUBLISH to mqtt-explorer-5c916486 (d0, q0, r0, m0, '$SYS/broker/load/messages/received/15min', ... (4 bytes))
1778189640: Sending PUBLISH to mqtt-explorer-5c916486 (d0, q0, r0, m0, '$SYS/broker/load/messages/sent/1min', ... (6 bytes))
1778189640: Sending PUBLISH to mqtt-explorer-5c916486 (d0, q0, r0, m0, '$SYS/broker/load/messages/sent/5min', ... (6 bytes))
1778189640: Sending PUBLISH to mqtt-explorer-5c916486 (d0, q0, r0, m0, '$SYS/broker/load/messages/sent/15min', ... (5 bytes))
1778189640: Sending PUBLISH to mqtt-explorer-5c916486 (d0, q0, r0, m0, '$SYS/broker/load/publish/received/1min', ... (4 bytes))
1778189640: Sending PUBLISH to mqtt-explorer-5c916486 (d0, q0, r0, m0, '$SYS/broker/load/publish/sent/1min', ... (6 bytes))
1778189640: Sending PUBLISH to mqtt-explorer-5c916486 (d0, q0, r0, m0, '$SYS/broker/load/publish/sent/5min', ... (6 bytes))
1778189640: Sending PUBLISH to mqtt-explorer-5c916486 (d0, q0, r0, m0, '$SYS/broker/load/publish/sent/15min', ... (5 bytes))
1778189640: Sending PUBLISH to mqtt-explorer-5c916486 (d0, q0, r0, m0, '$SYS/broker/load/bytes/received/1min', ... (6 bytes))
1778189640: Sending PUBLISH to mqtt-explorer-5c916486 (d0, q0, r0, m0, '$SYS/broker/load/bytes/received/5min', ... (6 bytes))
1778189640: Sending PUBLISH to mqtt-explorer-5c916486 (d0, q0, r0, m0, '$SYS/broker/load/bytes/received/15min', ... (5 bytes))
1778189640: Sending PUBLISH to mqtt-explorer-5c916486 (d0, q0, r0, m0, '$SYS/broker/load/bytes/sent/1min', ... (7 bytes))
1778189640: Sending PUBLISH to mqtt-explorer-5c916486 (d0, q0, r0, m0, '$SYS/broker/load/bytes/sent/5min', ... (7 bytes))
1778189640: Sending PUBLISH to mqtt-explorer-5c916486 (d0, q0, r0, m0, '$SYS/broker/load/bytes/sent/15min', ... (7 bytes))
1778189640: Sending PUBLISH to mqtt-explorer-5c916486 (d0, q0, r0, m0, '$SYS/broker/load/sockets/1min', ... (4 bytes))
1778189640: Sending PUBLISH to mqtt-explorer-5c916486 (d0, q0, r0, m0, '$SYS/broker/load/sockets/5min', ... (4 bytes))
1778189640: Sending PUBLISH to mqtt-explorer-5c916486 (d0, q0, r0, m0, '$SYS/broker/load/connections/1min', ... (4 bytes))
1778189640: Sending PUBLISH to mqtt-explorer-5c916486 (d0, q0, r0, m0, '$SYS/broker/load/connections/5min', ... (4 bytes))
1778189640: Sending PUBLISH to mqtt-explorer-5c916486 (d0, q0, r0, m0, '$SYS/broker/messages/sent', ... (4 bytes))
1778189640: Sending PUBLISH to mqtt-explorer-5c916486 (d0, q0, r0, m0, '$SYS/broker/bytes/sent', ... (5 bytes))
1778189640: Sending PUBLISH to mqtt-explorer-5c916486 (d0, q0, r0, m0, '$SYS/broker/publish/bytes/sent', ... (4 bytes))
1778189640: Sending PUBLISH to mqtt-explorer-5c916486 (d0, q0, r0, m0, '$SYS/broker/publish/messages/sent', ... (4 bytes))
1778189641: New connection from 127.0.0.1:57596 on port 1883.
1778189641: New client connected from 127.0.0.1:57596 as healthcheck (p4, c1, k60).
1778189641: No will message specified.
1778189641: Sending CONNACK to healthcheck (0, 0)
1778189641: Received SUBSCRIBE from healthcheck
1778189641: 	$SYS/# (QoS 0)
1778189641: healthcheck 0 $SYS/#
1778189641: Sending SUBACK to healthcheck
1778189641: Sending PUBLISH to healthcheck (d0, q0, r1, m0, '$SYS/broker/version', ... (23 bytes))
1778189641: Sending PUBLISH to healthcheck (d0, q0, r1, m0, '$SYS/broker/uptime', ... (11 bytes))
1778189641: Sending PUBLISH to healthcheck (d0, q0, r1, m0, '$SYS/broker/clients/total', ... (1 bytes))
1778189641: Sending PUBLISH to healthcheck (d0, q0, r1, m0, '$SYS/broker/clients/disconnected', ... (1 bytes))
1778189641: Sending PUBLISH to healthcheck (d0, q0, r1, m0, '$SYS/broker/clients/inactive', ... (1 bytes))
1778189641: Sending PUBLISH to healthcheck (d0, q0, r1, m0, '$SYS/broker/clients/connected', ... (1 bytes))
1778189641: Sending PUBLISH to healthcheck (d0, q0, r1, m0, '$SYS/broker/clients/active', ... (1 bytes))
1778189641: Sending PUBLISH to healthcheck (d0, q0, r1, m0, '$SYS/broker/clients/expired', ... (1 bytes))
1778189641: Sending PUBLISH to healthcheck (d0, q0, r1, m0, '$SYS/broker/clients/maximum', ... (1 bytes))
1778189641: Sending PUBLISH to healthcheck (d0, q0, r1, m0, '$SYS/broker/messages/stored', ... (2 bytes))
1778189641: Sending PUBLISH to healthcheck (d0, q0, r1, m0, '$SYS/broker/messages/received', ... (2 bytes))
1778189641: Sending PUBLISH to healthcheck (d0, q0, r1, m0, '$SYS/broker/messages/sent', ... (4 bytes))
1778189641: Sending PUBLISH to healthcheck (d0, q0, r1, m0, '$SYS/broker/store/messages/count', ... (2 bytes))
1778189641: Sending PUBLISH to healthcheck (d0, q0, r1, m0, '$SYS/broker/store/messages/bytes', ... (3 bytes))
1778189641: Sending PUBLISH to healthcheck (d0, q0, r1, m0, '$SYS/broker/subscriptions/count', ... (1 bytes))
1778189641: Sending PUBLISH to healthcheck (d0, q0, r1, m0, '$SYS/broker/shared_subscriptions/count', ... (1 bytes))
1778189641: Sending PUBLISH to healthcheck (d0, q0, r1, m0, '$SYS/broker/retained messages/count', ... (2 bytes))
1778189641: Sending PUBLISH to healthcheck (d0, q0, r1, m0, '$SYS/broker/heap/current', ... (6 bytes))
1778189641: Sending PUBLISH to healthcheck (d0, q0, r1, m0, '$SYS/broker/heap/maximum', ... (6 bytes))
1778189641: Sending PUBLISH to healthcheck (d0, q0, r1, m0, '$SYS/broker/bytes/received', ... (4 bytes))
1778189641: Sending PUBLISH to healthcheck (d0, q0, r1, m0, '$SYS/broker/bytes/sent', ... (5 bytes))
1778189641: Sending PUBLISH to healthcheck (d0, q0, r1, m0, '$SYS/broker/publish/bytes/received', ... (3 bytes))
1778189641: Sending PUBLISH to healthcheck (d0, q0, r1, m0, '$SYS/broker/publish/bytes/sent', ... (4 bytes))
1778189641: Sending PUBLISH to healthcheck (d0, q0, r1, m0, '$SYS/broker/publish/messages/dropped', ... (1 bytes))
1778189641: Sending PUBLISH to healthcheck (d0, q0, r1, m0, '$SYS/broker/publish/messages/received', ... (1 bytes))
1778189641: Sending PUBLISH to healthcheck (d0, q0, r1, m0, '$SYS/broker/publish/messages/sent', ... (4 bytes))
1778189641: Sending PUBLISH to healthcheck (d0, q0, r1, m0, '$SYS/broker/packet/out/count', ... (1 bytes))
1778189641: Sending PUBLISH to healthcheck (d0, q0, r1, m0, '$SYS/broker/packet/out/bytes', ... (1 bytes))
1778189641: Sending PUBLISH to healthcheck (d0, q0, r1, m0, '$SYS/broker/connections/socket/count', ... (2 bytes))
1778189641: Sending PUBLISH to healthcheck (d0, q0, r1, m0, '$SYS/broker/load/messages/received/1min', ... (4 bytes))
1778189641: Sending PUBLISH to healthcheck (d0, q0, r1, m0, '$SYS/broker/load/messages/received/5min', ... (4 bytes))
1778189641: Sending PUBLISH to healthcheck (d0, q0, r1, m0, '$SYS/broker/load/messages/received/15min', ... (4 bytes))
1778189641: Sending PUBLISH to healthcheck (d0, q0, r1, m0, '$SYS/broker/load/messages/sent/1min', ... (6 bytes))
1778189641: Sending PUBLISH to healthcheck (d0, q0, r1, m0, '$SYS/broker/load/messages/sent/5min', ... (6 bytes))
1778189641: Sending PUBLISH to healthcheck (d0, q0, r1, m0, '$SYS/broker/load/messages/sent/15min', ... (5 bytes))
1778189641: Sending PUBLISH to healthcheck (d0, q0, r1, m0, '$SYS/broker/load/publish/dropped/1min', ... (4 bytes))
1778189641: Sending PUBLISH to healthcheck (d0, q0, r1, m0, '$SYS/broker/load/publish/dropped/5min', ... (4 bytes))
1778189641: Sending PUBLISH to healthcheck (d0, q0, r1, m0, '$SYS/broker/load/publish/dropped/15min', ... (4 bytes))
1778189641: Sending PUBLISH to healthcheck (d0, q0, r1, m0, '$SYS/broker/load/publish/received/1min', ... (4 bytes))
1778189641: Sending PUBLISH to healthcheck (d0, q0, r1, m0, '$SYS/broker/load/publish/received/5min', ... (4 bytes))
1778189641: Sending PUBLISH to healthcheck (d0, q0, r1, m0, '$SYS/broker/load/publish/received/15min', ... (4 bytes))
1778189641: Sending PUBLISH to healthcheck (d0, q0, r1, m0, '$SYS/broker/load/publish/sent/1min', ... (6 bytes))
1778189641: Sending PUBLISH to healthcheck (d0, q0, r1, m0, '$SYS/broker/load/publish/sent/5min', ... (6 bytes))
1778189641: Sending PUBLISH to healthcheck (d0, q0, r1, m0, '$SYS/broker/load/publish/sent/15min', ... (5 bytes))
1778189641: Sending PUBLISH to healthcheck (d0, q0, r1, m0, '$SYS/broker/load/bytes/received/1min', ... (6 bytes))
1778189641: Sending PUBLISH to healthcheck (d0, q0, r1, m0, '$SYS/broker/load/bytes/received/5min', ... (6 bytes))
1778189641: Sending PUBLISH to healthcheck (d0, q0, r1, m0, '$SYS/broker/load/bytes/received/15min', ... (5 bytes))
1778189641: Sending PUBLISH to healthcheck (d0, q0, r1, m0, '$SYS/broker/load/bytes/sent/1min', ... (7 bytes))
1778189641: Sending PUBLISH to healthcheck (d0, q0, r1, m0, '$SYS/broker/load/bytes/sent/5min', ... (7 bytes))
1778189641: Sending PUBLISH to healthcheck (d0, q0, r1, m0, '$SYS/broker/load/bytes/sent/15min', ... (7 bytes))
1778189641: Sending PUBLISH to healthcheck (d0, q0, r1, m0, '$SYS/broker/load/sockets/1min', ... (4 bytes))
1778189641: Sending PUBLISH to healthcheck (d0, q0, r1, m0, '$SYS/broker/load/sockets/5min', ... (4 bytes))
1778189641: Sending PUBLISH to healthcheck (d0, q0, r1, m0, '$SYS/broker/load/sockets/15min', ... (4 bytes))
1778189641: Sending PUBLISH to healthcheck (d0, q0, r1, m0, '$SYS/broker/load/connections/1min', ... (4 bytes))
1778189641: Sending PUBLISH to healthcheck (d0, q0, r1, m0, '$SYS/broker/load/connections/5min', ... (4 bytes))
1778189641: Sending PUBLISH to healthcheck (d0, q0, r1, m0, '$SYS/broker/load/connections/15min', ... (4 bytes))
1778189641: Client healthcheck [127.0.0.1:57596] disconnected: connection closed by client.
1778189645: Received PINGREQ from mqtt-explorer-5c916486
1778189645: Sending PINGRESP to mqtt-explorer-5c916486
1778189650: Sending PUBLISH to mqtt-explorer-5c916486 (d0, q0, r0, m0, '$SYS/broker/uptime', ... (11 bytes))
1778189650: Sending PUBLISH to mqtt-explorer-5c916486 (d0, q0, r0, m0, '$SYS/broker/load/messages/received/1min', ... (4 bytes))
1778189650: Sending PUBLISH to mqtt-explorer-5c916486 (d0, q0, r0, m0, '$SYS/broker/load/messages/received/5min', ... (4 bytes))
1778189650: Sending PUBLISH to mqtt-explorer-5c916486 (d0, q0, r0, m0, '$SYS/broker/load/messages/received/15min', ... (4 bytes))
1778189650: Sending PUBLISH to mqtt-explorer-5c916486 (d0, q0, r0, m0, '$SYS/broker/load/messages/sent/1min', ... (6 bytes))
1778189650: Sending PUBLISH to mqtt-explorer-5c916486 (d0, q0, r0, m0, '$SYS/broker/load/messages/sent/5min', ... (6 bytes))
1778189650: Sending PUBLISH to mqtt-explorer-5c916486 (d0, q0, r0, m0, '$SYS/broker/load/messages/sent/15min', ... (5 bytes))
1778189650: Sending PUBLISH to mqtt-explorer-5c916486 (d0, q0, r0, m0, '$SYS/broker/load/publish/received/1min', ... (4 bytes))
1778189650: Sending PUBLISH to mqtt-explorer-5c916486 (d0, q0, r0, m0, '$SYS/broker/load/publish/sent/1min', ... (6 bytes))
1778189650: Sending PUBLISH to mqtt-explorer-5c916486 (d0, q0, r0, m0, '$SYS/broker/load/publish/sent/5min', ... (6 bytes))
1778189650: Sending PUBLISH to mqtt-explorer-5c916486 (d0, q0, r0, m0, '$SYS/broker/load/publish/sent/15min', ... (5 bytes))
1778189650: Sending PUBLISH to mqtt-explorer-5c916486 (d0, q0, r0, m0, '$SYS/broker/load/bytes/received/1min', ... (6 bytes))
1778189650: Sending PUBLISH to mqtt-explorer-5c916486 (d0, q0, r0, m0, '$SYS/broker/load/bytes/received/5min', ... (6 bytes))
1778189650: Sending PUBLISH to mqtt-explorer-5c916486 (d0, q0, r0, m0, '$SYS/broker/load/bytes/received/15min', ... (5 bytes))
1778189650: Sending PUBLISH to mqtt-explorer-5c916486 (d0, q0, r0, m0, '$SYS/broker/load/bytes/sent/1min', ... (7 bytes))
1778189650: Sending PUBLISH to mqtt-explorer-5c916486 (d0, q0, r0, m0, '$SYS/broker/load/bytes/sent/5min', ... (7 bytes))
1778189650: Sending PUBLISH to mqtt-explorer-5c916486 (d0, q0, r0, m0, '$SYS/broker/load/bytes/sent/15min', ... (7 bytes))
1778189650: Sending PUBLISH to mqtt-explorer-5c916486 (d0, q0, r0, m0, '$SYS/broker/load/sockets/1min', ... (4 bytes))
1778189650: Sending PUBLISH to mqtt-explorer-5c916486 (d0, q0, r0, m0, '$SYS/broker/load/sockets/5min', ... (4 bytes))
1778189650: Sending PUBLISH to mqtt-explorer-5c916486 (d0, q0, r0, m0, '$SYS/broker/load/sockets/15min', ... (4 bytes))
1778189650: Sending PUBLISH to mqtt-explorer-5c916486 (d0, q0, r0, m0, '$SYS/broker/load/connections/1min', ... (4 bytes))
1778189650: Sending PUBLISH to mqtt-explorer-5c916486 (d0, q0, r0, m0, '$SYS/broker/load/connections/5min', ... (4 bytes))
1778189650: Sending PUBLISH to mqtt-explorer-5c916486 (d0, q0, r0, m0, '$SYS/broker/load/connections/15min', ... (4 bytes))
1778189650: Sending PUBLISH to mqtt-explorer-5c916486 (d0, q0, r0, m0, '$SYS/broker/messages/received', ... (2 bytes))
1778189650: Sending PUBLISH to mqtt-explorer-5c916486 (d0, q0, r0, m0, '$SYS/broker/messages/sent', ... (4 bytes))
1778189650: Sending PUBLISH to mqtt-explorer-5c916486 (d0, q0, r0, m0, '$SYS/broker/bytes/received', ... (4 bytes))
1778189650: Sending PUBLISH to mqtt-explorer-5c916486 (d0, q0, r0, m0, '$SYS/broker/bytes/sent', ... (5 bytes))
1778189650: Sending PUBLISH to mqtt-explorer-5c916486 (d0, q0, r0, m0, '$SYS/broker/publish/bytes/sent', ... (4 bytes))
1778189650: Sending PUBLISH to mqtt-explorer-5c916486 (d0, q0, r0, m0, '$SYS/broker/connections/socket/count', ... (2 bytes))
1778189650: Sending PUBLISH to mqtt-explorer-5c916486 (d0, q0, r0, m0, '$SYS/broker/publish/messages/sent', ... (4 bytes))
1778189660: Sending PUBLISH to mqtt-explorer-5c916486 (d0, q0, r0, m0, '$SYS/broker/uptime', ... (11 bytes))
1778189660: Sending PUBLISH to mqtt-explorer-5c916486 (d0, q0, r0, m0, '$SYS/broker/load/messages/received/1min', ... (4 bytes))
1778189660: Sending PUBLISH to mqtt-explorer-5c916486 (d0, q0, r0, m0, '$SYS/broker/load/messages/received/5min', ... (4 bytes))
1778189660: Sending PUBLISH to mqtt-explorer-5c916486 (d0, q0, r0, m0, '$SYS/broker/load/messages/received/15min', ... (4 bytes))
1778189660: Sending PUBLISH to mqtt-explorer-5c916486 (d0, q0, r0, m0, '$SYS/broker/load/messages/sent/1min', ... (6 bytes))
1778189660: Sending PUBLISH to mqtt-explorer-5c916486 (d0, q0, r0, m0, '$SYS/broker/load/messages/sent/5min', ... (6 bytes))
1778189660: Sending PUBLISH to mqtt-explorer-5c916486 (d0, q0, r0, m0, '$SYS/broker/load/messages/sent/15min', ... (5 bytes))
1778189660: Sending PUBLISH to mqtt-explorer-5c916486 (d0, q0, r0, m0, '$SYS/broker/load/publish/received/1min', ... (4 bytes))
1778189660: Sending PUBLISH to mqtt-explorer-5c916486 (d0, q0, r0, m0, '$SYS/broker/load/publish/sent/1min', ... (6 bytes))
1778189660: Sending PUBLISH to mqtt-explorer-5c916486 (d0, q0, r0, m0, '$SYS/broker/load/publish/sent/5min', ... (6 bytes))
1778189660: Sending PUBLISH to mqtt-explorer-5c916486 (d0, q0, r0, m0, '$SYS/broker/load/publish/sent/15min', ... (5 bytes))
1778189660: Sending PUBLISH to mqtt-explorer-5c916486 (d0, q0, r0, m0, '$SYS/broker/load/bytes/received/1min', ... (6 bytes))
1778189660: Sending PUBLISH to mqtt-explorer-5c916486 (d0, q0, r0, m0, '$SYS/broker/load/bytes/received/5min', ... (6 bytes))
1778189660: Sending PUBLISH to mqtt-explorer-5c916486 (d0, q0, r0, m0, '$SYS/broker/load/bytes/received/15min', ... (5 bytes))
1778189660: Sending PUBLISH to mqtt-explorer-5c916486 (d0, q0, r0, m0, '$SYS/broker/load/bytes/sent/1min', ... (7 bytes))
1778189660: Sending PUBLISH to mqtt-explorer-5c916486 (d0, q0, r0, m0, '$SYS/broker/load/bytes/sent/5min', ... (7 bytes))
1778189660: Sending PUBLISH to mqtt-explorer-5c916486 (d0, q0, r0, m0, '$SYS/broker/load/bytes/sent/15min', ... (7 bytes))
1778189660: Sending PUBLISH to mqtt-explorer-5c916486 (d0, q0, r0, m0, '$SYS/broker/load/sockets/1min', ... (4 bytes))
1778189660: Sending PUBLISH to mqtt-explorer-5c916486 (d0, q0, r0, m0, '$SYS/broker/load/sockets/5min', ... (4 bytes))
1778189660: Sending PUBLISH to mqtt-explorer-5c916486 (d0, q0, r0, m0, '$SYS/broker/load/connections/1min', ... (4 bytes))
1778189660: Sending PUBLISH to mqtt-explorer-5c916486 (d0, q0, r0, m0, '$SYS/broker/load/connections/5min', ... (4 bytes))
1778189660: Sending PUBLISH to mqtt-explorer-5c916486 (d0, q0, r0, m0, '$SYS/broker/messages/sent', ... (4 bytes))
1778189660: Sending PUBLISH to mqtt-explorer-5c916486 (d0, q0, r0, m0, '$SYS/broker/bytes/sent', ... (5 bytes))
1778189660: Sending PUBLISH to mqtt-explorer-5c916486 (d0, q0, r0, m0, '$SYS/broker/publish/bytes/sent', ... (4 bytes))
1778189660: Sending PUBLISH to mqtt-explorer-5c916486 (d0, q0, r0, m0, '$SYS/broker/publish/messages/sent', ... (4 bytes))
1778189670: Sending PUBLISH to mqtt-explorer-5c916486 (d0, q0, r0, m0, '$SYS/broker/uptime', ... (11 bytes))
1778189670: Sending PUBLISH to mqtt-explorer-5c916486 (d0, q0, r0, m0, '$SYS/broker/load/messages/received/1min', ... (4 bytes))
1778189670: Sending PUBLISH to mqtt-explorer-5c916486 (d0, q0, r0, m0, '$SYS/broker/load/messages/received/5min', ... (4 bytes))
1778189670: Sending PUBLISH to mqtt-explorer-5c916486 (d0, q0, r0, m0, '$SYS/broker/load/messages/received/15min', ... (4 bytes))
1778189670: Sending PUBLISH to mqtt-explorer-5c916486 (d0, q0, r0, m0, '$SYS/broker/load/messages/sent/1min', ... (6 bytes))
1778189670: Sending PUBLISH to mqtt-explorer-5c916486 (d0, q0, r0, m0, '$SYS/broker/load/messages/sent/5min', ... (6 bytes))
1778189670: Sending PUBLISH to mqtt-explorer-5c916486 (d0, q0, r0, m0, '$SYS/broker/load/messages/sent/15min', ... (5 bytes))
1778189670: Sending PUBLISH to mqtt-explorer-5c916486 (d0, q0, r0, m0, '$SYS/broker/load/publish/received/1min', ... (4 bytes))
1778189670: Sending PUBLISH to mqtt-explorer-5c916486 (d0, q0, r0, m0, '$SYS/broker/load/publish/sent/1min', ... (6 bytes))
1778189670: Sending PUBLISH to mqtt-explorer-5c916486 (d0, q0, r0, m0, '$SYS/broker/load/publish/sent/5min', ... (6 bytes))
1778189670: Sending PUBLISH to mqtt-explorer-5c916486 (d0, q0, r0, m0, '$SYS/broker/load/publish/sent/15min', ... (5 bytes))
1778189670: Sending PUBLISH to mqtt-explorer-5c916486 (d0, q0, r0, m0, '$SYS/broker/load/bytes/received/1min', ... (5 bytes))
1778189670: Sending PUBLISH to mqtt-explorer-5c916486 (d0, q0, r0, m0, '$SYS/broker/load/bytes/received/5min', ... (6 bytes))
1778189670: Sending PUBLISH to mqtt-explorer-5c916486 (d0, q0, r0, m0, '$SYS/broker/load/bytes/received/15min', ... (5 bytes))
1778189670: Sending PUBLISH to mqtt-explorer-5c916486 (d0, q0, r0, m0, '$SYS/broker/load/bytes/sent/1min', ... (7 bytes))
1778189670: Sending PUBLISH to mqtt-explorer-5c916486 (d0, q0, r0, m0, '$SYS/broker/load/bytes/sent/5min', ... (7 bytes))
1778189670: Sending PUBLISH to mqtt-explorer-5c916486 (d0, q0, r0, m0, '$SYS/broker/load/bytes/sent/15min', ... (7 bytes))
1778189670: Sending PUBLISH to mqtt-explorer-5c916486 (d0, q0, r0, m0, '$SYS/broker/load/sockets/1min', ... (4 bytes))
1778189670: Sending PUBLISH to mqtt-explorer-5c916486 (d0, q0, r0, m0, '$SYS/broker/load/sockets/5min', ... (4 bytes))
1778189670: Sending PUBLISH to mqtt-explorer-5c916486 (d0, q0, r0, m0, '$SYS/broker/load/connections/1min', ... (4 bytes))
1778189670: Sending PUBLISH to mqtt-explorer-5c916486 (d0, q0, r0, m0, '$SYS/broker/load/connections/5min', ... (4 bytes))
1778189670: Sending PUBLISH to mqtt-explorer-5c916486 (d0, q0, r0, m0, '$SYS/broker/messages/sent', ... (4 bytes))
1778189670: Sending PUBLISH to mqtt-explorer-5c916486 (d0, q0, r0, m0, '$SYS/broker/bytes/sent', ... (5 bytes))
1778189670: Sending PUBLISH to mqtt-explorer-5c916486 (d0, q0, r0, m0, '$SYS/broker/publish/bytes/sent', ... (4 bytes))
1778189670: Sending PUBLISH to mqtt-explorer-5c916486 (d0, q0, r0, m0, '$SYS/broker/publish/messages/sent', ... (4 bytes))
1778189671: New connection from 127.0.0.1:52890 on port 1883.
1778189671: New client connected from 127.0.0.1:52890 as healthcheck (p4, c1, k60).
1778189671: No will message specified.
1778189671: Sending CONNACK to healthcheck (0, 0)
1778189671: Received SUBSCRIBE from healthcheck
1778189671: 	$SYS/# (QoS 0)
1778189671: healthcheck 0 $SYS/#
1778189671: Sending SUBACK to healthcheck
1778189671: Sending PUBLISH to healthcheck (d0, q0, r1, m0, '$SYS/broker/version', ... (23 bytes))
1778189671: Sending PUBLISH to healthcheck (d0, q0, r1, m0, '$SYS/broker/uptime', ... (11 bytes))
1778189671: Sending PUBLISH to healthcheck (d0, q0, r1, m0, '$SYS/broker/clients/total', ... (1 bytes))
1778189671: Sending PUBLISH to healthcheck (d0, q0, r1, m0, '$SYS/broker/clients/disconnected', ... (1 bytes))
1778189671: Sending PUBLISH to healthcheck (d0, q0, r1, m0, '$SYS/broker/clients/inactive', ... (1 bytes))
1778189671: Sending PUBLISH to healthcheck (d0, q0, r1, m0, '$SYS/broker/clients/connected', ... (1 bytes))
1778189671: Sending PUBLISH to healthcheck (d0, q0, r1, m0, '$SYS/broker/clients/active', ... (1 bytes))
1778189671: Sending PUBLISH to healthcheck (d0, q0, r1, m0, '$SYS/broker/clients/expired', ... (1 bytes))
1778189671: Sending PUBLISH to healthcheck (d0, q0, r1, m0, '$SYS/broker/clients/maximum', ... (1 bytes))
1778189671: Sending PUBLISH to healthcheck (d0, q0, r1, m0, '$SYS/broker/messages/stored', ... (2 bytes))
1778189671: Sending PUBLISH to healthcheck (d0, q0, r1, m0, '$SYS/broker/messages/received', ... (2 bytes))
1778189671: Sending PUBLISH to healthcheck (d0, q0, r1, m0, '$SYS/broker/messages/sent', ... (4 bytes))
1778189671: Sending PUBLISH to healthcheck (d0, q0, r1, m0, '$SYS/broker/store/messages/count', ... (2 bytes))
1778189671: Sending PUBLISH to healthcheck (d0, q0, r1, m0, '$SYS/broker/store/messages/bytes', ... (3 bytes))
1778189671: Sending PUBLISH to healthcheck (d0, q0, r1, m0, '$SYS/broker/subscriptions/count', ... (1 bytes))
1778189671: Sending PUBLISH to healthcheck (d0, q0, r1, m0, '$SYS/broker/shared_subscriptions/count', ... (1 bytes))
1778189671: Sending PUBLISH to healthcheck (d0, q0, r1, m0, '$SYS/broker/retained messages/count', ... (2 bytes))
1778189671: Sending PUBLISH to healthcheck (d0, q0, r1, m0, '$SYS/broker/heap/current', ... (6 bytes))
1778189671: Sending PUBLISH to healthcheck (d0, q0, r1, m0, '$SYS/broker/heap/maximum', ... (6 bytes))
1778189671: Sending PUBLISH to healthcheck (d0, q0, r1, m0, '$SYS/broker/bytes/received', ... (4 bytes))
1778189671: Sending PUBLISH to healthcheck (d0, q0, r1, m0, '$SYS/broker/bytes/sent', ... (5 bytes))
1778189671: Sending PUBLISH to healthcheck (d0, q0, r1, m0, '$SYS/broker/publish/bytes/received', ... (3 bytes))
1778189671: Sending PUBLISH to healthcheck (d0, q0, r1, m0, '$SYS/broker/publish/bytes/sent', ... (4 bytes))
1778189671: Sending PUBLISH to healthcheck (d0, q0, r1, m0, '$SYS/broker/publish/messages/dropped', ... (1 bytes))
1778189671: Sending PUBLISH to healthcheck (d0, q0, r1, m0, '$SYS/broker/publish/messages/received', ... (1 bytes))
1778189671: Sending PUBLISH to healthcheck (d0, q0, r1, m0, '$SYS/broker/publish/messages/sent', ... (4 bytes))
1778189671: Sending PUBLISH to healthcheck (d0, q0, r1, m0, '$SYS/broker/packet/out/count', ... (1 bytes))
1778189671: Sending PUBLISH to healthcheck (d0, q0, r1, m0, '$SYS/broker/packet/out/bytes', ... (1 bytes))
1778189671: Sending PUBLISH to healthcheck (d0, q0, r1, m0, '$SYS/broker/connections/socket/count', ... (2 bytes))
1778189671: Sending PUBLISH to healthcheck (d0, q0, r1, m0, '$SYS/broker/load/messages/received/1min', ... (4 bytes))
1778189671: Sending PUBLISH to healthcheck (d0, q0, r1, m0, '$SYS/broker/load/messages/received/5min', ... (4 bytes))
1778189671: Sending PUBLISH to healthcheck (d0, q0, r1, m0, '$SYS/broker/load/messages/received/15min', ... (4 bytes))
1778189671: Sending PUBLISH to healthcheck (d0, q0, r1, m0, '$SYS/broker/load/messages/sent/1min', ... (6 bytes))
1778189671: Sending PUBLISH to healthcheck (d0, q0, r1, m0, '$SYS/broker/load/messages/sent/5min', ... (6 bytes))
1778189671: Sending PUBLISH to healthcheck (d0, q0, r1, m0, '$SYS/broker/load/messages/sent/15min', ... (5 bytes))
1778189671: Sending PUBLISH to healthcheck (d0, q0, r1, m0, '$SYS/broker/load/publish/dropped/1min', ... (4 bytes))
1778189671: Sending PUBLISH to healthcheck (d0, q0, r1, m0, '$SYS/broker/load/publish/dropped/5min', ... (4 bytes))
1778189671: Sending PUBLISH to healthcheck (d0, q0, r1, m0, '$SYS/broker/load/publish/dropped/15min', ... (4 bytes))
1778189671: Sending PUBLISH to healthcheck (d0, q0, r1, m0, '$SYS/broker/load/publish/received/1min', ... (4 bytes))
1778189671: Sending PUBLISH to healthcheck (d0, q0, r1, m0, '$SYS/broker/load/publish/received/5min', ... (4 bytes))
1778189671: Sending PUBLISH to healthcheck (d0, q0, r1, m0, '$SYS/broker/load/publish/received/15min', ... (4 bytes))
1778189671: Sending PUBLISH to healthcheck (d0, q0, r1, m0, '$SYS/broker/load/publish/sent/1min', ... (6 bytes))
1778189671: Sending PUBLISH to healthcheck (d0, q0, r1, m0, '$SYS/broker/load/publish/sent/5min', ... (6 bytes))
1778189671: Sending PUBLISH to healthcheck (d0, q0, r1, m0, '$SYS/broker/load/publish/sent/15min', ... (5 bytes))
1778189671: Sending PUBLISH to healthcheck (d0, q0, r1, m0, '$SYS/broker/load/bytes/received/1min', ... (5 bytes))
1778189671: Sending PUBLISH to healthcheck (d0, q0, r1, m0, '$SYS/broker/load/bytes/received/5min', ... (6 bytes))
1778189671: Sending PUBLISH to healthcheck (d0, q0, r1, m0, '$SYS/broker/load/bytes/received/15min', ... (5 bytes))
1778189671: Sending PUBLISH to healthcheck (d0, q0, r1, m0, '$SYS/broker/load/bytes/sent/1min', ... (7 bytes))
1778189671: Sending PUBLISH to healthcheck (d0, q0, r1, m0, '$SYS/broker/load/bytes/sent/5min', ... (7 bytes))
1778189671: Sending PUBLISH to healthcheck (d0, q0, r1, m0, '$SYS/broker/load/bytes/sent/15min', ... (7 bytes))
1778189671: Sending PUBLISH to healthcheck (d0, q0, r1, m0, '$SYS/broker/load/sockets/1min', ... (4 bytes))
1778189671: Sending PUBLISH to healthcheck (d0, q0, r1, m0, '$SYS/broker/load/sockets/5min', ... (4 bytes))
1778189671: Sending PUBLISH to healthcheck (d0, q0, r1, m0, '$SYS/broker/load/sockets/15min', ... (4 bytes))
1778189671: Sending PUBLISH to healthcheck (d0, q0, r1, m0, '$SYS/broker/load/connections/1min', ... (4 bytes))
1778189671: Sending PUBLISH to healthcheck (d0, q0, r1, m0, '$SYS/broker/load/connections/5min', ... (4 bytes))
1778189671: Sending PUBLISH to healthcheck (d0, q0, r1, m0, '$SYS/broker/load/connections/15min', ... (4 bytes))
1778189671: Client healthcheck [127.0.0.1:52890] disconnected: connection closed by client.
1778189680: Sending PUBLISH to mqtt-explorer-5c916486 (d0, q0, r0, m0, '$SYS/broker/uptime', ... (11 bytes))
1778189680: Sending PUBLISH to mqtt-explorer-5c916486 (d0, q0, r0, m0, '$SYS/broker/load/messages/received/1min', ... (4 bytes))
1778189680: Sending PUBLISH to mqtt-explorer-5c916486 (d0, q0, r0, m0, '$SYS/broker/load/messages/received/5min', ... (4 bytes))
1778189680: Sending PUBLISH to mqtt-explorer-5c916486 (d0, q0, r0, m0, '$SYS/broker/load/messages/received/15min', ... (4 bytes))
1778189680: Sending PUBLISH to mqtt-explorer-5c916486 (d0, q0, r0, m0, '$SYS/broker/load/messages/sent/1min', ... (6 bytes))
1778189680: Sending PUBLISH to mqtt-explorer-5c916486 (d0, q0, r0, m0, '$SYS/broker/load/messages/sent/5min', ... (6 bytes))
1778189680: Sending PUBLISH to mqtt-explorer-5c916486 (d0, q0, r0, m0, '$SYS/broker/load/messages/sent/15min', ... (5 bytes))
1778189680: Sending PUBLISH to mqtt-explorer-5c916486 (d0, q0, r0, m0, '$SYS/broker/load/publish/received/1min', ... (4 bytes))
1778189680: Sending PUBLISH to mqtt-explorer-5c916486 (d0, q0, r0, m0, '$SYS/broker/load/publish/sent/1min', ... (6 bytes))
1778189680: Sending PUBLISH to mqtt-explorer-5c916486 (d0, q0, r0, m0, '$SYS/broker/load/publish/sent/5min', ... (6 bytes))
1778189680: Sending PUBLISH to mqtt-explorer-5c916486 (d0, q0, r0, m0, '$SYS/broker/load/publish/sent/15min', ... (5 bytes))
1778189680: Sending PUBLISH to mqtt-explorer-5c916486 (d0, q0, r0, m0, '$SYS/broker/load/bytes/received/1min', ... (6 bytes))
1778189680: Sending PUBLISH to mqtt-explorer-5c916486 (d0, q0, r0, m0, '$SYS/broker/load/bytes/received/5min', ... (6 bytes))
1778189680: Sending PUBLISH to mqtt-explorer-5c916486 (d0, q0, r0, m0, '$SYS/broker/load/bytes/received/15min', ... (5 bytes))
1778189680: Sending PUBLISH to mqtt-explorer-5c916486 (d0, q0, r0, m0, '$SYS/broker/load/bytes/sent/1min', ... (7 bytes))
1778189680: Sending PUBLISH to mqtt-explorer-5c916486 (d0, q0, r0, m0, '$SYS/broker/load/bytes/sent/5min', ... (7 bytes))
1778189680: Sending PUBLISH to mqtt-explorer-5c916486 (d0, q0, r0, m0, '$SYS/broker/load/bytes/sent/15min', ... (7 bytes))
1778189680: Sending PUBLISH to mqtt-explorer-5c916486 (d0, q0, r0, m0, '$SYS/broker/load/sockets/1min', ... (4 bytes))
1778189680: Sending PUBLISH to mqtt-explorer-5c916486 (d0, q0, r0, m0, '$SYS/broker/load/sockets/5min', ... (4 bytes))
1778189680: Sending PUBLISH to mqtt-explorer-5c916486 (d0, q0, r0, m0, '$SYS/broker/load/sockets/15min', ... (4 bytes))
1778189680: Sending PUBLISH to mqtt-explorer-5c916486 (d0, q0, r0, m0, '$SYS/broker/load/connections/1min', ... (4 bytes))
1778189680: Sending PUBLISH to mqtt-explorer-5c916486 (d0, q0, r0, m0, '$SYS/broker/load/connections/5min', ... (4 bytes))
1778189680: Sending PUBLISH to mqtt-explorer-5c916486 (d0, q0, r0, m0, '$SYS/broker/load/connections/15min', ... (4 bytes))
1778189680: Sending PUBLISH to mqtt-explorer-5c916486 (d0, q0, r0, m0, '$SYS/broker/store/messages/bytes', ... (3 bytes))
1778189680: Sending PUBLISH to mqtt-explorer-5c916486 (d0, q0, r0, m0, '$SYS/broker/heap/current', ... (6 bytes))
1778189680: Sending PUBLISH to mqtt-explorer-5c916486 (d0, q0, r0, m0, '$SYS/broker/messages/received', ... (2 bytes))
1778189680: Sending PUBLISH to mqtt-explorer-5c916486 (d0, q0, r0, m0, '$SYS/broker/messages/sent', ... (4 bytes))
1778189680: Sending PUBLISH to mqtt-explorer-5c916486 (d0, q0, r0, m0, '$SYS/broker/bytes/received', ... (4 bytes))
1778189680: Sending PUBLISH to mqtt-explorer-5c916486 (d0, q0, r0, m0, '$SYS/broker/bytes/sent', ... (5 bytes))
1778189680: Sending PUBLISH to mqtt-explorer-5c916486 (d0, q0, r0, m0, '$SYS/broker/publish/bytes/sent', ... (4 bytes))
1778189680: Sending PUBLISH to mqtt-explorer-5c916486 (d0, q0, r0, m0, '$SYS/broker/connections/socket/count', ... (2 bytes))
1778189680: Sending PUBLISH to mqtt-explorer-5c916486 (d0, q0, r0, m0, '$SYS/broker/publish/messages/sent', ... (4 bytes))
1778189690: Sending PUBLISH to mqtt-explorer-5c916486 (d0, q0, r0, m0, '$SYS/broker/uptime', ... (11 bytes))
1778189690: Sending PUBLISH to mqtt-explorer-5c916486 (d0, q0, r0, m0, '$SYS/broker/load/messages/received/1min', ... (4 bytes))
1778189690: Sending PUBLISH to mqtt-explorer-5c916486 (d0, q0, r0, m0, '$SYS/broker/load/messages/received/5min', ... (4 bytes))
1778189690: Sending PUBLISH to mqtt-explorer-5c916486 (d0, q0, r0, m0, '$SYS/broker/load/messages/received/15min', ... (4 bytes))
1778189690: Sending PUBLISH to mqtt-explorer-5c916486 (d0, q0, r0, m0, '$SYS/broker/load/messages/sent/1min', ... (6 bytes))
1778189690: Sending PUBLISH to mqtt-explorer-5c916486 (d0, q0, r0, m0, '$SYS/broker/load/messages/sent/5min', ... (6 bytes))
1778189690: Sending PUBLISH to mqtt-explorer-5c916486 (d0, q0, r0, m0, '$SYS/broker/load/messages/sent/15min', ... (5 bytes))
1778189690: Sending PUBLISH to mqtt-explorer-5c916486 (d0, q0, r0, m0, '$SYS/broker/load/publish/received/1min', ... (4 bytes))
1778189690: Sending PUBLISH to mqtt-explorer-5c916486 (d0, q0, r0, m0, '$SYS/broker/load/publish/sent/1min', ... (6 bytes))
1778189690: Sending PUBLISH to mqtt-explorer-5c916486 (d0, q0, r0, m0, '$SYS/broker/load/publish/sent/5min', ... (6 bytes))
1778189690: Sending PUBLISH to mqtt-explorer-5c916486 (d0, q0, r0, m0, '$SYS/broker/load/publish/sent/15min', ... (5 bytes))
1778189690: Sending PUBLISH to mqtt-explorer-5c916486 (d0, q0, r0, m0, '$SYS/broker/load/bytes/received/1min', ... (5 bytes))
1778189690: Sending PUBLISH to mqtt-explorer-5c916486 (d0, q0, r0, m0, '$SYS/broker/load/bytes/received/5min', ... (6 bytes))
1778189690: Sending PUBLISH to mqtt-explorer-5c916486 (d0, q0, r0, m0, '$SYS/broker/load/bytes/received/15min', ... (5 bytes))
1778189690: Sending PUBLISH to mqtt-explorer-5c916486 (d0, q0, r0, m0, '$SYS/broker/load/bytes/sent/1min', ... (7 bytes))
1778189690: Sending PUBLISH to mqtt-explorer-5c916486 (d0, q0, r0, m0, '$SYS/broker/load/bytes/sent/5min', ... (7 bytes))
1778189690: Sending PUBLISH to mqtt-explorer-5c916486 (d0, q0, r0, m0, '$SYS/broker/load/bytes/sent/15min', ... (7 bytes))
1778189690: Sending PUBLISH to mqtt-explorer-5c916486 (d0, q0, r0, m0, '$SYS/broker/load/sockets/1min', ... (4 bytes))
1778189690: Sending PUBLISH to mqtt-explorer-5c916486 (d0, q0, r0, m0, '$SYS/broker/load/sockets/5min', ... (4 bytes))
1778189690: Sending PUBLISH to mqtt-explorer-5c916486 (d0, q0, r0, m0, '$SYS/broker/load/connections/1min', ... (4 bytes))
1778189690: Sending PUBLISH to mqtt-explorer-5c916486 (d0, q0, r0, m0, '$SYS/broker/load/connections/5min', ... (4 bytes))
1778189690: Sending PUBLISH to mqtt-explorer-5c916486 (d0, q0, r0, m0, '$SYS/broker/store/messages/bytes', ... (3 bytes))
1778189690: Sending PUBLISH to mqtt-explorer-5c916486 (d0, q0, r0, m0, '$SYS/broker/heap/current', ... (6 bytes))
1778189690: Sending PUBLISH to mqtt-explorer-5c916486 (d0, q0, r0, m0, '$SYS/broker/messages/sent', ... (4 bytes))
1778189690: Sending PUBLISH to mqtt-explorer-5c916486 (d0, q0, r0, m0, '$SYS/broker/bytes/sent', ... (5 bytes))
1778189690: Sending PUBLISH to mqtt-explorer-5c916486 (d0, q0, r0, m0, '$SYS/broker/publish/bytes/sent', ... (4 bytes))
1778189690: Sending PUBLISH to mqtt-explorer-5c916486 (d0, q0, r0, m0, '$SYS/broker/publish/messages/sent', ... (4 bytes))
1778189700: Sending PUBLISH to mqtt-explorer-5c916486 (d0, q0, r0, m0, '$SYS/broker/uptime', ... (11 bytes))
1778189700: Sending PUBLISH to mqtt-explorer-5c916486 (d0, q0, r0, m0, '$SYS/broker/load/messages/received/1min', ... (4 bytes))
1778189700: Sending PUBLISH to mqtt-explorer-5c916486 (d0, q0, r0, m0, '$SYS/broker/load/messages/received/5min', ... (4 bytes))
1778189700: Sending PUBLISH to mqtt-explorer-5c916486 (d0, q0, r0, m0, '$SYS/broker/load/messages/received/15min', ... (4 bytes))
1778189700: Sending PUBLISH to mqtt-explorer-5c916486 (d0, q0, r0, m0, '$SYS/broker/load/messages/sent/1min', ... (6 bytes))
1778189700: Sending PUBLISH to mqtt-explorer-5c916486 (d0, q0, r0, m0, '$SYS/broker/load/messages/sent/5min', ... (6 bytes))
1778189700: Sending PUBLISH to mqtt-explorer-5c916486 (d0, q0, r0, m0, '$SYS/broker/load/messages/sent/15min', ... (5 bytes))
1778189700: Sending PUBLISH to mqtt-explorer-5c916486 (d0, q0, r0, m0, '$SYS/broker/load/publish/sent/1min', ... (6 bytes))
1778189700: Sending PUBLISH to mqtt-explorer-5c916486 (d0, q0, r0, m0, '$SYS/broker/load/publish/sent/5min', ... (6 bytes))
1778189700: Sending PUBLISH to mqtt-explorer-5c916486 (d0, q0, r0, m0, '$SYS/broker/load/publish/sent/15min', ... (5 bytes))
1778189700: Sending PUBLISH to mqtt-explorer-5c916486 (d0, q0, r0, m0, '$SYS/broker/load/bytes/received/1min', ... (5 bytes))
1778189700: Sending PUBLISH to mqtt-explorer-5c916486 (d0, q0, r0, m0, '$SYS/broker/load/bytes/received/5min', ... (6 bytes))
1778189700: Sending PUBLISH to mqtt-explorer-5c916486 (d0, q0, r0, m0, '$SYS/broker/load/bytes/received/15min', ... (5 bytes))
1778189700: Sending PUBLISH to mqtt-explorer-5c916486 (d0, q0, r0, m0, '$SYS/broker/load/bytes/sent/1min', ... (7 bytes))
1778189700: Sending PUBLISH to mqtt-explorer-5c916486 (d0, q0, r0, m0, '$SYS/broker/load/bytes/sent/5min', ... (7 bytes))
1778189700: Sending PUBLISH to mqtt-explorer-5c916486 (d0, q0, r0, m0, '$SYS/broker/load/bytes/sent/15min', ... (7 bytes))
1778189700: Sending PUBLISH to mqtt-explorer-5c916486 (d0, q0, r0, m0, '$SYS/broker/load/sockets/1min', ... (4 bytes))
1778189700: Sending PUBLISH to mqtt-explorer-5c916486 (d0, q0, r0, m0, '$SYS/broker/load/sockets/5min', ... (4 bytes))
1778189700: Sending PUBLISH to mqtt-explorer-5c916486 (d0, q0, r0, m0, '$SYS/broker/load/connections/1min', ... (4 bytes))
1778189700: Sending PUBLISH to mqtt-explorer-5c916486 (d0, q0, r0, m0, '$SYS/broker/load/connections/5min', ... (4 bytes))
1778189700: Sending PUBLISH to mqtt-explorer-5c916486 (d0, q0, r0, m0, '$SYS/broker/store/messages/bytes', ... (3 bytes))
1778189700: Sending PUBLISH to mqtt-explorer-5c916486 (d0, q0, r0, m0, '$SYS/broker/heap/current', ... (6 bytes))
1778189700: Sending PUBLISH to mqtt-explorer-5c916486 (d0, q0, r0, m0, '$SYS/broker/messages/sent', ... (4 bytes))
1778189700: Sending PUBLISH to mqtt-explorer-5c916486 (d0, q0, r0, m0, '$SYS/broker/bytes/sent', ... (5 bytes))
1778189700: Sending PUBLISH to mqtt-explorer-5c916486 (d0, q0, r0, m0, '$SYS/broker/publish/bytes/sent', ... (4 bytes))
1778189700: Sending PUBLISH to mqtt-explorer-5c916486 (d0, q0, r0, m0, '$SYS/broker/publish/messages/sent', ... (4 bytes))
1778189701: New connection from 127.0.0.1:47018 on port 1883.
1778189701: New client connected from 127.0.0.1:47018 as healthcheck (p4, c1, k60).
1778189701: No will message specified.
1778189701: Sending CONNACK to healthcheck (0, 0)
1778189701: Received SUBSCRIBE from healthcheck
1778189701: 	$SYS/# (QoS 0)
1778189701: healthcheck 0 $SYS/#
1778189701: Sending SUBACK to healthcheck
1778189701: Sending PUBLISH to healthcheck (d0, q0, r1, m0, '$SYS/broker/version', ... (23 bytes))
1778189701: Sending PUBLISH to healthcheck (d0, q0, r1, m0, '$SYS/broker/uptime', ... (11 bytes))
1778189701: Sending PUBLISH to healthcheck (d0, q0, r1, m0, '$SYS/broker/clients/total', ... (1 bytes))
1778189701: Sending PUBLISH to healthcheck (d0, q0, r1, m0, '$SYS/broker/clients/disconnected', ... (1 bytes))
1778189701: Sending PUBLISH to healthcheck (d0, q0, r1, m0, '$SYS/broker/clients/inactive', ... (1 bytes))
1778189701: Sending PUBLISH to healthcheck (d0, q0, r1, m0, '$SYS/broker/clients/connected', ... (1 bytes))
1778189701: Sending PUBLISH to healthcheck (d0, q0, r1, m0, '$SYS/broker/clients/active', ... (1 bytes))
1778189701: Sending PUBLISH to healthcheck (d0, q0, r1, m0, '$SYS/broker/clients/expired', ... (1 bytes))
1778189701: Sending PUBLISH to healthcheck (d0, q0, r1, m0, '$SYS/broker/clients/maximum', ... (1 bytes))
1778189701: Sending PUBLISH to healthcheck (d0, q0, r1, m0, '$SYS/broker/messages/stored', ... (2 bytes))
1778189701: Sending PUBLISH to healthcheck (d0, q0, r1, m0, '$SYS/broker/messages/received', ... (2 bytes))
1778189701: Sending PUBLISH to healthcheck (d0, q0, r1, m0, '$SYS/broker/messages/sent', ... (4 bytes))
1778189701: Sending PUBLISH to healthcheck (d0, q0, r1, m0, '$SYS/broker/store/messages/count', ... (2 bytes))
1778189701: Sending PUBLISH to healthcheck (d0, q0, r1, m0, '$SYS/broker/store/messages/bytes', ... (3 bytes))
1778189701: Sending PUBLISH to healthcheck (d0, q0, r1, m0, '$SYS/broker/subscriptions/count', ... (1 bytes))
1778189701: Sending PUBLISH to healthcheck (d0, q0, r1, m0, '$SYS/broker/shared_subscriptions/count', ... (1 bytes))
1778189701: Sending PUBLISH to healthcheck (d0, q0, r1, m0, '$SYS/broker/retained messages/count', ... (2 bytes))
1778189701: Sending PUBLISH to healthcheck (d0, q0, r1, m0, '$SYS/broker/heap/current', ... (6 bytes))
1778189701: Sending PUBLISH to healthcheck (d0, q0, r1, m0, '$SYS/broker/heap/maximum', ... (6 bytes))
1778189701: Sending PUBLISH to healthcheck (d0, q0, r1, m0, '$SYS/broker/bytes/received', ... (4 bytes))
1778189701: Sending PUBLISH to healthcheck (d0, q0, r1, m0, '$SYS/broker/bytes/sent', ... (5 bytes))
1778189701: Sending PUBLISH to healthcheck (d0, q0, r1, m0, '$SYS/broker/publish/bytes/received', ... (3 bytes))
1778189701: Sending PUBLISH to healthcheck (d0, q0, r1, m0, '$SYS/broker/publish/bytes/sent', ... (4 bytes))
1778189701: Sending PUBLISH to healthcheck (d0, q0, r1, m0, '$SYS/broker/publish/messages/dropped', ... (1 bytes))
1778189701: Sending PUBLISH to healthcheck (d0, q0, r1, m0, '$SYS/broker/publish/messages/received', ... (1 bytes))
1778189701: Sending PUBLISH to healthcheck (d0, q0, r1, m0, '$SYS/broker/publish/messages/sent', ... (4 bytes))
1778189701: Sending PUBLISH to healthcheck (d0, q0, r1, m0, '$SYS/broker/packet/out/count', ... (1 bytes))
1778189701: Sending PUBLISH to healthcheck (d0, q0, r1, m0, '$SYS/broker/packet/out/bytes', ... (1 bytes))
1778189701: Sending PUBLISH to healthcheck (d0, q0, r1, m0, '$SYS/broker/connections/socket/count', ... (2 bytes))
1778189701: Sending PUBLISH to healthcheck (d0, q0, r1, m0, '$SYS/broker/load/messages/received/1min', ... (4 bytes))
1778189701: Sending PUBLISH to healthcheck (d0, q0, r1, m0, '$SYS/broker/load/messages/received/5min', ... (4 bytes))
1778189701: Sending PUBLISH to healthcheck (d0, q0, r1, m0, '$SYS/broker/load/messages/received/15min', ... (4 bytes))
1778189701: Sending PUBLISH to healthcheck (d0, q0, r1, m0, '$SYS/broker/load/messages/sent/1min', ... (6 bytes))
1778189701: Sending PUBLISH to healthcheck (d0, q0, r1, m0, '$SYS/broker/load/messages/sent/5min', ... (6 bytes))
1778189701: Sending PUBLISH to healthcheck (d0, q0, r1, m0, '$SYS/broker/load/messages/sent/15min', ... (5 bytes))
1778189701: Sending PUBLISH to healthcheck (d0, q0, r1, m0, '$SYS/broker/load/publish/dropped/1min', ... (4 bytes))
1778189701: Sending PUBLISH to healthcheck (d0, q0, r1, m0, '$SYS/broker/load/publish/dropped/5min', ... (4 bytes))
1778189701: Sending PUBLISH to healthcheck (d0, q0, r1, m0, '$SYS/broker/load/publish/dropped/15min', ... (4 bytes))
1778189701: Sending PUBLISH to healthcheck (d0, q0, r1, m0, '$SYS/broker/load/publish/received/1min', ... (4 bytes))
1778189701: Sending PUBLISH to healthcheck (d0, q0, r1, m0, '$SYS/broker/load/publish/received/5min', ... (4 bytes))
1778189701: Sending PUBLISH to healthcheck (d0, q0, r1, m0, '$SYS/broker/load/publish/received/15min', ... (4 bytes))
1778189701: Sending PUBLISH to healthcheck (d0, q0, r1, m0, '$SYS/broker/load/publish/sent/1min', ... (6 bytes))
1778189701: Sending PUBLISH to healthcheck (d0, q0, r1, m0, '$SYS/broker/load/publish/sent/5min', ... (6 bytes))
1778189701: Sending PUBLISH to healthcheck (d0, q0, r1, m0, '$SYS/broker/load/publish/sent/15min', ... (5 bytes))
1778189701: Sending PUBLISH to healthcheck (d0, q0, r1, m0, '$SYS/broker/load/bytes/received/1min', ... (5 bytes))
1778189701: Sending PUBLISH to healthcheck (d0, q0, r1, m0, '$SYS/broker/load/bytes/received/5min', ... (6 bytes))
1778189701: Sending PUBLISH to healthcheck (d0, q0, r1, m0, '$SYS/broker/load/bytes/received/15min', ... (5 bytes))
1778189701: Sending PUBLISH to healthcheck (d0, q0, r1, m0, '$SYS/broker/load/bytes/sent/1min', ... (7 bytes))
1778189701: Sending PUBLISH to healthcheck (d0, q0, r1, m0, '$SYS/broker/load/bytes/sent/5min', ... (7 bytes))
1778189701: Sending PUBLISH to healthcheck (d0, q0, r1, m0, '$SYS/broker/load/bytes/sent/15min', ... (7 bytes))
1778189701: Sending PUBLISH to healthcheck (d0, q0, r1, m0, '$SYS/broker/load/sockets/1min', ... (4 bytes))
1778189701: Sending PUBLISH to healthcheck (d0, q0, r1, m0, '$SYS/broker/load/sockets/5min', ... (4 bytes))
1778189701: Sending PUBLISH to healthcheck (d0, q0, r1, m0, '$SYS/broker/load/sockets/15min', ... (4 bytes))
1778189701: Sending PUBLISH to healthcheck (d0, q0, r1, m0, '$SYS/broker/load/connections/1min', ... (4 bytes))
1778189701: Sending PUBLISH to healthcheck (d0, q0, r1, m0, '$SYS/broker/load/connections/5min', ... (4 bytes))
1778189701: Sending PUBLISH to healthcheck (d0, q0, r1, m0, '$SYS/broker/load/connections/15min', ... (4 bytes))
1778189701: Client healthcheck [127.0.0.1:47018] disconnected: connection closed by client.
1778189705: Received PINGREQ from mqtt-explorer-5c916486
1778189705: Sending PINGRESP to mqtt-explorer-5c916486
1778189710: Sending PUBLISH to mqtt-explorer-5c916486 (d0, q0, r0, m0, '$SYS/broker/uptime', ... (11 bytes))
1778189710: Sending PUBLISH to mqtt-explorer-5c916486 (d0, q0, r0, m0, '$SYS/broker/load/messages/received/1min', ... (4 bytes))
1778189710: Sending PUBLISH to mqtt-explorer-5c916486 (d0, q0, r0, m0, '$SYS/broker/load/messages/received/5min', ... (4 bytes))
1778189710: Sending PUBLISH to mqtt-explorer-5c916486 (d0, q0, r0, m0, '$SYS/broker/load/messages/received/15min', ... (4 bytes))
1778189710: Sending PUBLISH to mqtt-explorer-5c916486 (d0, q0, r0, m0, '$SYS/broker/load/messages/sent/1min', ... (6 bytes))
1778189710: Sending PUBLISH to mqtt-explorer-5c916486 (d0, q0, r0, m0, '$SYS/broker/load/messages/sent/5min', ... (6 bytes))
1778189710: Sending PUBLISH to mqtt-explorer-5c916486 (d0, q0, r0, m0, '$SYS/broker/load/messages/sent/15min', ... (5 bytes))
1778189710: Sending PUBLISH to mqtt-explorer-5c916486 (d0, q0, r0, m0, '$SYS/broker/load/publish/sent/1min', ... (6 bytes))
1778189710: Sending PUBLISH to mqtt-explorer-5c916486 (d0, q0, r0, m0, '$SYS/broker/load/publish/sent/5min', ... (6 bytes))
1778189710: Sending PUBLISH to mqtt-explorer-5c916486 (d0, q0, r0, m0, '$SYS/broker/load/publish/sent/15min', ... (5 bytes))
1778189710: Sending PUBLISH to mqtt-explorer-5c916486 (d0, q0, r0, m0, '$SYS/broker/load/bytes/received/1min', ... (6 bytes))
1778189710: Sending PUBLISH to mqtt-explorer-5c916486 (d0, q0, r0, m0, '$SYS/broker/load/bytes/received/5min', ... (6 bytes))
1778189710: Sending PUBLISH to mqtt-explorer-5c916486 (d0, q0, r0, m0, '$SYS/broker/load/bytes/received/15min', ... (5 bytes))
1778189710: Sending PUBLISH to mqtt-explorer-5c916486 (d0, q0, r0, m0, '$SYS/broker/load/bytes/sent/1min', ... (7 bytes))
1778189710: Sending PUBLISH to mqtt-explorer-5c916486 (d0, q0, r0, m0, '$SYS/broker/load/bytes/sent/5min', ... (7 bytes))
1778189710: Sending PUBLISH to mqtt-explorer-5c916486 (d0, q0, r0, m0, '$SYS/broker/load/bytes/sent/15min', ... (7 bytes))
1778189710: Sending PUBLISH to mqtt-explorer-5c916486 (d0, q0, r0, m0, '$SYS/broker/load/sockets/1min', ... (4 bytes))
1778189710: Sending PUBLISH to mqtt-explorer-5c916486 (d0, q0, r0, m0, '$SYS/broker/load/sockets/5min', ... (4 bytes))
1778189710: Sending PUBLISH to mqtt-explorer-5c916486 (d0, q0, r0, m0, '$SYS/broker/load/sockets/15min', ... (4 bytes))
1778189710: Sending PUBLISH to mqtt-explorer-5c916486 (d0, q0, r0, m0, '$SYS/broker/load/connections/1min', ... (4 bytes))
1778189710: Sending PUBLISH to mqtt-explorer-5c916486 (d0, q0, r0, m0, '$SYS/broker/load/connections/5min', ... (4 bytes))
1778189710: Sending PUBLISH to mqtt-explorer-5c916486 (d0, q0, r0, m0, '$SYS/broker/load/connections/15min', ... (4 bytes))
1778189710: Sending PUBLISH to mqtt-explorer-5c916486 (d0, q0, r0, m0, '$SYS/broker/messages/received', ... (2 bytes))
1778189710: Sending PUBLISH to mqtt-explorer-5c916486 (d0, q0, r0, m0, '$SYS/broker/messages/sent', ... (4 bytes))
1778189710: Sending PUBLISH to mqtt-explorer-5c916486 (d0, q0, r0, m0, '$SYS/broker/bytes/received', ... (4 bytes))
1778189710: Sending PUBLISH to mqtt-explorer-5c916486 (d0, q0, r0, m0, '$SYS/broker/bytes/sent', ... (5 bytes))
1778189710: Sending PUBLISH to mqtt-explorer-5c916486 (d0, q0, r0, m0, '$SYS/broker/publish/bytes/sent', ... (4 bytes))
1778189710: Sending PUBLISH to mqtt-explorer-5c916486 (d0, q0, r0, m0, '$SYS/broker/connections/socket/count', ... (2 bytes))
1778189710: Sending PUBLISH to mqtt-explorer-5c916486 (d0, q0, r0, m0, '$SYS/broker/publish/messages/sent', ... (4 bytes))
1778189720: Sending PUBLISH to mqtt-explorer-5c916486 (d0, q0, r0, m0, '$SYS/broker/uptime', ... (11 bytes))
1778189720: Sending PUBLISH to mqtt-explorer-5c916486 (d0, q0, r0, m0, '$SYS/broker/load/messages/received/1min', ... (4 bytes))
1778189720: Sending PUBLISH to mqtt-explorer-5c916486 (d0, q0, r0, m0, '$SYS/broker/load/messages/received/5min', ... (4 bytes))
1778189720: Sending PUBLISH to mqtt-explorer-5c916486 (d0, q0, r0, m0, '$SYS/broker/load/messages/received/15min', ... (4 bytes))
1778189720: Sending PUBLISH to mqtt-explorer-5c916486 (d0, q0, r0, m0, '$SYS/broker/load/messages/sent/1min', ... (6 bytes))
1778189720: Sending PUBLISH to mqtt-explorer-5c916486 (d0, q0, r0, m0, '$SYS/broker/load/messages/sent/5min', ... (6 bytes))
1778189720: Sending PUBLISH to mqtt-explorer-5c916486 (d0, q0, r0, m0, '$SYS/broker/load/messages/sent/15min', ... (5 bytes))
1778189720: Sending PUBLISH to mqtt-explorer-5c916486 (d0, q0, r0, m0, '$SYS/broker/load/publish/sent/1min', ... (6 bytes))
1778189720: Sending PUBLISH to mqtt-explorer-5c916486 (d0, q0, r0, m0, '$SYS/broker/load/publish/sent/5min', ... (6 bytes))
1778189720: Sending PUBLISH to mqtt-explorer-5c916486 (d0, q0, r0, m0, '$SYS/broker/load/publish/sent/15min', ... (5 bytes))
1778189720: Sending PUBLISH to mqtt-explorer-5c916486 (d0, q0, r0, m0, '$SYS/broker/load/bytes/received/1min', ... (5 bytes))
1778189720: Sending PUBLISH to mqtt-explorer-5c916486 (d0, q0, r0, m0, '$SYS/broker/load/bytes/received/5min', ... (6 bytes))
1778189720: Sending PUBLISH to mqtt-explorer-5c916486 (d0, q0, r0, m0, '$SYS/broker/load/bytes/received/15min', ... (5 bytes))
1778189720: Sending PUBLISH to mqtt-explorer-5c916486 (d0, q0, r0, m0, '$SYS/broker/load/bytes/sent/1min', ... (7 bytes))
1778189720: Sending PUBLISH to mqtt-explorer-5c916486 (d0, q0, r0, m0, '$SYS/broker/load/bytes/sent/5min', ... (7 bytes))
1778189720: Sending PUBLISH to mqtt-explorer-5c916486 (d0, q0, r0, m0, '$SYS/broker/load/bytes/sent/15min', ... (7 bytes))
1778189720: Sending PUBLISH to mqtt-explorer-5c916486 (d0, q0, r0, m0, '$SYS/broker/load/sockets/1min', ... (4 bytes))
1778189720: Sending PUBLISH to mqtt-explorer-5c916486 (d0, q0, r0, m0, '$SYS/broker/load/sockets/5min', ... (4 bytes))
1778189720: Sending PUBLISH to mqtt-explorer-5c916486 (d0, q0, r0, m0, '$SYS/broker/load/connections/1min', ... (4 bytes))
1778189720: Sending PUBLISH to mqtt-explorer-5c916486 (d0, q0, r0, m0, '$SYS/broker/load/connections/5min', ... (4 bytes))
1778189720: Sending PUBLISH to mqtt-explorer-5c916486 (d0, q0, r0, m0, '$SYS/broker/store/messages/bytes', ... (3 bytes))
1778189720: Sending PUBLISH to mqtt-explorer-5c916486 (d0, q0, r0, m0, '$SYS/broker/heap/current', ... (6 bytes))
1778189720: Sending PUBLISH to mqtt-explorer-5c916486 (d0, q0, r0, m0, '$SYS/broker/messages/sent', ... (4 bytes))
1778189720: Sending PUBLISH to mqtt-explorer-5c916486 (d0, q0, r0, m0, '$SYS/broker/bytes/sent', ... (5 bytes))
1778189720: Sending PUBLISH to mqtt-explorer-5c916486 (d0, q0, r0, m0, '$SYS/broker/publish/bytes/sent', ... (4 bytes))
1778189720: Sending PUBLISH to mqtt-explorer-5c916486 (d0, q0, r0, m0, '$SYS/broker/publish/messages/sent', ... (4 bytes))
1778189730: Sending PUBLISH to mqtt-explorer-5c916486 (d0, q0, r0, m0, '$SYS/broker/uptime', ... (11 bytes))
1778189730: Sending PUBLISH to mqtt-explorer-5c916486 (d0, q0, r0, m0, '$SYS/broker/load/messages/received/1min', ... (4 bytes))
1778189730: Sending PUBLISH to mqtt-explorer-5c916486 (d0, q0, r0, m0, '$SYS/broker/load/messages/received/5min', ... (4 bytes))
1778189730: Sending PUBLISH to mqtt-explorer-5c916486 (d0, q0, r0, m0, '$SYS/broker/load/messages/received/15min', ... (4 bytes))
1778189730: Sending PUBLISH to mqtt-explorer-5c916486 (d0, q0, r0, m0, '$SYS/broker/load/messages/sent/1min', ... (6 bytes))
1778189730: Sending PUBLISH to mqtt-explorer-5c916486 (d0, q0, r0, m0, '$SYS/broker/load/messages/sent/5min', ... (6 bytes))
1778189730: Sending PUBLISH to mqtt-explorer-5c916486 (d0, q0, r0, m0, '$SYS/broker/load/publish/sent/1min', ... (6 bytes))
1778189730: Sending PUBLISH to mqtt-explorer-5c916486 (d0, q0, r0, m0, '$SYS/broker/load/publish/sent/5min', ... (6 bytes))
1778189730: Sending PUBLISH to mqtt-explorer-5c916486 (d0, q0, r0, m0, '$SYS/broker/load/publish/sent/15min', ... (5 bytes))
1778189730: Sending PUBLISH to mqtt-explorer-5c916486 (d0, q0, r0, m0, '$SYS/broker/load/bytes/received/1min', ... (5 bytes))
1778189730: Sending PUBLISH to mqtt-explorer-5c916486 (d0, q0, r0, m0, '$SYS/broker/load/bytes/received/5min', ... (6 bytes))
1778189730: Sending PUBLISH to mqtt-explorer-5c916486 (d0, q0, r0, m0, '$SYS/broker/load/bytes/received/15min', ... (5 bytes))
1778189730: Sending PUBLISH to mqtt-explorer-5c916486 (d0, q0, r0, m0, '$SYS/broker/load/bytes/sent/1min', ... (7 bytes))
1778189730: Sending PUBLISH to mqtt-explorer-5c916486 (d0, q0, r0, m0, '$SYS/broker/load/bytes/sent/5min', ... (7 bytes))
1778189730: Sending PUBLISH to mqtt-explorer-5c916486 (d0, q0, r0, m0, '$SYS/broker/load/bytes/sent/15min', ... (7 bytes))
1778189730: Sending PUBLISH to mqtt-explorer-5c916486 (d0, q0, r0, m0, '$SYS/broker/load/sockets/1min', ... (4 bytes))
1778189730: Sending PUBLISH to mqtt-explorer-5c916486 (d0, q0, r0, m0, '$SYS/broker/load/sockets/5min', ... (4 bytes))
1778189730: Sending PUBLISH to mqtt-explorer-5c916486 (d0, q0, r0, m0, '$SYS/broker/load/connections/1min', ... (4 bytes))
1778189730: Sending PUBLISH to mqtt-explorer-5c916486 (d0, q0, r0, m0, '$SYS/broker/load/connections/5min', ... (4 bytes))
1778189730: Sending PUBLISH to mqtt-explorer-5c916486 (d0, q0, r0, m0, '$SYS/broker/store/messages/bytes', ... (3 bytes))
1778189730: Sending PUBLISH to mqtt-explorer-5c916486 (d0, q0, r0, m0, '$SYS/broker/heap/current', ... (6 bytes))
1778189730: Sending PUBLISH to mqtt-explorer-5c916486 (d0, q0, r0, m0, '$SYS/broker/messages/sent', ... (4 bytes))
1778189730: Sending PUBLISH to mqtt-explorer-5c916486 (d0, q0, r0, m0, '$SYS/broker/bytes/sent', ... (5 bytes))
1778189730: Sending PUBLISH to mqtt-explorer-5c916486 (d0, q0, r0, m0, '$SYS/broker/publish/bytes/sent', ... (4 bytes))
1778189730: Sending PUBLISH to mqtt-explorer-5c916486 (d0, q0, r0, m0, '$SYS/broker/publish/messages/sent', ... (4 bytes))
1778189731: New connection from 127.0.0.1:50460 on port 1883.
1778189731: New client connected from 127.0.0.1:50460 as healthcheck (p4, c1, k60).
1778189731: No will message specified.
1778189731: Sending CONNACK to healthcheck (0, 0)
1778189731: Received SUBSCRIBE from healthcheck
1778189731: 	$SYS/# (QoS 0)
1778189731: healthcheck 0 $SYS/#
1778189731: Sending SUBACK to healthcheck
1778189731: Sending PUBLISH to healthcheck (d0, q0, r1, m0, '$SYS/broker/version', ... (23 bytes))
1778189731: Sending PUBLISH to healthcheck (d0, q0, r1, m0, '$SYS/broker/uptime', ... (11 bytes))
1778189731: Sending PUBLISH to healthcheck (d0, q0, r1, m0, '$SYS/broker/clients/total', ... (1 bytes))
1778189731: Sending PUBLISH to healthcheck (d0, q0, r1, m0, '$SYS/broker/clients/disconnected', ... (1 bytes))
1778189731: Sending PUBLISH to healthcheck (d0, q0, r1, m0, '$SYS/broker/clients/inactive', ... (1 bytes))
1778189731: Sending PUBLISH to healthcheck (d0, q0, r1, m0, '$SYS/broker/clients/connected', ... (1 bytes))
1778189731: Sending PUBLISH to healthcheck (d0, q0, r1, m0, '$SYS/broker/clients/active', ... (1 bytes))
1778189731: Sending PUBLISH to healthcheck (d0, q0, r1, m0, '$SYS/broker/clients/expired', ... (1 bytes))
1778189731: Sending PUBLISH to healthcheck (d0, q0, r1, m0, '$SYS/broker/clients/maximum', ... (1 bytes))
1778189731: Sending PUBLISH to healthcheck (d0, q0, r1, m0, '$SYS/broker/messages/stored', ... (2 bytes))
1778189731: Sending PUBLISH to healthcheck (d0, q0, r1, m0, '$SYS/broker/messages/received', ... (2 bytes))
1778189731: Sending PUBLISH to healthcheck (d0, q0, r1, m0, '$SYS/broker/messages/sent', ... (4 bytes))
1778189731: Sending PUBLISH to healthcheck (d0, q0, r1, m0, '$SYS/broker/store/messages/count', ... (2 bytes))
1778189731: Sending PUBLISH to healthcheck (d0, q0, r1, m0, '$SYS/broker/store/messages/bytes', ... (3 bytes))
1778189731: Sending PUBLISH to healthcheck (d0, q0, r1, m0, '$SYS/broker/subscriptions/count', ... (1 bytes))
1778189731: Sending PUBLISH to healthcheck (d0, q0, r1, m0, '$SYS/broker/shared_subscriptions/count', ... (1 bytes))
1778189731: Sending PUBLISH to healthcheck (d0, q0, r1, m0, '$SYS/broker/retained messages/count', ... (2 bytes))
1778189731: Sending PUBLISH to healthcheck (d0, q0, r1, m0, '$SYS/broker/heap/current', ... (6 bytes))
1778189731: Sending PUBLISH to healthcheck (d0, q0, r1, m0, '$SYS/broker/heap/maximum', ... (6 bytes))
1778189731: Sending PUBLISH to healthcheck (d0, q0, r1, m0, '$SYS/broker/bytes/received', ... (4 bytes))
1778189731: Sending PUBLISH to healthcheck (d0, q0, r1, m0, '$SYS/broker/bytes/sent', ... (5 bytes))
1778189731: Sending PUBLISH to healthcheck (d0, q0, r1, m0, '$SYS/broker/publish/bytes/received', ... (3 bytes))
1778189731: Sending PUBLISH to healthcheck (d0, q0, r1, m0, '$SYS/broker/publish/bytes/sent', ... (4 bytes))
1778189731: Sending PUBLISH to healthcheck (d0, q0, r1, m0, '$SYS/broker/publish/messages/dropped', ... (1 bytes))
1778189731: Sending PUBLISH to healthcheck (d0, q0, r1, m0, '$SYS/broker/publish/messages/received', ... (1 bytes))
1778189731: Sending PUBLISH to healthcheck (d0, q0, r1, m0, '$SYS/broker/publish/messages/sent', ... (4 bytes))
1778189731: Sending PUBLISH to healthcheck (d0, q0, r1, m0, '$SYS/broker/packet/out/count', ... (1 bytes))
1778189731: Sending PUBLISH to healthcheck (d0, q0, r1, m0, '$SYS/broker/packet/out/bytes', ... (1 bytes))
1778189731: Sending PUBLISH to healthcheck (d0, q0, r1, m0, '$SYS/broker/connections/socket/count', ... (2 bytes))
1778189731: Sending PUBLISH to healthcheck (d0, q0, r1, m0, '$SYS/broker/load/messages/received/1min', ... (4 bytes))
1778189731: Sending PUBLISH to healthcheck (d0, q0, r1, m0, '$SYS/broker/load/messages/received/5min', ... (4 bytes))
1778189731: Sending PUBLISH to healthcheck (d0, q0, r1, m0, '$SYS/broker/load/messages/received/15min', ... (4 bytes))
1778189731: Sending PUBLISH to healthcheck (d0, q0, r1, m0, '$SYS/broker/load/messages/sent/1min', ... (6 bytes))
1778189731: Sending PUBLISH to healthcheck (d0, q0, r1, m0, '$SYS/broker/load/messages/sent/5min', ... (6 bytes))
1778189731: Sending PUBLISH to healthcheck (d0, q0, r1, m0, '$SYS/broker/load/messages/sent/15min', ... (5 bytes))
1778189731: Sending PUBLISH to healthcheck (d0, q0, r1, m0, '$SYS/broker/load/publish/dropped/1min', ... (4 bytes))
1778189731: Sending PUBLISH to healthcheck (d0, q0, r1, m0, '$SYS/broker/load/publish/dropped/5min', ... (4 bytes))
1778189731: Sending PUBLISH to healthcheck (d0, q0, r1, m0, '$SYS/broker/load/publish/dropped/15min', ... (4 bytes))
1778189731: Sending PUBLISH to healthcheck (d0, q0, r1, m0, '$SYS/broker/load/publish/received/1min', ... (4 bytes))
1778189731: Sending PUBLISH to healthcheck (d0, q0, r1, m0, '$SYS/broker/load/publish/received/5min', ... (4 bytes))
1778189731: Sending PUBLISH to healthcheck (d0, q0, r1, m0, '$SYS/broker/load/publish/received/15min', ... (4 bytes))
1778189731: Sending PUBLISH to healthcheck (d0, q0, r1, m0, '$SYS/broker/load/publish/sent/1min', ... (6 bytes))
1778189731: Sending PUBLISH to healthcheck (d0, q0, r1, m0, '$SYS/broker/load/publish/sent/5min', ... (6 bytes))
1778189731: Sending PUBLISH to healthcheck (d0, q0, r1, m0, '$SYS/broker/load/publish/sent/15min', ... (5 bytes))
1778189731: Sending PUBLISH to healthcheck (d0, q0, r1, m0, '$SYS/broker/load/bytes/received/1min', ... (5 bytes))
1778189731: Sending PUBLISH to healthcheck (d0, q0, r1, m0, '$SYS/broker/load/bytes/received/5min', ... (6 bytes))
1778189731: Sending PUBLISH to healthcheck (d0, q0, r1, m0, '$SYS/broker/load/bytes/received/15min', ... (5 bytes))
1778189731: Sending PUBLISH to healthcheck (d0, q0, r1, m0, '$SYS/broker/load/bytes/sent/1min', ... (7 bytes))
1778189731: Sending PUBLISH to healthcheck (d0, q0, r1, m0, '$SYS/broker/load/bytes/sent/5min', ... (7 bytes))
1778189731: Sending PUBLISH to healthcheck (d0, q0, r1, m0, '$SYS/broker/load/bytes/sent/15min', ... (7 bytes))
1778189731: Sending PUBLISH to healthcheck (d0, q0, r1, m0, '$SYS/broker/load/sockets/1min', ... (4 bytes))
1778189731: Sending PUBLISH to healthcheck (d0, q0, r1, m0, '$SYS/broker/load/sockets/5min', ... (4 bytes))
1778189731: Sending PUBLISH to healthcheck (d0, q0, r1, m0, '$SYS/broker/load/sockets/15min', ... (4 bytes))
1778189731: Sending PUBLISH to healthcheck (d0, q0, r1, m0, '$SYS/broker/load/connections/1min', ... (4 bytes))
1778189731: Sending PUBLISH to healthcheck (d0, q0, r1, m0, '$SYS/broker/load/connections/5min', ... (4 bytes))
1778189731: Sending PUBLISH to healthcheck (d0, q0, r1, m0, '$SYS/broker/load/connections/15min', ... (4 bytes))
1778189731: Client healthcheck [127.0.0.1:50460] disconnected: connection closed by client.
1778189740: Sending PUBLISH to mqtt-explorer-5c916486 (d0, q0, r0, m0, '$SYS/broker/uptime', ... (11 bytes))
1778189740: Sending PUBLISH to mqtt-explorer-5c916486 (d0, q0, r0, m0, '$SYS/broker/load/messages/received/1min', ... (4 bytes))
1778189740: Sending PUBLISH to mqtt-explorer-5c916486 (d0, q0, r0, m0, '$SYS/broker/load/messages/received/5min', ... (4 bytes))
1778189740: Sending PUBLISH to mqtt-explorer-5c916486 (d0, q0, r0, m0, '$SYS/broker/load/messages/received/15min', ... (4 bytes))
1778189740: Sending PUBLISH to mqtt-explorer-5c916486 (d0, q0, r0, m0, '$SYS/broker/load/messages/sent/1min', ... (6 bytes))
1778189740: Sending PUBLISH to mqtt-explorer-5c916486 (d0, q0, r0, m0, '$SYS/broker/load/messages/sent/5min', ... (6 bytes))
1778189740: Sending PUBLISH to mqtt-explorer-5c916486 (d0, q0, r0, m0, '$SYS/broker/load/messages/sent/15min', ... (5 bytes))
1778189740: Sending PUBLISH to mqtt-explorer-5c916486 (d0, q0, r0, m0, '$SYS/broker/load/publish/sent/1min', ... (6 bytes))
1778189740: Sending PUBLISH to mqtt-explorer-5c916486 (d0, q0, r0, m0, '$SYS/broker/load/publish/sent/5min', ... (6 bytes))
1778189740: Sending PUBLISH to mqtt-explorer-5c916486 (d0, q0, r0, m0, '$SYS/broker/load/publish/sent/15min', ... (5 bytes))
1778189740: Sending PUBLISH to mqtt-explorer-5c916486 (d0, q0, r0, m0, '$SYS/broker/load/bytes/received/1min', ... (5 bytes))
1778189740: Sending PUBLISH to mqtt-explorer-5c916486 (d0, q0, r0, m0, '$SYS/broker/load/bytes/received/5min', ... (6 bytes))
1778189740: Sending PUBLISH to mqtt-explorer-5c916486 (d0, q0, r0, m0, '$SYS/broker/load/bytes/received/15min', ... (5 bytes))
1778189740: Sending PUBLISH to mqtt-explorer-5c916486 (d0, q0, r0, m0, '$SYS/broker/load/bytes/sent/1min', ... (7 bytes))
1778189740: Sending PUBLISH to mqtt-explorer-5c916486 (d0, q0, r0, m0, '$SYS/broker/load/bytes/sent/5min', ... (7 bytes))
1778189740: Sending PUBLISH to mqtt-explorer-5c916486 (d0, q0, r0, m0, '$SYS/broker/load/bytes/sent/15min', ... (7 bytes))
1778189740: Sending PUBLISH to mqtt-explorer-5c916486 (d0, q0, r0, m0, '$SYS/broker/load/sockets/1min', ... (4 bytes))
1778189740: Sending PUBLISH to mqtt-explorer-5c916486 (d0, q0, r0, m0, '$SYS/broker/load/sockets/5min', ... (4 bytes))
1778189740: Sending PUBLISH to mqtt-explorer-5c916486 (d0, q0, r0, m0, '$SYS/broker/load/sockets/15min', ... (4 bytes))
1778189740: Sending PUBLISH to mqtt-explorer-5c916486 (d0, q0, r0, m0, '$SYS/broker/load/connections/1min', ... (4 bytes))
1778189740: Sending PUBLISH to mqtt-explorer-5c916486 (d0, q0, r0, m0, '$SYS/broker/load/connections/5min', ... (4 bytes))
1778189740: Sending PUBLISH to mqtt-explorer-5c916486 (d0, q0, r0, m0, '$SYS/broker/load/connections/15min', ... (4 bytes))
1778189740: Sending PUBLISH to mqtt-explorer-5c916486 (d0, q0, r0, m0, '$SYS/broker/messages/received', ... (2 bytes))
1778189740: Sending PUBLISH to mqtt-explorer-5c916486 (d0, q0, r0, m0, '$SYS/broker/messages/sent', ... (4 bytes))
1778189740: Sending PUBLISH to mqtt-explorer-5c916486 (d0, q0, r0, m0, '$SYS/broker/bytes/received', ... (4 bytes))
1778189740: Sending PUBLISH to mqtt-explorer-5c916486 (d0, q0, r0, m0, '$SYS/broker/bytes/sent', ... (5 bytes))
1778189740: Sending PUBLISH to mqtt-explorer-5c916486 (d0, q0, r0, m0, '$SYS/broker/publish/bytes/sent', ... (4 bytes))
1778189740: Sending PUBLISH to mqtt-explorer-5c916486 (d0, q0, r0, m0, '$SYS/broker/connections/socket/count', ... (2 bytes))
1778189740: Sending PUBLISH to mqtt-explorer-5c916486 (d0, q0, r0, m0, '$SYS/broker/publish/messages/sent', ... (4 bytes))
1778189750: Sending PUBLISH to mqtt-explorer-5c916486 (d0, q0, r0, m0, '$SYS/broker/uptime', ... (11 bytes))
1778189750: Sending PUBLISH to mqtt-explorer-5c916486 (d0, q0, r0, m0, '$SYS/broker/load/messages/received/1min', ... (4 bytes))
1778189750: Sending PUBLISH to mqtt-explorer-5c916486 (d0, q0, r0, m0, '$SYS/broker/load/messages/received/5min', ... (4 bytes))
1778189750: Sending PUBLISH to mqtt-explorer-5c916486 (d0, q0, r0, m0, '$SYS/broker/load/messages/received/15min', ... (4 bytes))
1778189750: Sending PUBLISH to mqtt-explorer-5c916486 (d0, q0, r0, m0, '$SYS/broker/load/messages/sent/1min', ... (6 bytes))
1778189750: Sending PUBLISH to mqtt-explorer-5c916486 (d0, q0, r0, m0, '$SYS/broker/load/messages/sent/5min', ... (6 bytes))
1778189750: Sending PUBLISH to mqtt-explorer-5c916486 (d0, q0, r0, m0, '$SYS/broker/load/messages/sent/15min', ... (5 bytes))
1778189750: Sending PUBLISH to mqtt-explorer-5c916486 (d0, q0, r0, m0, '$SYS/broker/load/publish/sent/1min', ... (6 bytes))
1778189750: Sending PUBLISH to mqtt-explorer-5c916486 (d0, q0, r0, m0, '$SYS/broker/load/publish/sent/5min', ... (6 bytes))
1778189750: Sending PUBLISH to mqtt-explorer-5c916486 (d0, q0, r0, m0, '$SYS/broker/load/publish/sent/15min', ... (5 bytes))
1778189750: Sending PUBLISH to mqtt-explorer-5c916486 (d0, q0, r0, m0, '$SYS/broker/load/bytes/received/1min', ... (5 bytes))
1778189750: Sending PUBLISH to mqtt-explorer-5c916486 (d0, q0, r0, m0, '$SYS/broker/load/bytes/received/5min', ... (6 bytes))
1778189750: Sending PUBLISH to mqtt-explorer-5c916486 (d0, q0, r0, m0, '$SYS/broker/load/bytes/received/15min', ... (5 bytes))
1778189750: Sending PUBLISH to mqtt-explorer-5c916486 (d0, q0, r0, m0, '$SYS/broker/load/bytes/sent/1min', ... (7 bytes))
1778189750: Sending PUBLISH to mqtt-explorer-5c916486 (d0, q0, r0, m0, '$SYS/broker/load/bytes/sent/5min', ... (7 bytes))
1778189750: Sending PUBLISH to mqtt-explorer-5c916486 (d0, q0, r0, m0, '$SYS/broker/load/bytes/sent/15min', ... (7 bytes))
1778189750: Sending PUBLISH to mqtt-explorer-5c916486 (d0, q0, r0, m0, '$SYS/broker/load/sockets/1min', ... (4 bytes))
1778189750: Sending PUBLISH to mqtt-explorer-5c916486 (d0, q0, r0, m0, '$SYS/broker/load/sockets/5min', ... (4 bytes))
1778189750: Sending PUBLISH to mqtt-explorer-5c916486 (d0, q0, r0, m0, '$SYS/broker/load/connections/1min', ... (4 bytes))
1778189750: Sending PUBLISH to mqtt-explorer-5c916486 (d0, q0, r0, m0, '$SYS/broker/load/connections/5min', ... (4 bytes))
1778189750: Sending PUBLISH to mqtt-explorer-5c916486 (d0, q0, r0, m0, '$SYS/broker/messages/sent', ... (4 bytes))
1778189750: Sending PUBLISH to mqtt-explorer-5c916486 (d0, q0, r0, m0, '$SYS/broker/bytes/sent', ... (5 bytes))
1778189750: Sending PUBLISH to mqtt-explorer-5c916486 (d0, q0, r0, m0, '$SYS/broker/publish/bytes/sent', ... (4 bytes))
1778189750: Sending PUBLISH to mqtt-explorer-5c916486 (d0, q0, r0, m0, '$SYS/broker/publish/messages/sent', ... (4 bytes))
1778189760: Sending PUBLISH to mqtt-explorer-5c916486 (d0, q0, r0, m0, '$SYS/broker/uptime', ... (11 bytes))
1778189760: Sending PUBLISH to mqtt-explorer-5c916486 (d0, q0, r0, m0, '$SYS/broker/load/messages/received/1min', ... (4 bytes))
1778189760: Sending PUBLISH to mqtt-explorer-5c916486 (d0, q0, r0, m0, '$SYS/broker/load/messages/received/5min', ... (4 bytes))
1778189760: Sending PUBLISH to mqtt-explorer-5c916486 (d0, q0, r0, m0, '$SYS/broker/load/messages/received/15min', ... (4 bytes))
1778189760: Sending PUBLISH to mqtt-explorer-5c916486 (d0, q0, r0, m0, '$SYS/broker/load/messages/sent/1min', ... (6 bytes))
1778189760: Sending PUBLISH to mqtt-explorer-5c916486 (d0, q0, r0, m0, '$SYS/broker/load/messages/sent/5min', ... (6 bytes))
1778189760: Sending PUBLISH to mqtt-explorer-5c916486 (d0, q0, r0, m0, '$SYS/broker/load/messages/sent/15min', ... (5 bytes))
1778189760: Sending PUBLISH to mqtt-explorer-5c916486 (d0, q0, r0, m0, '$SYS/broker/load/publish/sent/1min', ... (6 bytes))
1778189760: Sending PUBLISH to mqtt-explorer-5c916486 (d0, q0, r0, m0, '$SYS/broker/load/publish/sent/5min', ... (6 bytes))
1778189760: Sending PUBLISH to mqtt-explorer-5c916486 (d0, q0, r0, m0, '$SYS/broker/load/publish/sent/15min', ... (5 bytes))
1778189760: Sending PUBLISH to mqtt-explorer-5c916486 (d0, q0, r0, m0, '$SYS/broker/load/bytes/received/1min', ... (5 bytes))
1778189760: Sending PUBLISH to mqtt-explorer-5c916486 (d0, q0, r0, m0, '$SYS/broker/load/bytes/received/5min', ... (6 bytes))
1778189760: Sending PUBLISH to mqtt-explorer-5c916486 (d0, q0, r0, m0, '$SYS/broker/load/bytes/received/15min', ... (5 bytes))
1778189760: Sending PUBLISH to mqtt-explorer-5c916486 (d0, q0, r0, m0, '$SYS/broker/load/bytes/sent/1min', ... (7 bytes))
1778189760: Sending PUBLISH to mqtt-explorer-5c916486 (d0, q0, r0, m0, '$SYS/broker/load/bytes/sent/5min', ... (7 bytes))
1778189760: Sending PUBLISH to mqtt-explorer-5c916486 (d0, q0, r0, m0, '$SYS/broker/load/bytes/sent/15min', ... (7 bytes))
1778189760: Sending PUBLISH to mqtt-explorer-5c916486 (d0, q0, r0, m0, '$SYS/broker/load/sockets/1min', ... (4 bytes))
1778189760: Sending PUBLISH to mqtt-explorer-5c916486 (d0, q0, r0, m0, '$SYS/broker/load/sockets/5min', ... (4 bytes))
1778189760: Sending PUBLISH to mqtt-explorer-5c916486 (d0, q0, r0, m0, '$SYS/broker/load/connections/1min', ... (4 bytes))
1778189760: Sending PUBLISH to mqtt-explorer-5c916486 (d0, q0, r0, m0, '$SYS/broker/load/connections/5min', ... (4 bytes))
1778189760: Sending PUBLISH to mqtt-explorer-5c916486 (d0, q0, r0, m0, '$SYS/broker/messages/sent', ... (4 bytes))
1778189760: Sending PUBLISH to mqtt-explorer-5c916486 (d0, q0, r0, m0, '$SYS/broker/bytes/sent', ... (5 bytes))
1778189760: Sending PUBLISH to mqtt-explorer-5c916486 (d0, q0, r0, m0, '$SYS/broker/publish/bytes/sent', ... (4 bytes))
1778189760: Sending PUBLISH to mqtt-explorer-5c916486 (d0, q0, r0, m0, '$SYS/broker/publish/messages/sent', ... (4 bytes))
1778189761: New connection from 127.0.0.1:34190 on port 1883.
1778189761: New client connected from 127.0.0.1:34190 as healthcheck (p4, c1, k60).
1778189761: No will message specified.
1778189761: Sending CONNACK to healthcheck (0, 0)
1778189761: Received SUBSCRIBE from healthcheck
1778189761: 	$SYS/# (QoS 0)
1778189761: healthcheck 0 $SYS/#
1778189761: Sending SUBACK to healthcheck
1778189761: Sending PUBLISH to healthcheck (d0, q0, r1, m0, '$SYS/broker/version', ... (23 bytes))
1778189761: Sending PUBLISH to healthcheck (d0, q0, r1, m0, '$SYS/broker/uptime', ... (11 bytes))
1778189761: Sending PUBLISH to healthcheck (d0, q0, r1, m0, '$SYS/broker/clients/total', ... (1 bytes))
1778189761: Sending PUBLISH to healthcheck (d0, q0, r1, m0, '$SYS/broker/clients/disconnected', ... (1 bytes))
1778189761: Sending PUBLISH to healthcheck (d0, q0, r1, m0, '$SYS/broker/clients/inactive', ... (1 bytes))
1778189761: Sending PUBLISH to healthcheck (d0, q0, r1, m0, '$SYS/broker/clients/connected', ... (1 bytes))
1778189761: Sending PUBLISH to healthcheck (d0, q0, r1, m0, '$SYS/broker/clients/active', ... (1 bytes))
1778189761: Sending PUBLISH to healthcheck (d0, q0, r1, m0, '$SYS/broker/clients/expired', ... (1 bytes))
1778189761: Sending PUBLISH to healthcheck (d0, q0, r1, m0, '$SYS/broker/clients/maximum', ... (1 bytes))
1778189761: Sending PUBLISH to healthcheck (d0, q0, r1, m0, '$SYS/broker/messages/stored', ... (2 bytes))
1778189761: Sending PUBLISH to healthcheck (d0, q0, r1, m0, '$SYS/broker/messages/received', ... (2 bytes))
1778189761: Sending PUBLISH to healthcheck (d0, q0, r1, m0, '$SYS/broker/messages/sent', ... (4 bytes))
1778189761: Sending PUBLISH to healthcheck (d0, q0, r1, m0, '$SYS/broker/store/messages/count', ... (2 bytes))
1778189761: Sending PUBLISH to healthcheck (d0, q0, r1, m0, '$SYS/broker/store/messages/bytes', ... (3 bytes))
1778189761: Sending PUBLISH to healthcheck (d0, q0, r1, m0, '$SYS/broker/subscriptions/count', ... (1 bytes))
1778189761: Sending PUBLISH to healthcheck (d0, q0, r1, m0, '$SYS/broker/shared_subscriptions/count', ... (1 bytes))
1778189761: Sending PUBLISH to healthcheck (d0, q0, r1, m0, '$SYS/broker/retained messages/count', ... (2 bytes))
1778189761: Sending PUBLISH to healthcheck (d0, q0, r1, m0, '$SYS/broker/heap/current', ... (6 bytes))
1778189761: Sending PUBLISH to healthcheck (d0, q0, r1, m0, '$SYS/broker/heap/maximum', ... (6 bytes))
1778189761: Sending PUBLISH to healthcheck (d0, q0, r1, m0, '$SYS/broker/bytes/received', ... (4 bytes))
1778189761: Sending PUBLISH to healthcheck (d0, q0, r1, m0, '$SYS/broker/bytes/sent', ... (5 bytes))
1778189761: Sending PUBLISH to healthcheck (d0, q0, r1, m0, '$SYS/broker/publish/bytes/received', ... (3 bytes))
1778189761: Sending PUBLISH to healthcheck (d0, q0, r1, m0, '$SYS/broker/publish/bytes/sent', ... (4 bytes))
1778189761: Sending PUBLISH to healthcheck (d0, q0, r1, m0, '$SYS/broker/publish/messages/dropped', ... (1 bytes))
1778189761: Sending PUBLISH to healthcheck (d0, q0, r1, m0, '$SYS/broker/publish/messages/received', ... (1 bytes))
1778189761: Sending PUBLISH to healthcheck (d0, q0, r1, m0, '$SYS/broker/publish/messages/sent', ... (4 bytes))
1778189761: Sending PUBLISH to healthcheck (d0, q0, r1, m0, '$SYS/broker/packet/out/count', ... (1 bytes))
1778189761: Sending PUBLISH to healthcheck (d0, q0, r1, m0, '$SYS/broker/packet/out/bytes', ... (1 bytes))
1778189761: Sending PUBLISH to healthcheck (d0, q0, r1, m0, '$SYS/broker/connections/socket/count', ... (2 bytes))
1778189761: Sending PUBLISH to healthcheck (d0, q0, r1, m0, '$SYS/broker/load/messages/received/1min', ... (4 bytes))
1778189761: Sending PUBLISH to healthcheck (d0, q0, r1, m0, '$SYS/broker/load/messages/received/5min', ... (4 bytes))
1778189761: Sending PUBLISH to healthcheck (d0, q0, r1, m0, '$SYS/broker/load/messages/received/15min', ... (4 bytes))
1778189761: Sending PUBLISH to healthcheck (d0, q0, r1, m0, '$SYS/broker/load/messages/sent/1min', ... (6 bytes))
1778189761: Sending PUBLISH to healthcheck (d0, q0, r1, m0, '$SYS/broker/load/messages/sent/5min', ... (6 bytes))
1778189761: Sending PUBLISH to healthcheck (d0, q0, r1, m0, '$SYS/broker/load/messages/sent/15min', ... (5 bytes))
1778189761: Sending PUBLISH to healthcheck (d0, q0, r1, m0, '$SYS/broker/load/publish/dropped/1min', ... (4 bytes))
1778189761: Sending PUBLISH to healthcheck (d0, q0, r1, m0, '$SYS/broker/load/publish/dropped/5min', ... (4 bytes))
1778189761: Sending PUBLISH to healthcheck (d0, q0, r1, m0, '$SYS/broker/load/publish/dropped/15min', ... (4 bytes))
1778189761: Sending PUBLISH to healthcheck (d0, q0, r1, m0, '$SYS/broker/load/publish/received/1min', ... (4 bytes))
1778189761: Sending PUBLISH to healthcheck (d0, q0, r1, m0, '$SYS/broker/load/publish/received/5min', ... (4 bytes))
1778189761: Sending PUBLISH to healthcheck (d0, q0, r1, m0, '$SYS/broker/load/publish/received/15min', ... (4 bytes))
1778189761: Sending PUBLISH to healthcheck (d0, q0, r1, m0, '$SYS/broker/load/publish/sent/1min', ... (6 bytes))
1778189761: Sending PUBLISH to healthcheck (d0, q0, r1, m0, '$SYS/broker/load/publish/sent/5min', ... (6 bytes))
1778189761: Sending PUBLISH to healthcheck (d0, q0, r1, m0, '$SYS/broker/load/publish/sent/15min', ... (5 bytes))
1778189761: Sending PUBLISH to healthcheck (d0, q0, r1, m0, '$SYS/broker/load/bytes/received/1min', ... (5 bytes))
1778189761: Sending PUBLISH to healthcheck (d0, q0, r1, m0, '$SYS/broker/load/bytes/received/5min', ... (6 bytes))
1778189761: Sending PUBLISH to healthcheck (d0, q0, r1, m0, '$SYS/broker/load/bytes/received/15min', ... (5 bytes))
1778189761: Sending PUBLISH to healthcheck (d0, q0, r1, m0, '$SYS/broker/load/bytes/sent/1min', ... (7 bytes))
1778189761: Sending PUBLISH to healthcheck (d0, q0, r1, m0, '$SYS/broker/load/bytes/sent/5min', ... (7 bytes))
1778189761: Sending PUBLISH to healthcheck (d0, q0, r1, m0, '$SYS/broker/load/bytes/sent/15min', ... (7 bytes))
1778189761: Sending PUBLISH to healthcheck (d0, q0, r1, m0, '$SYS/broker/load/sockets/1min', ... (4 bytes))
1778189761: Sending PUBLISH to healthcheck (d0, q0, r1, m0, '$SYS/broker/load/sockets/5min', ... (4 bytes))
1778189761: Sending PUBLISH to healthcheck (d0, q0, r1, m0, '$SYS/broker/load/sockets/15min', ... (4 bytes))
1778189761: Sending PUBLISH to healthcheck (d0, q0, r1, m0, '$SYS/broker/load/connections/1min', ... (4 bytes))
1778189761: Sending PUBLISH to healthcheck (d0, q0, r1, m0, '$SYS/broker/load/connections/5min', ... (4 bytes))
1778189761: Sending PUBLISH to healthcheck (d0, q0, r1, m0, '$SYS/broker/load/connections/15min', ... (4 bytes))
1778189761: Client healthcheck [127.0.0.1:34190] disconnected: connection closed by client.
1778189765: Received PINGREQ from mqtt-explorer-5c916486
1778189765: Sending PINGRESP to mqtt-explorer-5c916486
1778189770: Sending PUBLISH to mqtt-explorer-5c916486 (d0, q0, r0, m0, '$SYS/broker/uptime', ... (11 bytes))
1778189770: Sending PUBLISH to mqtt-explorer-5c916486 (d0, q0, r0, m0, '$SYS/broker/load/messages/received/1min', ... (4 bytes))
1778189770: Sending PUBLISH to mqtt-explorer-5c916486 (d0, q0, r0, m0, '$SYS/broker/load/messages/received/5min', ... (4 bytes))
1778189770: Sending PUBLISH to mqtt-explorer-5c916486 (d0, q0, r0, m0, '$SYS/broker/load/messages/received/15min', ... (4 bytes))
1778189770: Sending PUBLISH to mqtt-explorer-5c916486 (d0, q0, r0, m0, '$SYS/broker/load/messages/sent/1min', ... (6 bytes))
1778189770: Sending PUBLISH to mqtt-explorer-5c916486 (d0, q0, r0, m0, '$SYS/broker/load/messages/sent/5min', ... (6 bytes))
1778189770: Sending PUBLISH to mqtt-explorer-5c916486 (d0, q0, r0, m0, '$SYS/broker/load/messages/sent/15min', ... (5 bytes))
1778189770: Sending PUBLISH to mqtt-explorer-5c916486 (d0, q0, r0, m0, '$SYS/broker/load/publish/sent/1min', ... (6 bytes))
1778189770: Sending PUBLISH to mqtt-explorer-5c916486 (d0, q0, r0, m0, '$SYS/broker/load/publish/sent/5min', ... (6 bytes))
1778189770: Sending PUBLISH to mqtt-explorer-5c916486 (d0, q0, r0, m0, '$SYS/broker/load/publish/sent/15min', ... (5 bytes))
1778189770: Sending PUBLISH to mqtt-explorer-5c916486 (d0, q0, r0, m0, '$SYS/broker/load/bytes/received/1min', ... (5 bytes))
1778189770: Sending PUBLISH to mqtt-explorer-5c916486 (d0, q0, r0, m0, '$SYS/broker/load/bytes/received/5min', ... (6 bytes))
1778189770: Sending PUBLISH to mqtt-explorer-5c916486 (d0, q0, r0, m0, '$SYS/broker/load/bytes/received/15min', ... (5 bytes))
1778189770: Sending PUBLISH to mqtt-explorer-5c916486 (d0, q0, r0, m0, '$SYS/broker/load/bytes/sent/1min', ... (7 bytes))
1778189770: Sending PUBLISH to mqtt-explorer-5c916486 (d0, q0, r0, m0, '$SYS/broker/load/bytes/sent/5min', ... (7 bytes))
1778189770: Sending PUBLISH to mqtt-explorer-5c916486 (d0, q0, r0, m0, '$SYS/broker/load/bytes/sent/15min', ... (7 bytes))
1778189770: Sending PUBLISH to mqtt-explorer-5c916486 (d0, q0, r0, m0, '$SYS/broker/load/sockets/1min', ... (4 bytes))
1778189770: Sending PUBLISH to mqtt-explorer-5c916486 (d0, q0, r0, m0, '$SYS/broker/load/sockets/5min', ... (4 bytes))
1778189770: Sending PUBLISH to mqtt-explorer-5c916486 (d0, q0, r0, m0, '$SYS/broker/load/sockets/15min', ... (4 bytes))
1778189770: Sending PUBLISH to mqtt-explorer-5c916486 (d0, q0, r0, m0, '$SYS/broker/load/connections/1min', ... (4 bytes))
1778189770: Sending PUBLISH to mqtt-explorer-5c916486 (d0, q0, r0, m0, '$SYS/broker/load/connections/5min', ... (4 bytes))
1778189770: Sending PUBLISH to mqtt-explorer-5c916486 (d0, q0, r0, m0, '$SYS/broker/load/connections/15min', ... (4 bytes))
1778189770: Sending PUBLISH to mqtt-explorer-5c916486 (d0, q0, r0, m0, '$SYS/broker/messages/received', ... (2 bytes))
1778189770: Sending PUBLISH to mqtt-explorer-5c916486 (d0, q0, r0, m0, '$SYS/broker/messages/sent', ... (4 bytes))
1778189770: Sending PUBLISH to mqtt-explorer-5c916486 (d0, q0, r0, m0, '$SYS/broker/bytes/received', ... (4 bytes))
1778189770: Sending PUBLISH to mqtt-explorer-5c916486 (d0, q0, r0, m0, '$SYS/broker/bytes/sent', ... (5 bytes))
1778189770: Sending PUBLISH to mqtt-explorer-5c916486 (d0, q0, r0, m0, '$SYS/broker/publish/bytes/sent', ... (4 bytes))
1778189770: Sending PUBLISH to mqtt-explorer-5c916486 (d0, q0, r0, m0, '$SYS/broker/connections/socket/count', ... (2 bytes))
1778189770: Sending PUBLISH to mqtt-explorer-5c916486 (d0, q0, r0, m0, '$SYS/broker/publish/messages/sent', ... (4 bytes))
1778189780: Sending PUBLISH to mqtt-explorer-5c916486 (d0, q0, r0, m0, '$SYS/broker/uptime', ... (11 bytes))
1778189780: Sending PUBLISH to mqtt-explorer-5c916486 (d0, q0, r0, m0, '$SYS/broker/load/messages/received/1min', ... (4 bytes))
1778189780: Sending PUBLISH to mqtt-explorer-5c916486 (d0, q0, r0, m0, '$SYS/broker/load/messages/received/5min', ... (4 bytes))
1778189780: Sending PUBLISH to mqtt-explorer-5c916486 (d0, q0, r0, m0, '$SYS/broker/load/messages/received/15min', ... (4 bytes))
1778189780: Sending PUBLISH to mqtt-explorer-5c916486 (d0, q0, r0, m0, '$SYS/broker/load/messages/sent/1min', ... (6 bytes))
1778189780: Sending PUBLISH to mqtt-explorer-5c916486 (d0, q0, r0, m0, '$SYS/broker/load/messages/sent/5min', ... (6 bytes))
1778189780: Sending PUBLISH to mqtt-explorer-5c916486 (d0, q0, r0, m0, '$SYS/broker/load/messages/sent/15min', ... (5 bytes))
1778189780: Sending PUBLISH to mqtt-explorer-5c916486 (d0, q0, r0, m0, '$SYS/broker/load/publish/sent/1min', ... (6 bytes))
1778189780: Sending PUBLISH to mqtt-explorer-5c916486 (d0, q0, r0, m0, '$SYS/broker/load/publish/sent/5min', ... (6 bytes))
1778189780: Sending PUBLISH to mqtt-explorer-5c916486 (d0, q0, r0, m0, '$SYS/broker/load/publish/sent/15min', ... (5 bytes))
1778189780: Sending PUBLISH to mqtt-explorer-5c916486 (d0, q0, r0, m0, '$SYS/broker/load/bytes/received/1min', ... (5 bytes))
1778189780: Sending PUBLISH to mqtt-explorer-5c916486 (d0, q0, r0, m0, '$SYS/broker/load/bytes/received/5min', ... (6 bytes))
1778189780: Sending PUBLISH to mqtt-explorer-5c916486 (d0, q0, r0, m0, '$SYS/broker/load/bytes/received/15min', ... (5 bytes))
1778189780: Sending PUBLISH to mqtt-explorer-5c916486 (d0, q0, r0, m0, '$SYS/broker/load/bytes/sent/1min', ... (7 bytes))
1778189780: Sending PUBLISH to mqtt-explorer-5c916486 (d0, q0, r0, m0, '$SYS/broker/load/bytes/sent/5min', ... (7 bytes))
1778189780: Sending PUBLISH to mqtt-explorer-5c916486 (d0, q0, r0, m0, '$SYS/broker/load/bytes/sent/15min', ... (7 bytes))
1778189780: Sending PUBLISH to mqtt-explorer-5c916486 (d0, q0, r0, m0, '$SYS/broker/load/sockets/1min', ... (4 bytes))
1778189780: Sending PUBLISH to mqtt-explorer-5c916486 (d0, q0, r0, m0, '$SYS/broker/load/sockets/5min', ... (4 bytes))
1778189780: Sending PUBLISH to mqtt-explorer-5c916486 (d0, q0, r0, m0, '$SYS/broker/load/connections/1min', ... (4 bytes))
1778189780: Sending PUBLISH to mqtt-explorer-5c916486 (d0, q0, r0, m0, '$SYS/broker/load/connections/5min', ... (4 bytes))
1778189780: Sending PUBLISH to mqtt-explorer-5c916486 (d0, q0, r0, m0, '$SYS/broker/messages/sent', ... (4 bytes))
1778189780: Sending PUBLISH to mqtt-explorer-5c916486 (d0, q0, r0, m0, '$SYS/broker/bytes/sent', ... (5 bytes))
1778189780: Sending PUBLISH to mqtt-explorer-5c916486 (d0, q0, r0, m0, '$SYS/broker/publish/bytes/sent', ... (4 bytes))
1778189780: Sending PUBLISH to mqtt-explorer-5c916486 (d0, q0, r0, m0, '$SYS/broker/publish/messages/sent', ... (4 bytes))
1778189790: Sending PUBLISH to mqtt-explorer-5c916486 (d0, q0, r0, m0, '$SYS/broker/uptime', ... (11 bytes))
1778189790: Sending PUBLISH to mqtt-explorer-5c916486 (d0, q0, r0, m0, '$SYS/broker/load/messages/received/1min', ... (4 bytes))
1778189790: Sending PUBLISH to mqtt-explorer-5c916486 (d0, q0, r0, m0, '$SYS/broker/load/messages/received/5min', ... (4 bytes))
1778189790: Sending PUBLISH to mqtt-explorer-5c916486 (d0, q0, r0, m0, '$SYS/broker/load/messages/received/15min', ... (4 bytes))
1778189790: Sending PUBLISH to mqtt-explorer-5c916486 (d0, q0, r0, m0, '$SYS/broker/load/messages/sent/1min', ... (6 bytes))
1778189790: Sending PUBLISH to mqtt-explorer-5c916486 (d0, q0, r0, m0, '$SYS/broker/load/messages/sent/5min', ... (6 bytes))
1778189790: Sending PUBLISH to mqtt-explorer-5c916486 (d0, q0, r0, m0, '$SYS/broker/load/messages/sent/15min', ... (5 bytes))
1778189790: Sending PUBLISH to mqtt-explorer-5c916486 (d0, q0, r0, m0, '$SYS/broker/load/publish/sent/1min', ... (6 bytes))
1778189790: Sending PUBLISH to mqtt-explorer-5c916486 (d0, q0, r0, m0, '$SYS/broker/load/publish/sent/5min', ... (6 bytes))
1778189790: Sending PUBLISH to mqtt-explorer-5c916486 (d0, q0, r0, m0, '$SYS/broker/load/publish/sent/15min', ... (5 bytes))
1778189790: Sending PUBLISH to mqtt-explorer-5c916486 (d0, q0, r0, m0, '$SYS/broker/load/bytes/received/1min', ... (5 bytes))
1778189790: Sending PUBLISH to mqtt-explorer-5c916486 (d0, q0, r0, m0, '$SYS/broker/load/bytes/received/5min', ... (6 bytes))
1778189790: Sending PUBLISH to mqtt-explorer-5c916486 (d0, q0, r0, m0, '$SYS/broker/load/bytes/received/15min', ... (5 bytes))
1778189790: Sending PUBLISH to mqtt-explorer-5c916486 (d0, q0, r0, m0, '$SYS/broker/load/bytes/sent/1min', ... (7 bytes))
1778189790: Sending PUBLISH to mqtt-explorer-5c916486 (d0, q0, r0, m0, '$SYS/broker/load/bytes/sent/5min', ... (7 bytes))
1778189790: Sending PUBLISH to mqtt-explorer-5c916486 (d0, q0, r0, m0, '$SYS/broker/load/bytes/sent/15min', ... (7 bytes))
1778189790: Sending PUBLISH to mqtt-explorer-5c916486 (d0, q0, r0, m0, '$SYS/broker/load/sockets/1min', ... (4 bytes))
1778189790: Sending PUBLISH to mqtt-explorer-5c916486 (d0, q0, r0, m0, '$SYS/broker/load/sockets/5min', ... (4 bytes))
1778189790: Sending PUBLISH to mqtt-explorer-5c916486 (d0, q0, r0, m0, '$SYS/broker/load/connections/1min', ... (4 bytes))
1778189790: Sending PUBLISH to mqtt-explorer-5c916486 (d0, q0, r0, m0, '$SYS/broker/load/connections/5min', ... (4 bytes))
1778189790: Sending PUBLISH to mqtt-explorer-5c916486 (d0, q0, r0, m0, '$SYS/broker/messages/sent', ... (4 bytes))
1778189790: Sending PUBLISH to mqtt-explorer-5c916486 (d0, q0, r0, m0, '$SYS/broker/bytes/sent', ... (5 bytes))
1778189790: Sending PUBLISH to mqtt-explorer-5c916486 (d0, q0, r0, m0, '$SYS/broker/publish/bytes/sent', ... (4 bytes))
1778189790: Sending PUBLISH to mqtt-explorer-5c916486 (d0, q0, r0, m0, '$SYS/broker/publish/messages/sent', ... (4 bytes))
1778189792: New connection from 127.0.0.1:52700 on port 1883.
1778189792: New client connected from 127.0.0.1:52700 as healthcheck (p4, c1, k60).
1778189792: No will message specified.
1778189792: Sending CONNACK to healthcheck (0, 0)
1778189792: Received SUBSCRIBE from healthcheck
1778189792: 	$SYS/# (QoS 0)
1778189792: healthcheck 0 $SYS/#
1778189792: Sending SUBACK to healthcheck
1778189792: Sending PUBLISH to healthcheck (d0, q0, r1, m0, '$SYS/broker/version', ... (23 bytes))
1778189792: Sending PUBLISH to healthcheck (d0, q0, r1, m0, '$SYS/broker/uptime', ... (11 bytes))
1778189792: Sending PUBLISH to healthcheck (d0, q0, r1, m0, '$SYS/broker/clients/total', ... (1 bytes))
1778189792: Sending PUBLISH to healthcheck (d0, q0, r1, m0, '$SYS/broker/clients/disconnected', ... (1 bytes))
1778189792: Sending PUBLISH to healthcheck (d0, q0, r1, m0, '$SYS/broker/clients/inactive', ... (1 bytes))
1778189792: Sending PUBLISH to healthcheck (d0, q0, r1, m0, '$SYS/broker/clients/connected', ... (1 bytes))
1778189792: Sending PUBLISH to healthcheck (d0, q0, r1, m0, '$SYS/broker/clients/active', ... (1 bytes))
1778189792: Sending PUBLISH to healthcheck (d0, q0, r1, m0, '$SYS/broker/clients/expired', ... (1 bytes))
1778189792: Sending PUBLISH to healthcheck (d0, q0, r1, m0, '$SYS/broker/clients/maximum', ... (1 bytes))
1778189792: Sending PUBLISH to healthcheck (d0, q0, r1, m0, '$SYS/broker/messages/stored', ... (2 bytes))
1778189792: Sending PUBLISH to healthcheck (d0, q0, r1, m0, '$SYS/broker/messages/received', ... (2 bytes))
1778189792: Sending PUBLISH to healthcheck (d0, q0, r1, m0, '$SYS/broker/messages/sent', ... (4 bytes))
1778189792: Sending PUBLISH to healthcheck (d0, q0, r1, m0, '$SYS/broker/store/messages/count', ... (2 bytes))
1778189792: Sending PUBLISH to healthcheck (d0, q0, r1, m0, '$SYS/broker/store/messages/bytes', ... (3 bytes))
1778189792: Sending PUBLISH to healthcheck (d0, q0, r1, m0, '$SYS/broker/subscriptions/count', ... (1 bytes))
1778189792: Sending PUBLISH to healthcheck (d0, q0, r1, m0, '$SYS/broker/shared_subscriptions/count', ... (1 bytes))
1778189792: Sending PUBLISH to healthcheck (d0, q0, r1, m0, '$SYS/broker/retained messages/count', ... (2 bytes))
1778189792: Sending PUBLISH to healthcheck (d0, q0, r1, m0, '$SYS/broker/heap/current', ... (6 bytes))
1778189792: Sending PUBLISH to healthcheck (d0, q0, r1, m0, '$SYS/broker/heap/maximum', ... (6 bytes))
1778189792: Sending PUBLISH to healthcheck (d0, q0, r1, m0, '$SYS/broker/bytes/received', ... (4 bytes))
1778189792: Sending PUBLISH to healthcheck (d0, q0, r1, m0, '$SYS/broker/bytes/sent', ... (5 bytes))
1778189792: Sending PUBLISH to healthcheck (d0, q0, r1, m0, '$SYS/broker/publish/bytes/received', ... (3 bytes))
1778189792: Sending PUBLISH to healthcheck (d0, q0, r1, m0, '$SYS/broker/publish/bytes/sent', ... (4 bytes))
1778189792: Sending PUBLISH to healthcheck (d0, q0, r1, m0, '$SYS/broker/publish/messages/dropped', ... (1 bytes))
1778189792: Sending PUBLISH to healthcheck (d0, q0, r1, m0, '$SYS/broker/publish/messages/received', ... (1 bytes))
1778189792: Sending PUBLISH to healthcheck (d0, q0, r1, m0, '$SYS/broker/publish/messages/sent', ... (4 bytes))
1778189792: Sending PUBLISH to healthcheck (d0, q0, r1, m0, '$SYS/broker/packet/out/count', ... (1 bytes))
1778189792: Sending PUBLISH to healthcheck (d0, q0, r1, m0, '$SYS/broker/packet/out/bytes', ... (1 bytes))
1778189792: Sending PUBLISH to healthcheck (d0, q0, r1, m0, '$SYS/broker/connections/socket/count', ... (2 bytes))
1778189792: Sending PUBLISH to healthcheck (d0, q0, r1, m0, '$SYS/broker/load/messages/received/1min', ... (4 bytes))
1778189792: Sending PUBLISH to healthcheck (d0, q0, r1, m0, '$SYS/broker/load/messages/received/5min', ... (4 bytes))
1778189792: Sending PUBLISH to healthcheck (d0, q0, r1, m0, '$SYS/broker/load/messages/received/15min', ... (4 bytes))
1778189792: Sending PUBLISH to healthcheck (d0, q0, r1, m0, '$SYS/broker/load/messages/sent/1min', ... (6 bytes))
1778189792: Sending PUBLISH to healthcheck (d0, q0, r1, m0, '$SYS/broker/load/messages/sent/5min', ... (6 bytes))
1778189792: Sending PUBLISH to healthcheck (d0, q0, r1, m0, '$SYS/broker/load/messages/sent/15min', ... (5 bytes))
1778189792: Sending PUBLISH to healthcheck (d0, q0, r1, m0, '$SYS/broker/load/publish/dropped/1min', ... (4 bytes))
1778189792: Sending PUBLISH to healthcheck (d0, q0, r1, m0, '$SYS/broker/load/publish/dropped/5min', ... (4 bytes))
1778189792: Sending PUBLISH to healthcheck (d0, q0, r1, m0, '$SYS/broker/load/publish/dropped/15min', ... (4 bytes))
1778189792: Sending PUBLISH to healthcheck (d0, q0, r1, m0, '$SYS/broker/load/publish/received/1min', ... (4 bytes))
1778189792: Sending PUBLISH to healthcheck (d0, q0, r1, m0, '$SYS/broker/load/publish/received/5min', ... (4 bytes))
1778189792: Sending PUBLISH to healthcheck (d0, q0, r1, m0, '$SYS/broker/load/publish/received/15min', ... (4 bytes))
1778189792: Sending PUBLISH to healthcheck (d0, q0, r1, m0, '$SYS/broker/load/publish/sent/1min', ... (6 bytes))
1778189792: Sending PUBLISH to healthcheck (d0, q0, r1, m0, '$SYS/broker/load/publish/sent/5min', ... (6 bytes))
1778189792: Sending PUBLISH to healthcheck (d0, q0, r1, m0, '$SYS/broker/load/publish/sent/15min', ... (5 bytes))
1778189792: Sending PUBLISH to healthcheck (d0, q0, r1, m0, '$SYS/broker/load/bytes/received/1min', ... (5 bytes))
1778189792: Sending PUBLISH to healthcheck (d0, q0, r1, m0, '$SYS/broker/load/bytes/received/5min', ... (6 bytes))
1778189792: Sending PUBLISH to healthcheck (d0, q0, r1, m0, '$SYS/broker/load/bytes/received/15min', ... (5 bytes))
1778189792: Sending PUBLISH to healthcheck (d0, q0, r1, m0, '$SYS/broker/load/bytes/sent/1min', ... (7 bytes))
1778189792: Sending PUBLISH to healthcheck (d0, q0, r1, m0, '$SYS/broker/load/bytes/sent/5min', ... (7 bytes))
1778189792: Sending PUBLISH to healthcheck (d0, q0, r1, m0, '$SYS/broker/load/bytes/sent/15min', ... (7 bytes))
1778189792: Sending PUBLISH to healthcheck (d0, q0, r1, m0, '$SYS/broker/load/sockets/1min', ... (4 bytes))
1778189792: Sending PUBLISH to healthcheck (d0, q0, r1, m0, '$SYS/broker/load/sockets/5min', ... (4 bytes))
1778189792: Sending PUBLISH to healthcheck (d0, q0, r1, m0, '$SYS/broker/load/sockets/15min', ... (4 bytes))
1778189792: Sending PUBLISH to healthcheck (d0, q0, r1, m0, '$SYS/broker/load/connections/1min', ... (4 bytes))
1778189792: Sending PUBLISH to healthcheck (d0, q0, r1, m0, '$SYS/broker/load/connections/5min', ... (4 bytes))
1778189792: Sending PUBLISH to healthcheck (d0, q0, r1, m0, '$SYS/broker/load/connections/15min', ... (4 bytes))
1778189792: Client healthcheck [127.0.0.1:52700] disconnected: connection closed by client.
1778189799: New connection from 172.18.0.1:63402 on port 1883.
1778189799: New client connected from 172.18.0.1:63402 as ISIC-ESP8266-001 (p4, c1, k60).
1778189799: No will message specified.
1778189799: Sending CONNACK to ISIC-ESP8266-001 (0, 0)
1778189799: Received SUBSCRIBE from ISIC-ESP8266-001
1778189799: 	device/ISIC-ESP8266-001/config/set/# (QoS 0)
1778189799: ISIC-ESP8266-001 0 device/ISIC-ESP8266-001/config/set/#
1778189799: Sending SUBACK to ISIC-ESP8266-001
1778189799: Received SUBSCRIBE from ISIC-ESP8266-001
1778189799: 	device/ISIC-ESP8266-001/config/get/# (QoS 0)
1778189799: ISIC-ESP8266-001 0 device/ISIC-ESP8266-001/config/get/#
1778189799: Sending SUBACK to ISIC-ESP8266-001
1778189799: Received SUBSCRIBE from ISIC-ESP8266-001
1778189799: 	device/ISIC-ESP8266-001/ota/start (QoS 0)
1778189799: ISIC-ESP8266-001 0 device/ISIC-ESP8266-001/ota/start
1778189799: Sending SUBACK to ISIC-ESP8266-001
1778189799: Received SUBSCRIBE from ISIC-ESP8266-001
1778189799: 	device/ISIC-ESP8266-001/status/request (QoS 0)
1778189799: ISIC-ESP8266-001 0 device/ISIC-ESP8266-001/status/request
1778189799: Sending SUBACK to ISIC-ESP8266-001
1778189799: Received SUBSCRIBE from ISIC-ESP8266-001
1778189799: 	device/ISIC-ESP8266-001/health/request (QoS 0)
1778189799: ISIC-ESP8266-001 0 device/ISIC-ESP8266-001/health/request
1778189799: Sending SUBACK to ISIC-ESP8266-001
1778189799: Received SUBSCRIBE from ISIC-ESP8266-001
1778189799: 	device/ISIC-ESP8266-001/metrics/request (QoS 0)
1778189799: ISIC-ESP8266-001 0 device/ISIC-ESP8266-001/metrics/request
1778189799: Sending SUBACK to ISIC-ESP8266-001
1778189800: Sending PUBLISH to mqtt-explorer-5c916486 (d0, q0, r0, m0, '$SYS/broker/uptime', ... (11 bytes))
1778189800: Sending PUBLISH to mqtt-explorer-5c916486 (d0, q0, r0, m0, '$SYS/broker/load/messages/received/1min', ... (5 bytes))
1778189800: Sending PUBLISH to mqtt-explorer-5c916486 (d0, q0, r0, m0, '$SYS/broker/load/messages/received/5min', ... (4 bytes))
1778189800: Sending PUBLISH to mqtt-explorer-5c916486 (d0, q0, r0, m0, '$SYS/broker/load/messages/received/15min', ... (4 bytes))
1778189800: Sending PUBLISH to mqtt-explorer-5c916486 (d0, q0, r0, m0, '$SYS/broker/load/messages/sent/1min', ... (6 bytes))
1778189800: Sending PUBLISH to mqtt-explorer-5c916486 (d0, q0, r0, m0, '$SYS/broker/load/messages/sent/5min', ... (6 bytes))
1778189800: Sending PUBLISH to mqtt-explorer-5c916486 (d0, q0, r0, m0, '$SYS/broker/load/messages/sent/15min', ... (5 bytes))
1778189800: Sending PUBLISH to mqtt-explorer-5c916486 (d0, q0, r0, m0, '$SYS/broker/load/publish/sent/1min', ... (6 bytes))
1778189800: Sending PUBLISH to mqtt-explorer-5c916486 (d0, q0, r0, m0, '$SYS/broker/load/publish/sent/5min', ... (6 bytes))
1778189800: Sending PUBLISH to mqtt-explorer-5c916486 (d0, q0, r0, m0, '$SYS/broker/load/publish/sent/15min', ... (5 bytes))
1778189800: Sending PUBLISH to mqtt-explorer-5c916486 (d0, q0, r0, m0, '$SYS/broker/load/bytes/received/1min', ... (6 bytes))
1778189800: Sending PUBLISH to mqtt-explorer-5c916486 (d0, q0, r0, m0, '$SYS/broker/load/bytes/received/5min', ... (6 bytes))
1778189800: Sending PUBLISH to mqtt-explorer-5c916486 (d0, q0, r0, m0, '$SYS/broker/load/bytes/received/15min', ... (5 bytes))
1778189800: Sending PUBLISH to mqtt-explorer-5c916486 (d0, q0, r0, m0, '$SYS/broker/load/bytes/sent/1min', ... (7 bytes))
1778189800: Sending PUBLISH to mqtt-explorer-5c916486 (d0, q0, r0, m0, '$SYS/broker/load/bytes/sent/5min', ... (7 bytes))
1778189800: Sending PUBLISH to mqtt-explorer-5c916486 (d0, q0, r0, m0, '$SYS/broker/load/bytes/sent/15min', ... (7 bytes))
1778189800: Sending PUBLISH to mqtt-explorer-5c916486 (d0, q0, r0, m0, '$SYS/broker/load/sockets/1min', ... (4 bytes))
1778189800: Sending PUBLISH to mqtt-explorer-5c916486 (d0, q0, r0, m0, '$SYS/broker/load/sockets/5min', ... (4 bytes))
1778189800: Sending PUBLISH to mqtt-explorer-5c916486 (d0, q0, r0, m0, '$SYS/broker/load/sockets/15min', ... (4 bytes))
1778189800: Sending PUBLISH to mqtt-explorer-5c916486 (d0, q0, r0, m0, '$SYS/broker/load/connections/1min', ... (4 bytes))
1778189800: Sending PUBLISH to mqtt-explorer-5c916486 (d0, q0, r0, m0, '$SYS/broker/load/connections/5min', ... (4 bytes))
1778189800: Sending PUBLISH to mqtt-explorer-5c916486 (d0, q0, r0, m0, '$SYS/broker/load/connections/15min', ... (4 bytes))
1778189800: Sending PUBLISH to mqtt-explorer-5c916486 (d0, q0, r0, m0, '$SYS/broker/clients/total', ... (1 bytes))
1778189800: Sending PUBLISH to mqtt-explorer-5c916486 (d0, q0, r0, m0, '$SYS/broker/clients/connected', ... (1 bytes))
1778189800: Sending PUBLISH to mqtt-explorer-5c916486 (d0, q0, r0, m0, '$SYS/broker/clients/active', ... (1 bytes))
1778189800: Sending PUBLISH to mqtt-explorer-5c916486 (d0, q0, r0, m0, '$SYS/broker/subscriptions/count', ... (1 bytes))
1778189800: Sending PUBLISH to mqtt-explorer-5c916486 (d0, q0, r0, m0, '$SYS/broker/heap/current', ... (6 bytes))
1778189800: Sending PUBLISH to mqtt-explorer-5c916486 (d0, q0, r0, m0, '$SYS/broker/messages/received', ... (2 bytes))
1778189800: Sending PUBLISH to mqtt-explorer-5c916486 (d0, q0, r0, m0, '$SYS/broker/messages/sent', ... (4 bytes))
1778189800: Sending PUBLISH to mqtt-explorer-5c916486 (d0, q0, r0, m0, '$SYS/broker/bytes/received', ... (4 bytes))
1778189800: Sending PUBLISH to mqtt-explorer-5c916486 (d0, q0, r0, m0, '$SYS/broker/bytes/sent', ... (5 bytes))
1778189800: Sending PUBLISH to mqtt-explorer-5c916486 (d0, q0, r0, m0, '$SYS/broker/publish/bytes/sent', ... (4 bytes))
1778189800: Sending PUBLISH to mqtt-explorer-5c916486 (d0, q0, r0, m0, '$SYS/broker/connections/socket/count', ... (2 bytes))
1778189800: Sending PUBLISH to mqtt-explorer-5c916486 (d0, q0, r0, m0, '$SYS/broker/publish/messages/sent', ... (4 bytes))
1778189801: Received PUBLISH from ISIC-ESP8266-001 (d0, q0, r1, m0, 'device/ISIC-ESP8266-001/health', ... (222 bytes))
1778189801: Sending PUBLISH to mqtt-explorer-5c916486 (d0, q0, r0, m0, 'device/ISIC-ESP8266-001/health', ... (222 bytes))
1778189801: Received PUBLISH from ISIC-ESP8266-001 (d0, q0, r1, m0, 'device/ISIC-ESP8266-001/status', ... (20 bytes))
1778189801: Sending PUBLISH to mqtt-explorer-5c916486 (d0, q0, r0, m0, 'device/ISIC-ESP8266-001/status', ... (20 bytes))
1778189810: Sending PUBLISH to mqtt-explorer-5c916486 (d0, q0, r0, m0, '$SYS/broker/uptime', ... (11 bytes))
1778189810: Sending PUBLISH to mqtt-explorer-5c916486 (d0, q0, r0, m0, '$SYS/broker/load/messages/received/5min', ... (4 bytes))
1778189810: Sending PUBLISH to mqtt-explorer-5c916486 (d0, q0, r0, m0, '$SYS/broker/load/messages/received/15min', ... (4 bytes))
1778189810: Sending PUBLISH to mqtt-explorer-5c916486 (d0, q0, r0, m0, '$SYS/broker/load/messages/sent/1min', ... (6 bytes))
1778189810: Sending PUBLISH to mqtt-explorer-5c916486 (d0, q0, r0, m0, '$SYS/broker/load/messages/sent/5min', ... (6 bytes))
1778189810: Sending PUBLISH to mqtt-explorer-5c916486 (d0, q0, r0, m0, '$SYS/broker/load/messages/sent/15min', ... (5 bytes))
1778189810: Sending PUBLISH to mqtt-explorer-5c916486 (d0, q0, r0, m0, '$SYS/broker/load/publish/received/1min', ... (4 bytes))
1778189810: Sending PUBLISH to mqtt-explorer-5c916486 (d0, q0, r0, m0, '$SYS/broker/load/publish/received/5min', ... (4 bytes))
1778189810: Sending PUBLISH to mqtt-explorer-5c916486 (d0, q0, r0, m0, '$SYS/broker/load/publish/received/15min', ... (4 bytes))
1778189810: Sending PUBLISH to mqtt-explorer-5c916486 (d0, q0, r0, m0, '$SYS/broker/load/publish/sent/1min', ... (6 bytes))
1778189810: Sending PUBLISH to mqtt-explorer-5c916486 (d0, q0, r0, m0, '$SYS/broker/load/publish/sent/5min', ... (6 bytes))
1778189810: Sending PUBLISH to mqtt-explorer-5c916486 (d0, q0, r0, m0, '$SYS/broker/load/publish/sent/15min', ... (5 bytes))
1778189810: Sending PUBLISH to mqtt-explorer-5c916486 (d0, q0, r0, m0, '$SYS/broker/load/bytes/received/1min', ... (6 bytes))
1778189810: Sending PUBLISH to mqtt-explorer-5c916486 (d0, q0, r0, m0, '$SYS/broker/load/bytes/received/5min', ... (6 bytes))
1778189810: Sending PUBLISH to mqtt-explorer-5c916486 (d0, q0, r0, m0, '$SYS/broker/load/bytes/received/15min', ... (6 bytes))
1778189810: Sending PUBLISH to mqtt-explorer-5c916486 (d0, q0, r0, m0, '$SYS/broker/load/bytes/sent/1min', ... (7 bytes))
1778189810: Sending PUBLISH to mqtt-explorer-5c916486 (d0, q0, r0, m0, '$SYS/broker/load/bytes/sent/5min', ... (7 bytes))
1778189810: Sending PUBLISH to mqtt-explorer-5c916486 (d0, q0, r0, m0, '$SYS/broker/load/bytes/sent/15min', ... (7 bytes))
1778189810: Sending PUBLISH to mqtt-explorer-5c916486 (d0, q0, r0, m0, '$SYS/broker/load/sockets/1min', ... (4 bytes))
1778189810: Sending PUBLISH to mqtt-explorer-5c916486 (d0, q0, r0, m0, '$SYS/broker/load/sockets/5min', ... (4 bytes))
1778189810: Sending PUBLISH to mqtt-explorer-5c916486 (d0, q0, r0, m0, '$SYS/broker/load/sockets/15min', ... (4 bytes))
1778189810: Sending PUBLISH to mqtt-explorer-5c916486 (d0, q0, r0, m0, '$SYS/broker/load/connections/1min', ... (4 bytes))
1778189810: Sending PUBLISH to mqtt-explorer-5c916486 (d0, q0, r0, m0, '$SYS/broker/load/connections/5min', ... (4 bytes))
1778189810: Sending PUBLISH to mqtt-explorer-5c916486 (d0, q0, r0, m0, '$SYS/broker/load/connections/15min', ... (4 bytes))
1778189810: Sending PUBLISH to mqtt-explorer-5c916486 (d0, q0, r0, m0, '$SYS/broker/store/messages/bytes', ... (3 bytes))
1778189810: Sending PUBLISH to mqtt-explorer-5c916486 (d0, q0, r0, m0, '$SYS/broker/heap/current', ... (6 bytes))
1778189810: Sending PUBLISH to mqtt-explorer-5c916486 (d0, q0, r0, m0, '$SYS/broker/messages/received', ... (2 bytes))
1778189810: Sending PUBLISH to mqtt-explorer-5c916486 (d0, q0, r0, m0, '$SYS/broker/messages/sent', ... (4 bytes))
1778189810: Sending PUBLISH to mqtt-explorer-5c916486 (d0, q0, r0, m0, '$SYS/broker/bytes/received', ... (4 bytes))
1778189810: Sending PUBLISH to mqtt-explorer-5c916486 (d0, q0, r0, m0, '$SYS/broker/bytes/sent', ... (5 bytes))
1778189810: Sending PUBLISH to mqtt-explorer-5c916486 (d0, q0, r0, m0, '$SYS/broker/publish/bytes/received', ... (3 bytes))
1778189810: Sending PUBLISH to mqtt-explorer-5c916486 (d0, q0, r0, m0, '$SYS/broker/publish/bytes/sent', ... (4 bytes))
1778189810: Sending PUBLISH to mqtt-explorer-5c916486 (d0, q0, r0, m0, '$SYS/broker/publish/messages/received', ... (1 bytes))
1778189810: Sending PUBLISH to mqtt-explorer-5c916486 (d0, q0, r0, m0, '$SYS/broker/publish/messages/sent', ... (4 bytes))
1778189820: Sending PUBLISH to mqtt-explorer-5c916486 (d0, q0, r0, m0, '$SYS/broker/uptime', ... (11 bytes))
1778189820: Sending PUBLISH to mqtt-explorer-5c916486 (d0, q0, r0, m0, '$SYS/broker/load/messages/received/1min', ... (5 bytes))
1778189820: Sending PUBLISH to mqtt-explorer-5c916486 (d0, q0, r0, m0, '$SYS/broker/load/messages/received/5min', ... (4 bytes))
1778189820: Sending PUBLISH to mqtt-explorer-5c916486 (d0, q0, r0, m0, '$SYS/broker/load/messages/received/15min', ... (4 bytes))
1778189820: Sending PUBLISH to mqtt-explorer-5c916486 (d0, q0, r0, m0, '$SYS/broker/load/messages/sent/1min', ... (6 bytes))
1778189820: Sending PUBLISH to mqtt-explorer-5c916486 (d0, q0, r0, m0, '$SYS/broker/load/messages/sent/5min', ... (6 bytes))
1778189820: Sending PUBLISH to mqtt-explorer-5c916486 (d0, q0, r0, m0, '$SYS/broker/load/messages/sent/15min', ... (5 bytes))
1778189820: Sending PUBLISH to mqtt-explorer-5c916486 (d0, q0, r0, m0, '$SYS/broker/load/publish/received/1min', ... (4 bytes))
1778189820: Sending PUBLISH to mqtt-explorer-5c916486 (d0, q0, r0, m0, '$SYS/broker/load/publish/received/5min', ... (4 bytes))
1778189820: Sending PUBLISH to mqtt-explorer-5c916486 (d0, q0, r0, m0, '$SYS/broker/load/publish/sent/1min', ... (6 bytes))
1778189820: Sending PUBLISH to mqtt-explorer-5c916486 (d0, q0, r0, m0, '$SYS/broker/load/publish/sent/5min', ... (6 bytes))
1778189820: Sending PUBLISH to mqtt-explorer-5c916486 (d0, q0, r0, m0, '$SYS/broker/load/publish/sent/15min', ... (5 bytes))
1778189820: Sending PUBLISH to mqtt-explorer-5c916486 (d0, q0, r0, m0, '$SYS/broker/load/bytes/received/1min', ... (6 bytes))
1778189820: Sending PUBLISH to mqtt-explorer-5c916486 (d0, q0, r0, m0, '$SYS/broker/load/bytes/received/5min', ... (6 bytes))
1778189820: Sending PUBLISH to mqtt-explorer-5c916486 (d0, q0, r0, m0, '$SYS/broker/load/bytes/received/15min', ... (5 bytes))
1778189820: Sending PUBLISH to mqtt-explorer-5c916486 (d0, q0, r0, m0, '$SYS/broker/load/bytes/sent/1min', ... (7 bytes))
1778189820: Sending PUBLISH to mqtt-explorer-5c916486 (d0, q0, r0, m0, '$SYS/broker/load/bytes/sent/5min', ... (7 bytes))
1778189820: Sending PUBLISH to mqtt-explorer-5c916486 (d0, q0, r0, m0, '$SYS/broker/load/bytes/sent/15min', ... (7 bytes))
1778189820: Sending PUBLISH to mqtt-explorer-5c916486 (d0, q0, r0, m0, '$SYS/broker/load/sockets/1min', ... (4 bytes))
1778189820: Sending PUBLISH to mqtt-explorer-5c916486 (d0, q0, r0, m0, '$SYS/broker/load/sockets/5min', ... (4 bytes))
1778189820: Sending PUBLISH to mqtt-explorer-5c916486 (d0, q0, r0, m0, '$SYS/broker/load/sockets/15min', ... (4 bytes))
1778189820: Sending PUBLISH to mqtt-explorer-5c916486 (d0, q0, r0, m0, '$SYS/broker/load/connections/1min', ... (4 bytes))
1778189820: Sending PUBLISH to mqtt-explorer-5c916486 (d0, q0, r0, m0, '$SYS/broker/load/connections/5min', ... (4 bytes))
1778189820: Sending PUBLISH to mqtt-explorer-5c916486 (d0, q0, r0, m0, '$SYS/broker/load/connections/15min', ... (4 bytes))
1778189820: Sending PUBLISH to mqtt-explorer-5c916486 (d0, q0, r0, m0, '$SYS/broker/store/messages/bytes', ... (3 bytes))
1778189820: Sending PUBLISH to mqtt-explorer-5c916486 (d0, q0, r0, m0, '$SYS/broker/heap/current', ... (6 bytes))
1778189820: Sending PUBLISH to mqtt-explorer-5c916486 (d0, q0, r0, m0, '$SYS/broker/messages/sent', ... (4 bytes))
1778189820: Sending PUBLISH to mqtt-explorer-5c916486 (d0, q0, r0, m0, '$SYS/broker/bytes/sent', ... (5 bytes))
1778189820: Sending PUBLISH to mqtt-explorer-5c916486 (d0, q0, r0, m0, '$SYS/broker/publish/bytes/sent', ... (4 bytes))
1778189820: Sending PUBLISH to mqtt-explorer-5c916486 (d0, q0, r0, m0, '$SYS/broker/publish/messages/sent', ... (4 bytes))
1778189822: New connection from 127.0.0.1:33220 on port 1883.
1778189822: New client connected from 127.0.0.1:33220 as healthcheck (p4, c1, k60).
1778189822: No will message specified.
1778189822: Sending CONNACK to healthcheck (0, 0)
1778189822: Received SUBSCRIBE from healthcheck
1778189822: 	$SYS/# (QoS 0)
1778189822: healthcheck 0 $SYS/#
1778189822: Sending SUBACK to healthcheck
1778189822: Sending PUBLISH to healthcheck (d0, q0, r1, m0, '$SYS/broker/version', ... (23 bytes))
1778189822: Sending PUBLISH to healthcheck (d0, q0, r1, m0, '$SYS/broker/uptime', ... (11 bytes))
1778189822: Sending PUBLISH to healthcheck (d0, q0, r1, m0, '$SYS/broker/clients/total', ... (1 bytes))
1778189822: Sending PUBLISH to healthcheck (d0, q0, r1, m0, '$SYS/broker/clients/disconnected', ... (1 bytes))
1778189822: Sending PUBLISH to healthcheck (d0, q0, r1, m0, '$SYS/broker/clients/inactive', ... (1 bytes))
1778189822: Sending PUBLISH to healthcheck (d0, q0, r1, m0, '$SYS/broker/clients/connected', ... (1 bytes))
1778189822: Sending PUBLISH to healthcheck (d0, q0, r1, m0, '$SYS/broker/clients/active', ... (1 bytes))
1778189822: Sending PUBLISH to healthcheck (d0, q0, r1, m0, '$SYS/broker/clients/expired', ... (1 bytes))
1778189822: Sending PUBLISH to healthcheck (d0, q0, r1, m0, '$SYS/broker/clients/maximum', ... (1 bytes))
1778189822: Sending PUBLISH to healthcheck (d0, q0, r1, m0, '$SYS/broker/messages/stored', ... (2 bytes))
1778189822: Sending PUBLISH to healthcheck (d0, q0, r1, m0, '$SYS/broker/messages/received', ... (2 bytes))
1778189822: Sending PUBLISH to healthcheck (d0, q0, r1, m0, '$SYS/broker/messages/sent', ... (4 bytes))
1778189822: Sending PUBLISH to healthcheck (d0, q0, r1, m0, '$SYS/broker/store/messages/count', ... (2 bytes))
1778189822: Sending PUBLISH to healthcheck (d0, q0, r1, m0, '$SYS/broker/store/messages/bytes', ... (3 bytes))
1778189822: Sending PUBLISH to healthcheck (d0, q0, r1, m0, '$SYS/broker/subscriptions/count', ... (1 bytes))
1778189822: Sending PUBLISH to healthcheck (d0, q0, r1, m0, '$SYS/broker/shared_subscriptions/count', ... (1 bytes))
1778189822: Sending PUBLISH to healthcheck (d0, q0, r1, m0, '$SYS/broker/retained messages/count', ... (2 bytes))
1778189822: Sending PUBLISH to healthcheck (d0, q0, r1, m0, '$SYS/broker/heap/current', ... (6 bytes))
1778189822: Sending PUBLISH to healthcheck (d0, q0, r1, m0, '$SYS/broker/heap/maximum', ... (6 bytes))
1778189822: Sending PUBLISH to healthcheck (d0, q0, r1, m0, '$SYS/broker/bytes/received', ... (4 bytes))
1778189822: Sending PUBLISH to healthcheck (d0, q0, r1, m0, '$SYS/broker/bytes/sent', ... (5 bytes))
1778189822: Sending PUBLISH to healthcheck (d0, q0, r1, m0, '$SYS/broker/publish/bytes/received', ... (3 bytes))
1778189822: Sending PUBLISH to healthcheck (d0, q0, r1, m0, '$SYS/broker/publish/bytes/sent', ... (4 bytes))
1778189822: Sending PUBLISH to healthcheck (d0, q0, r1, m0, '$SYS/broker/publish/messages/dropped', ... (1 bytes))
1778189822: Sending PUBLISH to healthcheck (d0, q0, r1, m0, '$SYS/broker/publish/messages/received', ... (1 bytes))
1778189822: Sending PUBLISH to healthcheck (d0, q0, r1, m0, '$SYS/broker/publish/messages/sent', ... (4 bytes))
1778189822: Sending PUBLISH to healthcheck (d0, q0, r1, m0, '$SYS/broker/packet/out/count', ... (1 bytes))
1778189822: Sending PUBLISH to healthcheck (d0, q0, r1, m0, '$SYS/broker/packet/out/bytes', ... (1 bytes))
1778189822: Sending PUBLISH to healthcheck (d0, q0, r1, m0, '$SYS/broker/connections/socket/count', ... (2 bytes))
1778189822: Sending PUBLISH to healthcheck (d0, q0, r1, m0, '$SYS/broker/load/messages/received/1min', ... (5 bytes))
1778189822: Sending PUBLISH to healthcheck (d0, q0, r1, m0, '$SYS/broker/load/messages/received/5min', ... (4 bytes))
1778189822: Sending PUBLISH to healthcheck (d0, q0, r1, m0, '$SYS/broker/load/messages/received/15min', ... (4 bytes))
1778189822: Sending PUBLISH to healthcheck (d0, q0, r1, m0, '$SYS/broker/load/messages/sent/1min', ... (6 bytes))
1778189822: Sending PUBLISH to healthcheck (d0, q0, r1, m0, '$SYS/broker/load/messages/sent/5min', ... (6 bytes))
1778189822: Sending PUBLISH to healthcheck (d0, q0, r1, m0, '$SYS/broker/load/messages/sent/15min', ... (5 bytes))
1778189822: Sending PUBLISH to healthcheck (d0, q0, r1, m0, '$SYS/broker/load/publish/dropped/1min', ... (4 bytes))
1778189822: Sending PUBLISH to healthcheck (d0, q0, r1, m0, '$SYS/broker/load/publish/dropped/5min', ... (4 bytes))
1778189822: Sending PUBLISH to healthcheck (d0, q0, r1, m0, '$SYS/broker/load/publish/dropped/15min', ... (4 bytes))
1778189822: Sending PUBLISH to healthcheck (d0, q0, r1, m0, '$SYS/broker/load/publish/received/1min', ... (4 bytes))
1778189822: Sending PUBLISH to healthcheck (d0, q0, r1, m0, '$SYS/broker/load/publish/received/5min', ... (4 bytes))
1778189822: Sending PUBLISH to healthcheck (d0, q0, r1, m0, '$SYS/broker/load/publish/received/15min', ... (4 bytes))
1778189822: Sending PUBLISH to healthcheck (d0, q0, r1, m0, '$SYS/broker/load/publish/sent/1min', ... (6 bytes))
1778189822: Sending PUBLISH to healthcheck (d0, q0, r1, m0, '$SYS/broker/load/publish/sent/5min', ... (6 bytes))
1778189822: Sending PUBLISH to healthcheck (d0, q0, r1, m0, '$SYS/broker/load/publish/sent/15min', ... (5 bytes))
1778189822: Sending PUBLISH to healthcheck (d0, q0, r1, m0, '$SYS/broker/load/bytes/received/1min', ... (6 bytes))
1778189822: Sending PUBLISH to healthcheck (d0, q0, r1, m0, '$SYS/broker/load/bytes/received/5min', ... (6 bytes))
1778189822: Sending PUBLISH to healthcheck (d0, q0, r1, m0, '$SYS/broker/load/bytes/received/15min', ... (5 bytes))
1778189822: Sending PUBLISH to healthcheck (d0, q0, r1, m0, '$SYS/broker/load/bytes/sent/1min', ... (7 bytes))
1778189822: Sending PUBLISH to healthcheck (d0, q0, r1, m0, '$SYS/broker/load/bytes/sent/5min', ... (7 bytes))
1778189822: Sending PUBLISH to healthcheck (d0, q0, r1, m0, '$SYS/broker/load/bytes/sent/15min', ... (7 bytes))
1778189822: Sending PUBLISH to healthcheck (d0, q0, r1, m0, '$SYS/broker/load/sockets/1min', ... (4 bytes))
1778189822: Sending PUBLISH to healthcheck (d0, q0, r1, m0, '$SYS/broker/load/sockets/5min', ... (4 bytes))
1778189822: Sending PUBLISH to healthcheck (d0, q0, r1, m0, '$SYS/broker/load/sockets/15min', ... (4 bytes))
1778189822: Sending PUBLISH to healthcheck (d0, q0, r1, m0, '$SYS/broker/load/connections/1min', ... (4 bytes))
1778189822: Sending PUBLISH to healthcheck (d0, q0, r1, m0, '$SYS/broker/load/connections/5min', ... (4 bytes))
1778189822: Sending PUBLISH to healthcheck (d0, q0, r1, m0, '$SYS/broker/load/connections/15min', ... (4 bytes))
1778189822: Client healthcheck [127.0.0.1:33220] disconnected: connection closed by client.
1778189825: Received PINGREQ from mqtt-explorer-5c916486
1778189825: Sending PINGRESP to mqtt-explorer-5c916486
1778189830: Sending PUBLISH to mqtt-explorer-5c916486 (d0, q0, r0, m0, '$SYS/broker/uptime', ... (11 bytes))
1778189830: Sending PUBLISH to mqtt-explorer-5c916486 (d0, q0, r0, m0, '$SYS/broker/load/messages/received/1min', ... (5 bytes))
1778189830: Sending PUBLISH to mqtt-explorer-5c916486 (d0, q0, r0, m0, '$SYS/broker/load/messages/received/5min', ... (4 bytes))
1778189830: Sending PUBLISH to mqtt-explorer-5c916486 (d0, q0, r0, m0, '$SYS/broker/load/messages/received/15min', ... (4 bytes))
1778189830: Sending PUBLISH to mqtt-explorer-5c916486 (d0, q0, r0, m0, '$SYS/broker/load/messages/sent/1min', ... (6 bytes))
1778189830: Sending PUBLISH to mqtt-explorer-5c916486 (d0, q0, r0, m0, '$SYS/broker/load/messages/sent/5min', ... (6 bytes))
1778189830: Sending PUBLISH to mqtt-explorer-5c916486 (d0, q0, r0, m0, '$SYS/broker/load/messages/sent/15min', ... (5 bytes))
1778189830: Sending PUBLISH to mqtt-explorer-5c916486 (d0, q0, r0, m0, '$SYS/broker/load/publish/received/1min', ... (4 bytes))
1778189830: Sending PUBLISH to mqtt-explorer-5c916486 (d0, q0, r0, m0, '$SYS/broker/load/publish/received/5min', ... (4 bytes))
1778189830: Sending PUBLISH to mqtt-explorer-5c916486 (d0, q0, r0, m0, '$SYS/broker/load/publish/sent/1min', ... (6 bytes))
1778189830: Sending PUBLISH to mqtt-explorer-5c916486 (d0, q0, r0, m0, '$SYS/broker/load/publish/sent/5min', ... (6 bytes))
1778189830: Sending PUBLISH to mqtt-explorer-5c916486 (d0, q0, r0, m0, '$SYS/broker/load/publish/sent/15min', ... (5 bytes))
1778189830: Sending PUBLISH to mqtt-explorer-5c916486 (d0, q0, r0, m0, '$SYS/broker/load/bytes/received/1min', ... (6 bytes))
1778189830: Sending PUBLISH to mqtt-explorer-5c916486 (d0, q0, r0, m0, '$SYS/broker/load/bytes/received/5min', ... (6 bytes))
1778189830: Sending PUBLISH to mqtt-explorer-5c916486 (d0, q0, r0, m0, '$SYS/broker/load/bytes/received/15min', ... (6 bytes))
1778189830: Sending PUBLISH to mqtt-explorer-5c916486 (d0, q0, r0, m0, '$SYS/broker/load/bytes/sent/1min', ... (7 bytes))
1778189830: Sending PUBLISH to mqtt-explorer-5c916486 (d0, q0, r0, m0, '$SYS/broker/load/bytes/sent/5min', ... (7 bytes))
1778189830: Sending PUBLISH to mqtt-explorer-5c916486 (d0, q0, r0, m0, '$SYS/broker/load/bytes/sent/15min', ... (7 bytes))
1778189830: Sending PUBLISH to mqtt-explorer-5c916486 (d0, q0, r0, m0, '$SYS/broker/load/sockets/1min', ... (4 bytes))
1778189830: Sending PUBLISH to mqtt-explorer-5c916486 (d0, q0, r0, m0, '$SYS/broker/load/sockets/5min', ... (4 bytes))
1778189830: Sending PUBLISH to mqtt-explorer-5c916486 (d0, q0, r0, m0, '$SYS/broker/load/sockets/15min', ... (4 bytes))
1778189830: Sending PUBLISH to mqtt-explorer-5c916486 (d0, q0, r0, m0, '$SYS/broker/load/connections/1min', ... (4 bytes))
1778189830: Sending PUBLISH to mqtt-explorer-5c916486 (d0, q0, r0, m0, '$SYS/broker/load/connections/5min', ... (4 bytes))
1778189830: Sending PUBLISH to mqtt-explorer-5c916486 (d0, q0, r0, m0, '$SYS/broker/load/connections/15min', ... (4 bytes))
1778189830: Sending PUBLISH to mqtt-explorer-5c916486 (d0, q0, r0, m0, '$SYS/broker/store/messages/bytes', ... (3 bytes))
1778189830: Sending PUBLISH to mqtt-explorer-5c916486 (d0, q0, r0, m0, '$SYS/broker/heap/current', ... (6 bytes))
1778189830: Sending PUBLISH to mqtt-explorer-5c916486 (d0, q0, r0, m0, '$SYS/broker/heap/maximum', ... (6 bytes))
1778189830: Sending PUBLISH to mqtt-explorer-5c916486 (d0, q0, r0, m0, '$SYS/broker/messages/received', ... (2 bytes))
1778189830: Sending PUBLISH to mqtt-explorer-5c916486 (d0, q0, r0, m0, '$SYS/broker/messages/sent', ... (4 bytes))
1778189830: Sending PUBLISH to mqtt-explorer-5c916486 (d0, q0, r0, m0, '$SYS/broker/bytes/received', ... (4 bytes))
1778189830: Sending PUBLISH to mqtt-explorer-5c916486 (d0, q0, r0, m0, '$SYS/broker/bytes/sent', ... (5 bytes))
1778189830: Sending PUBLISH to mqtt-explorer-5c916486 (d0, q0, r0, m0, '$SYS/broker/publish/bytes/sent', ... (5 bytes))
1778189830: Sending PUBLISH to mqtt-explorer-5c916486 (d0, q0, r0, m0, '$SYS/broker/connections/socket/count', ... (2 bytes))
1778189830: Sending PUBLISH to mqtt-explorer-5c916486 (d0, q0, r0, m0, '$SYS/broker/publish/messages/sent', ... (4 bytes))
1778189840: Sending PUBLISH to mqtt-explorer-5c916486 (d0, q0, r0, m0, '$SYS/broker/uptime', ... (11 bytes))
1778189840: Sending PUBLISH to mqtt-explorer-5c916486 (d0, q0, r0, m0, '$SYS/broker/load/messages/received/1min', ... (4 bytes))
1778189840: Sending PUBLISH to mqtt-explorer-5c916486 (d0, q0, r0, m0, '$SYS/broker/load/messages/received/5min', ... (4 bytes))
1778189840: Sending PUBLISH to mqtt-explorer-5c916486 (d0, q0, r0, m0, '$SYS/broker/load/messages/received/15min', ... (4 bytes))
1778189840: Sending PUBLISH to mqtt-explorer-5c916486 (d0, q0, r0, m0, '$SYS/broker/load/messages/sent/1min', ... (6 bytes))
1778189840: Sending PUBLISH to mqtt-explorer-5c916486 (d0, q0, r0, m0, '$SYS/broker/load/messages/sent/5min', ... (6 bytes))
1778189840: Sending PUBLISH to mqtt-explorer-5c916486 (d0, q0, r0, m0, '$SYS/broker/load/messages/sent/15min', ... (5 bytes))
1778189840: Sending PUBLISH to mqtt-explorer-5c916486 (d0, q0, r0, m0, '$SYS/broker/load/publish/received/1min', ... (4 bytes))
1778189840: Sending PUBLISH to mqtt-explorer-5c916486 (d0, q0, r0, m0, '$SYS/broker/load/publish/received/5min', ... (4 bytes))
1778189840: Sending PUBLISH to mqtt-explorer-5c916486 (d0, q0, r0, m0, '$SYS/broker/load/publish/sent/1min', ... (6 bytes))
1778189840: Sending PUBLISH to mqtt-explorer-5c916486 (d0, q0, r0, m0, '$SYS/broker/load/publish/sent/5min', ... (6 bytes))
1778189840: Sending PUBLISH to mqtt-explorer-5c916486 (d0, q0, r0, m0, '$SYS/broker/load/publish/sent/15min', ... (5 bytes))
1778189840: Sending PUBLISH to mqtt-explorer-5c916486 (d0, q0, r0, m0, '$SYS/broker/load/bytes/received/1min', ... (6 bytes))
1778189840: Sending PUBLISH to mqtt-explorer-5c916486 (d0, q0, r0, m0, '$SYS/broker/load/bytes/received/5min', ... (6 bytes))
1778189840: Sending PUBLISH to mqtt-explorer-5c916486 (d0, q0, r0, m0, '$SYS/broker/load/bytes/received/15min', ... (5 bytes))
1778189840: Sending PUBLISH to mqtt-explorer-5c916486 (d0, q0, r0, m0, '$SYS/broker/load/bytes/sent/1min', ... (7 bytes))
1778189840: Sending PUBLISH to mqtt-explorer-5c916486 (d0, q0, r0, m0, '$SYS/broker/load/bytes/sent/5min', ... (7 bytes))
1778189840: Sending PUBLISH to mqtt-explorer-5c916486 (d0, q0, r0, m0, '$SYS/broker/load/bytes/sent/15min', ... (7 bytes))
1778189840: Sending PUBLISH to mqtt-explorer-5c916486 (d0, q0, r0, m0, '$SYS/broker/load/sockets/1min', ... (4 bytes))
1778189840: Sending PUBLISH to mqtt-explorer-5c916486 (d0, q0, r0, m0, '$SYS/broker/load/sockets/5min', ... (4 bytes))
1778189840: Sending PUBLISH to mqtt-explorer-5c916486 (d0, q0, r0, m0, '$SYS/broker/load/sockets/15min', ... (4 bytes))
1778189840: Sending PUBLISH to mqtt-explorer-5c916486 (d0, q0, r0, m0, '$SYS/broker/load/connections/1min', ... (4 bytes))
1778189840: Sending PUBLISH to mqtt-explorer-5c916486 (d0, q0, r0, m0, '$SYS/broker/load/connections/5min', ... (4 bytes))
1778189840: Sending PUBLISH to mqtt-explorer-5c916486 (d0, q0, r0, m0, '$SYS/broker/load/connections/15min', ... (4 bytes))
1778189840: Sending PUBLISH to mqtt-explorer-5c916486 (d0, q0, r0, m0, '$SYS/broker/store/messages/bytes', ... (3 bytes))
1778189840: Sending PUBLISH to mqtt-explorer-5c916486 (d0, q0, r0, m0, '$SYS/broker/heap/current', ... (6 bytes))
1778189840: Sending PUBLISH to mqtt-explorer-5c916486 (d0, q0, r0, m0, '$SYS/broker/messages/sent', ... (4 bytes))
1778189840: Sending PUBLISH to mqtt-explorer-5c916486 (d0, q0, r0, m0, '$SYS/broker/bytes/sent', ... (5 bytes))
1778189840: Sending PUBLISH to mqtt-explorer-5c916486 (d0, q0, r0, m0, '$SYS/broker/publish/bytes/sent', ... (5 bytes))
1778189840: Sending PUBLISH to mqtt-explorer-5c916486 (d0, q0, r0, m0, '$SYS/broker/publish/messages/sent', ... (4 bytes))
1778189847: Received PUBLISH from ISIC-ESP8266-001 (d0, q0, r0, m0, 'device/ISIC-ESP8266-001/attendance', ... (53 bytes))
1778189847: Sending PUBLISH to mqtt-explorer-5c916486 (d0, q0, r0, m0, 'device/ISIC-ESP8266-001/attendance', ... (53 bytes))
1778189850: Sending PUBLISH to mqtt-explorer-5c916486 (d0, q0, r0, m0, '$SYS/broker/uptime', ... (11 bytes))
1778189850: Sending PUBLISH to mqtt-explorer-5c916486 (d0, q0, r0, m0, '$SYS/broker/load/messages/received/1min', ... (4 bytes))
1778189850: Sending PUBLISH to mqtt-explorer-5c916486 (d0, q0, r0, m0, '$SYS/broker/load/messages/received/15min', ... (4 bytes))
1778189850: Sending PUBLISH to mqtt-explorer-5c916486 (d0, q0, r0, m0, '$SYS/broker/load/messages/sent/1min', ... (6 bytes))
1778189850: Sending PUBLISH to mqtt-explorer-5c916486 (d0, q0, r0, m0, '$SYS/broker/load/messages/sent/5min', ... (6 bytes))
1778189850: Sending PUBLISH to mqtt-explorer-5c916486 (d0, q0, r0, m0, '$SYS/broker/load/messages/sent/15min', ... (5 bytes))
1778189850: Sending PUBLISH to mqtt-explorer-5c916486 (d0, q0, r0, m0, '$SYS/broker/load/publish/received/1min', ... (4 bytes))
1778189850: Sending PUBLISH to mqtt-explorer-5c916486 (d0, q0, r0, m0, '$SYS/broker/load/publish/received/5min', ... (4 bytes))
1778189850: Sending PUBLISH to mqtt-explorer-5c916486 (d0, q0, r0, m0, '$SYS/broker/load/publish/received/15min', ... (4 bytes))
1778189850: Sending PUBLISH to mqtt-explorer-5c916486 (d0, q0, r0, m0, '$SYS/broker/load/publish/sent/1min', ... (6 bytes))
1778189850: Sending PUBLISH to mqtt-explorer-5c916486 (d0, q0, r0, m0, '$SYS/broker/load/publish/sent/5min', ... (6 bytes))
1778189850: Sending PUBLISH to mqtt-explorer-5c916486 (d0, q0, r0, m0, '$SYS/broker/load/publish/sent/15min', ... (5 bytes))
1778189850: Sending PUBLISH to mqtt-explorer-5c916486 (d0, q0, r0, m0, '$SYS/broker/load/bytes/received/1min', ... (6 bytes))
1778189850: Sending PUBLISH to mqtt-explorer-5c916486 (d0, q0, r0, m0, '$SYS/broker/load/bytes/received/5min', ... (6 bytes))
1778189850: Sending PUBLISH to mqtt-explorer-5c916486 (d0, q0, r0, m0, '$SYS/broker/load/bytes/received/15min', ... (6 bytes))
1778189850: Sending PUBLISH to mqtt-explorer-5c916486 (d0, q0, r0, m0, '$SYS/broker/load/bytes/sent/1min', ... (7 bytes))
1778189850: Sending PUBLISH to mqtt-explorer-5c916486 (d0, q0, r0, m0, '$SYS/broker/load/bytes/sent/5min', ... (7 bytes))
1778189850: Sending PUBLISH to mqtt-explorer-5c916486 (d0, q0, r0, m0, '$SYS/broker/load/bytes/sent/15min', ... (7 bytes))
1778189850: Sending PUBLISH to mqtt-explorer-5c916486 (d0, q0, r0, m0, '$SYS/broker/load/sockets/1min', ... (4 bytes))
1778189850: Sending PUBLISH to mqtt-explorer-5c916486 (d0, q0, r0, m0, '$SYS/broker/load/sockets/5min', ... (4 bytes))
1778189850: Sending PUBLISH to mqtt-explorer-5c916486 (d0, q0, r0, m0, '$SYS/broker/load/sockets/15min', ... (4 bytes))
1778189850: Sending PUBLISH to mqtt-explorer-5c916486 (d0, q0, r0, m0, '$SYS/broker/load/connections/1min', ... (4 bytes))
1778189850: Sending PUBLISH to mqtt-explorer-5c916486 (d0, q0, r0, m0, '$SYS/broker/load/connections/5min', ... (4 bytes))
1778189850: Sending PUBLISH to mqtt-explorer-5c916486 (d0, q0, r0, m0, '$SYS/broker/load/connections/15min', ... (4 bytes))
1778189850: Sending PUBLISH to mqtt-explorer-5c916486 (d0, q0, r0, m0, '$SYS/broker/store/messages/bytes', ... (3 bytes))
1778189850: Sending PUBLISH to mqtt-explorer-5c916486 (d0, q0, r0, m0, '$SYS/broker/heap/current', ... (6 bytes))
1778189850: Sending PUBLISH to mqtt-explorer-5c916486 (d0, q0, r0, m0, '$SYS/broker/messages/received', ... (2 bytes))
1778189850: Sending PUBLISH to mqtt-explorer-5c916486 (d0, q0, r0, m0, '$SYS/broker/messages/sent', ... (4 bytes))
1778189850: Sending PUBLISH to mqtt-explorer-5c916486 (d0, q0, r0, m0, '$SYS/broker/bytes/received', ... (4 bytes))
1778189850: Sending PUBLISH to mqtt-explorer-5c916486 (d0, q0, r0, m0, '$SYS/broker/bytes/sent', ... (5 bytes))
1778189850: Sending PUBLISH to mqtt-explorer-5c916486 (d0, q0, r0, m0, '$SYS/broker/publish/bytes/received', ... (3 bytes))
1778189850: Sending PUBLISH to mqtt-explorer-5c916486 (d0, q0, r0, m0, '$SYS/broker/publish/bytes/sent', ... (5 bytes))
1778189850: Sending PUBLISH to mqtt-explorer-5c916486 (d0, q0, r0, m0, '$SYS/broker/publish/messages/received', ... (1 bytes))
1778189850: Sending PUBLISH to mqtt-explorer-5c916486 (d0, q0, r0, m0, '$SYS/broker/publish/messages/sent', ... (4 bytes))
1778189852: New connection from 127.0.0.1:38314 on port 1883.
1778189852: New client connected from 127.0.0.1:38314 as healthcheck (p4, c1, k60).
1778189852: No will message specified.
1778189852: Sending CONNACK to healthcheck (0, 0)
1778189852: Received SUBSCRIBE from healthcheck
1778189852: 	$SYS/# (QoS 0)
1778189852: healthcheck 0 $SYS/#
1778189852: Sending SUBACK to healthcheck
1778189852: Sending PUBLISH to healthcheck (d0, q0, r1, m0, '$SYS/broker/version', ... (23 bytes))
1778189852: Sending PUBLISH to healthcheck (d0, q0, r1, m0, '$SYS/broker/uptime', ... (11 bytes))
1778189852: Sending PUBLISH to healthcheck (d0, q0, r1, m0, '$SYS/broker/clients/total', ... (1 bytes))
1778189852: Sending PUBLISH to healthcheck (d0, q0, r1, m0, '$SYS/broker/clients/disconnected', ... (1 bytes))
1778189852: Sending PUBLISH to healthcheck (d0, q0, r1, m0, '$SYS/broker/clients/inactive', ... (1 bytes))
1778189852: Sending PUBLISH to healthcheck (d0, q0, r1, m0, '$SYS/broker/clients/connected', ... (1 bytes))
1778189852: Sending PUBLISH to healthcheck (d0, q0, r1, m0, '$SYS/broker/clients/active', ... (1 bytes))
1778189852: Sending PUBLISH to healthcheck (d0, q0, r1, m0, '$SYS/broker/clients/expired', ... (1 bytes))
1778189852: Sending PUBLISH to healthcheck (d0, q0, r1, m0, '$SYS/broker/clients/maximum', ... (1 bytes))
1778189852: Sending PUBLISH to healthcheck (d0, q0, r1, m0, '$SYS/broker/messages/stored', ... (2 bytes))
1778189852: Sending PUBLISH to healthcheck (d0, q0, r1, m0, '$SYS/broker/messages/received', ... (2 bytes))
1778189852: Sending PUBLISH to healthcheck (d0, q0, r1, m0, '$SYS/broker/messages/sent', ... (4 bytes))
1778189852: Sending PUBLISH to healthcheck (d0, q0, r1, m0, '$SYS/broker/store/messages/count', ... (2 bytes))
1778189852: Sending PUBLISH to healthcheck (d0, q0, r1, m0, '$SYS/broker/store/messages/bytes', ... (3 bytes))
1778189852: Sending PUBLISH to healthcheck (d0, q0, r1, m0, '$SYS/broker/subscriptions/count', ... (1 bytes))
1778189852: Sending PUBLISH to healthcheck (d0, q0, r1, m0, '$SYS/broker/shared_subscriptions/count', ... (1 bytes))
1778189852: Sending PUBLISH to healthcheck (d0, q0, r1, m0, '$SYS/broker/retained messages/count', ... (2 bytes))
1778189852: Sending PUBLISH to healthcheck (d0, q0, r1, m0, '$SYS/broker/heap/current', ... (6 bytes))
1778189852: Sending PUBLISH to healthcheck (d0, q0, r1, m0, '$SYS/broker/heap/maximum', ... (6 bytes))
1778189852: Sending PUBLISH to healthcheck (d0, q0, r1, m0, '$SYS/broker/bytes/received', ... (4 bytes))
1778189852: Sending PUBLISH to healthcheck (d0, q0, r1, m0, '$SYS/broker/bytes/sent', ... (5 bytes))
1778189852: Sending PUBLISH to healthcheck (d0, q0, r1, m0, '$SYS/broker/publish/bytes/received', ... (3 bytes))
1778189852: Sending PUBLISH to healthcheck (d0, q0, r1, m0, '$SYS/broker/publish/bytes/sent', ... (5 bytes))
1778189852: Sending PUBLISH to healthcheck (d0, q0, r1, m0, '$SYS/broker/publish/messages/dropped', ... (1 bytes))
1778189852: Sending PUBLISH to healthcheck (d0, q0, r1, m0, '$SYS/broker/publish/messages/received', ... (1 bytes))
1778189852: Sending PUBLISH to healthcheck (d0, q0, r1, m0, '$SYS/broker/publish/messages/sent', ... (4 bytes))
1778189852: Sending PUBLISH to healthcheck (d0, q0, r1, m0, '$SYS/broker/packet/out/count', ... (1 bytes))
1778189852: Sending PUBLISH to healthcheck (d0, q0, r1, m0, '$SYS/broker/packet/out/bytes', ... (1 bytes))
1778189852: Sending PUBLISH to healthcheck (d0, q0, r1, m0, '$SYS/broker/connections/socket/count', ... (2 bytes))
1778189852: Sending PUBLISH to healthcheck (d0, q0, r1, m0, '$SYS/broker/load/messages/received/1min', ... (4 bytes))
1778189852: Sending PUBLISH to healthcheck (d0, q0, r1, m0, '$SYS/broker/load/messages/received/5min', ... (4 bytes))
1778189852: Sending PUBLISH to healthcheck (d0, q0, r1, m0, '$SYS/broker/load/messages/received/15min', ... (4 bytes))
1778189852: Sending PUBLISH to healthcheck (d0, q0, r1, m0, '$SYS/broker/load/messages/sent/1min', ... (6 bytes))
1778189852: Sending PUBLISH to healthcheck (d0, q0, r1, m0, '$SYS/broker/load/messages/sent/5min', ... (6 bytes))
1778189852: Sending PUBLISH to healthcheck (d0, q0, r1, m0, '$SYS/broker/load/messages/sent/15min', ... (5 bytes))
1778189852: Sending PUBLISH to healthcheck (d0, q0, r1, m0, '$SYS/broker/load/publish/dropped/1min', ... (4 bytes))
1778189852: Sending PUBLISH to healthcheck (d0, q0, r1, m0, '$SYS/broker/load/publish/dropped/5min', ... (4 bytes))
1778189852: Sending PUBLISH to healthcheck (d0, q0, r1, m0, '$SYS/broker/load/publish/dropped/15min', ... (4 bytes))
1778189852: Sending PUBLISH to healthcheck (d0, q0, r1, m0, '$SYS/broker/load/publish/received/1min', ... (4 bytes))
1778189852: Sending PUBLISH to healthcheck (d0, q0, r1, m0, '$SYS/broker/load/publish/received/5min', ... (4 bytes))
1778189852: Sending PUBLISH to healthcheck (d0, q0, r1, m0, '$SYS/broker/load/publish/received/15min', ... (4 bytes))
1778189852: Sending PUBLISH to healthcheck (d0, q0, r1, m0, '$SYS/broker/load/publish/sent/1min', ... (6 bytes))
1778189852: Sending PUBLISH to healthcheck (d0, q0, r1, m0, '$SYS/broker/load/publish/sent/5min', ... (6 bytes))
1778189852: Sending PUBLISH to healthcheck (d0, q0, r1, m0, '$SYS/broker/load/publish/sent/15min', ... (5 bytes))
1778189852: Sending PUBLISH to healthcheck (d0, q0, r1, m0, '$SYS/broker/load/bytes/received/1min', ... (6 bytes))
1778189852: Sending PUBLISH to healthcheck (d0, q0, r1, m0, '$SYS/broker/load/bytes/received/5min', ... (6 bytes))
1778189852: Sending PUBLISH to healthcheck (d0, q0, r1, m0, '$SYS/broker/load/bytes/received/15min', ... (6 bytes))
1778189852: Sending PUBLISH to healthcheck (d0, q0, r1, m0, '$SYS/broker/load/bytes/sent/1min', ... (7 bytes))
1778189852: Sending PUBLISH to healthcheck (d0, q0, r1, m0, '$SYS/broker/load/bytes/sent/5min', ... (7 bytes))
1778189852: Sending PUBLISH to healthcheck (d0, q0, r1, m0, '$SYS/broker/load/bytes/sent/15min', ... (7 bytes))
1778189852: Sending PUBLISH to healthcheck (d0, q0, r1, m0, '$SYS/broker/load/sockets/1min', ... (4 bytes))
1778189852: Sending PUBLISH to healthcheck (d0, q0, r1, m0, '$SYS/broker/load/sockets/5min', ... (4 bytes))
1778189852: Sending PUBLISH to healthcheck (d0, q0, r1, m0, '$SYS/broker/load/sockets/15min', ... (4 bytes))
1778189852: Sending PUBLISH to healthcheck (d0, q0, r1, m0, '$SYS/broker/load/connections/1min', ... (4 bytes))
1778189852: Sending PUBLISH to healthcheck (d0, q0, r1, m0, '$SYS/broker/load/connections/5min', ... (4 bytes))
1778189852: Sending PUBLISH to healthcheck (d0, q0, r1, m0, '$SYS/broker/load/connections/15min', ... (4 bytes))
1778189852: Client healthcheck [127.0.0.1:38314] disconnected: connection closed by client.
1778189860: Sending PUBLISH to mqtt-explorer-5c916486 (d0, q0, r0, m0, '$SYS/broker/uptime', ... (11 bytes))
1778189860: Sending PUBLISH to mqtt-explorer-5c916486 (d0, q0, r0, m0, '$SYS/broker/load/messages/received/1min', ... (4 bytes))
1778189860: Sending PUBLISH to mqtt-explorer-5c916486 (d0, q0, r0, m0, '$SYS/broker/load/messages/received/5min', ... (4 bytes))
1778189860: Sending PUBLISH to mqtt-explorer-5c916486 (d0, q0, r0, m0, '$SYS/broker/load/messages/received/15min', ... (4 bytes))
1778189860: Sending PUBLISH to mqtt-explorer-5c916486 (d0, q0, r0, m0, '$SYS/broker/load/messages/sent/1min', ... (6 bytes))
1778189860: Sending PUBLISH to mqtt-explorer-5c916486 (d0, q0, r0, m0, '$SYS/broker/load/messages/sent/5min', ... (6 bytes))
1778189860: Sending PUBLISH to mqtt-explorer-5c916486 (d0, q0, r0, m0, '$SYS/broker/load/messages/sent/15min', ... (5 bytes))
1778189860: Sending PUBLISH to mqtt-explorer-5c916486 (d0, q0, r0, m0, '$SYS/broker/load/publish/received/1min', ... (4 bytes))
1778189860: Sending PUBLISH to mqtt-explorer-5c916486 (d0, q0, r0, m0, '$SYS/broker/load/publish/received/5min', ... (4 bytes))
1778189860: Sending PUBLISH to mqtt-explorer-5c916486 (d0, q0, r0, m0, '$SYS/broker/load/publish/sent/1min', ... (6 bytes))
1778189860: Sending PUBLISH to mqtt-explorer-5c916486 (d0, q0, r0, m0, '$SYS/broker/load/publish/sent/5min', ... (6 bytes))
1778189860: Sending PUBLISH to mqtt-explorer-5c916486 (d0, q0, r0, m0, '$SYS/broker/load/publish/sent/15min', ... (5 bytes))
1778189860: Sending PUBLISH to mqtt-explorer-5c916486 (d0, q0, r0, m0, '$SYS/broker/load/bytes/received/1min', ... (6 bytes))
1778189860: Sending PUBLISH to mqtt-explorer-5c916486 (d0, q0, r0, m0, '$SYS/broker/load/bytes/received/5min', ... (6 bytes))
1778189860: Sending PUBLISH to mqtt-explorer-5c916486 (d0, q0, r0, m0, '$SYS/broker/load/bytes/received/15min', ... (6 bytes))
1778189860: Sending PUBLISH to mqtt-explorer-5c916486 (d0, q0, r0, m0, '$SYS/broker/load/bytes/sent/1min', ... (8 bytes))
1778189860: Sending PUBLISH to mqtt-explorer-5c916486 (d0, q0, r0, m0, '$SYS/broker/load/bytes/sent/5min', ... (7 bytes))
1778189860: Sending PUBLISH to mqtt-explorer-5c916486 (d0, q0, r0, m0, '$SYS/broker/load/bytes/sent/15min', ... (7 bytes))
1778189860: Sending PUBLISH to mqtt-explorer-5c916486 (d0, q0, r0, m0, '$SYS/broker/load/sockets/1min', ... (4 bytes))
1778189860: Sending PUBLISH to mqtt-explorer-5c916486 (d0, q0, r0, m0, '$SYS/broker/load/sockets/5min', ... (4 bytes))
1778189860: Sending PUBLISH to mqtt-explorer-5c916486 (d0, q0, r0, m0, '$SYS/broker/load/sockets/15min', ... (4 bytes))
1778189860: Sending PUBLISH to mqtt-explorer-5c916486 (d0, q0, r0, m0, '$SYS/broker/load/connections/1min', ... (4 bytes))
1778189860: Sending PUBLISH to mqtt-explorer-5c916486 (d0, q0, r0, m0, '$SYS/broker/load/connections/5min', ... (4 bytes))
1778189860: Sending PUBLISH to mqtt-explorer-5c916486 (d0, q0, r0, m0, '$SYS/broker/load/connections/15min', ... (4 bytes))
1778189860: Sending PUBLISH to mqtt-explorer-5c916486 (d0, q0, r0, m0, '$SYS/broker/store/messages/bytes', ... (3 bytes))
1778189860: Sending PUBLISH to mqtt-explorer-5c916486 (d0, q0, r0, m0, '$SYS/broker/heap/current', ... (6 bytes))
1778189860: Sending PUBLISH to mqtt-explorer-5c916486 (d0, q0, r0, m0, '$SYS/broker/heap/maximum', ... (6 bytes))
1778189860: Sending PUBLISH to mqtt-explorer-5c916486 (d0, q0, r0, m0, '$SYS/broker/messages/received', ... (2 bytes))
1778189860: Sending PUBLISH to mqtt-explorer-5c916486 (d0, q0, r0, m0, '$SYS/broker/messages/sent', ... (4 bytes))
1778189860: Sending PUBLISH to mqtt-explorer-5c916486 (d0, q0, r0, m0, '$SYS/broker/bytes/received', ... (4 bytes))
1778189860: Sending PUBLISH to mqtt-explorer-5c916486 (d0, q0, r0, m0, '$SYS/broker/bytes/sent', ... (5 bytes))
1778189860: Sending PUBLISH to mqtt-explorer-5c916486 (d0, q0, r0, m0, '$SYS/broker/publish/bytes/sent', ... (5 bytes))
1778189860: Sending PUBLISH to mqtt-explorer-5c916486 (d0, q0, r0, m0, '$SYS/broker/connections/socket/count', ... (2 bytes))
1778189860: Sending PUBLISH to mqtt-explorer-5c916486 (d0, q0, r0, m0, '$SYS/broker/publish/messages/sent', ... (4 bytes))
1778189866: Received PINGREQ from ISIC-ESP8266-001
1778189866: Sending PINGRESP to ISIC-ESP8266-001
1778189870: Sending PUBLISH to mqtt-explorer-5c916486 (d0, q0, r0, m0, '$SYS/broker/uptime', ... (11 bytes))
1778189870: Sending PUBLISH to mqtt-explorer-5c916486 (d0, q0, r0, m0, '$SYS/broker/load/messages/received/1min', ... (4 bytes))
1778189870: Sending PUBLISH to mqtt-explorer-5c916486 (d0, q0, r0, m0, '$SYS/broker/load/messages/received/5min', ... (4 bytes))
1778189870: Sending PUBLISH to mqtt-explorer-5c916486 (d0, q0, r0, m0, '$SYS/broker/load/messages/received/15min', ... (4 bytes))
1778189870: Sending PUBLISH to mqtt-explorer-5c916486 (d0, q0, r0, m0, '$SYS/broker/load/messages/sent/1min', ... (6 bytes))
1778189870: Sending PUBLISH to mqtt-explorer-5c916486 (d0, q0, r0, m0, '$SYS/broker/load/messages/sent/5min', ... (6 bytes))
1778189870: Sending PUBLISH to mqtt-explorer-5c916486 (d0, q0, r0, m0, '$SYS/broker/load/messages/sent/15min', ... (5 bytes))
1778189870: Sending PUBLISH to mqtt-explorer-5c916486 (d0, q0, r0, m0, '$SYS/broker/load/publish/received/1min', ... (4 bytes))
1778189870: Sending PUBLISH to mqtt-explorer-5c916486 (d0, q0, r0, m0, '$SYS/broker/load/publish/received/5min', ... (4 bytes))
1778189870: Sending PUBLISH to mqtt-explorer-5c916486 (d0, q0, r0, m0, '$SYS/broker/load/publish/sent/1min', ... (6 bytes))
1778189870: Sending PUBLISH to mqtt-explorer-5c916486 (d0, q0, r0, m0, '$SYS/broker/load/publish/sent/5min', ... (6 bytes))
1778189870: Sending PUBLISH to mqtt-explorer-5c916486 (d0, q0, r0, m0, '$SYS/broker/load/publish/sent/15min', ... (5 bytes))
1778189870: Sending PUBLISH to mqtt-explorer-5c916486 (d0, q0, r0, m0, '$SYS/broker/load/bytes/received/1min', ... (6 bytes))
1778189870: Sending PUBLISH to mqtt-explorer-5c916486 (d0, q0, r0, m0, '$SYS/broker/load/bytes/received/5min', ... (6 bytes))
1778189870: Sending PUBLISH to mqtt-explorer-5c916486 (d0, q0, r0, m0, '$SYS/broker/load/bytes/received/15min', ... (6 bytes))
1778189870: Sending PUBLISH to mqtt-explorer-5c916486 (d0, q0, r0, m0, '$SYS/broker/load/bytes/sent/1min', ... (7 bytes))
1778189870: Sending PUBLISH to mqtt-explorer-5c916486 (d0, q0, r0, m0, '$SYS/broker/load/bytes/sent/5min', ... (7 bytes))
1778189870: Sending PUBLISH to mqtt-explorer-5c916486 (d0, q0, r0, m0, '$SYS/broker/load/bytes/sent/15min', ... (7 bytes))
1778189870: Sending PUBLISH to mqtt-explorer-5c916486 (d0, q0, r0, m0, '$SYS/broker/load/sockets/1min', ... (4 bytes))
1778189870: Sending PUBLISH to mqtt-explorer-5c916486 (d0, q0, r0, m0, '$SYS/broker/load/sockets/5min', ... (4 bytes))
1778189870: Sending PUBLISH to mqtt-explorer-5c916486 (d0, q0, r0, m0, '$SYS/broker/load/sockets/15min', ... (4 bytes))
1778189870: Sending PUBLISH to mqtt-explorer-5c916486 (d0, q0, r0, m0, '$SYS/broker/load/connections/1min', ... (4 bytes))
1778189870: Sending PUBLISH to mqtt-explorer-5c916486 (d0, q0, r0, m0, '$SYS/broker/load/connections/5min', ... (4 bytes))
1778189870: Sending PUBLISH to mqtt-explorer-5c916486 (d0, q0, r0, m0, '$SYS/broker/load/connections/15min', ... (4 bytes))
1778189870: Sending PUBLISH to mqtt-explorer-5c916486 (d0, q0, r0, m0, '$SYS/broker/store/messages/bytes', ... (3 bytes))
1778189870: Sending PUBLISH to mqtt-explorer-5c916486 (d0, q0, r0, m0, '$SYS/broker/heap/current', ... (6 bytes))
1778189870: Sending PUBLISH to mqtt-explorer-5c916486 (d0, q0, r0, m0, '$SYS/broker/messages/received', ... (2 bytes))
1778189870: Sending PUBLISH to mqtt-explorer-5c916486 (d0, q0, r0, m0, '$SYS/broker/messages/sent', ... (4 bytes))
1778189870: Sending PUBLISH to mqtt-explorer-5c916486 (d0, q0, r0, m0, '$SYS/broker/bytes/received', ... (4 bytes))
1778189870: Sending PUBLISH to mqtt-explorer-5c916486 (d0, q0, r0, m0, '$SYS/broker/bytes/sent', ... (5 bytes))
1778189870: Sending PUBLISH to mqtt-explorer-5c916486 (d0, q0, r0, m0, '$SYS/broker/publish/bytes/sent', ... (5 bytes))
1778189870: Sending PUBLISH to mqtt-explorer-5c916486 (d0, q0, r0, m0, '$SYS/broker/publish/messages/sent', ... (4 bytes))
1778189880: Sending PUBLISH to mqtt-explorer-5c916486 (d0, q0, r0, m0, '$SYS/broker/uptime', ... (11 bytes))
1778189880: Sending PUBLISH to mqtt-explorer-5c916486 (d0, q0, r0, m0, '$SYS/broker/load/messages/received/1min', ... (4 bytes))
1778189880: Sending PUBLISH to mqtt-explorer-5c916486 (d0, q0, r0, m0, '$SYS/broker/load/messages/received/5min', ... (4 bytes))
1778189880: Sending PUBLISH to mqtt-explorer-5c916486 (d0, q0, r0, m0, '$SYS/broker/load/messages/received/15min', ... (4 bytes))
1778189880: Sending PUBLISH to mqtt-explorer-5c916486 (d0, q0, r0, m0, '$SYS/broker/load/messages/sent/1min', ... (6 bytes))
1778189880: Sending PUBLISH to mqtt-explorer-5c916486 (d0, q0, r0, m0, '$SYS/broker/load/messages/sent/5min', ... (6 bytes))
1778189880: Sending PUBLISH to mqtt-explorer-5c916486 (d0, q0, r0, m0, '$SYS/broker/load/messages/sent/15min', ... (5 bytes))
1778189880: Sending PUBLISH to mqtt-explorer-5c916486 (d0, q0, r0, m0, '$SYS/broker/load/publish/received/1min', ... (4 bytes))
1778189880: Sending PUBLISH to mqtt-explorer-5c916486 (d0, q0, r0, m0, '$SYS/broker/load/publish/received/5min', ... (4 bytes))
1778189880: Sending PUBLISH to mqtt-explorer-5c916486 (d0, q0, r0, m0, '$SYS/broker/load/publish/sent/1min', ... (6 bytes))
1778189880: Sending PUBLISH to mqtt-explorer-5c916486 (d0, q0, r0, m0, '$SYS/broker/load/publish/sent/5min', ... (6 bytes))
1778189880: Sending PUBLISH to mqtt-explorer-5c916486 (d0, q0, r0, m0, '$SYS/broker/load/publish/sent/15min', ... (5 bytes))
1778189880: Sending PUBLISH to mqtt-explorer-5c916486 (d0, q0, r0, m0, '$SYS/broker/load/bytes/received/1min', ... (6 bytes))
1778189880: Sending PUBLISH to mqtt-explorer-5c916486 (d0, q0, r0, m0, '$SYS/broker/load/bytes/received/5min', ... (6 bytes))
1778189880: Sending PUBLISH to mqtt-explorer-5c916486 (d0, q0, r0, m0, '$SYS/broker/load/bytes/received/15min', ... (6 bytes))
1778189880: Sending PUBLISH to mqtt-explorer-5c916486 (d0, q0, r0, m0, '$SYS/broker/load/bytes/sent/1min', ... (7 bytes))
1778189880: Sending PUBLISH to mqtt-explorer-5c916486 (d0, q0, r0, m0, '$SYS/broker/load/bytes/sent/5min', ... (7 bytes))
1778189880: Sending PUBLISH to mqtt-explorer-5c916486 (d0, q0, r0, m0, '$SYS/broker/load/bytes/sent/15min', ... (7 bytes))
1778189880: Sending PUBLISH to mqtt-explorer-5c916486 (d0, q0, r0, m0, '$SYS/broker/load/sockets/1min', ... (4 bytes))
1778189880: Sending PUBLISH to mqtt-explorer-5c916486 (d0, q0, r0, m0, '$SYS/broker/load/sockets/5min', ... (4 bytes))
1778189880: Sending PUBLISH to mqtt-explorer-5c916486 (d0, q0, r0, m0, '$SYS/broker/load/sockets/15min', ... (4 bytes))
1778189880: Sending PUBLISH to mqtt-explorer-5c916486 (d0, q0, r0, m0, '$SYS/broker/load/connections/1min', ... (4 bytes))
1778189880: Sending PUBLISH to mqtt-explorer-5c916486 (d0, q0, r0, m0, '$SYS/broker/load/connections/5min', ... (4 bytes))
1778189880: Sending PUBLISH to mqtt-explorer-5c916486 (d0, q0, r0, m0, '$SYS/broker/load/connections/15min', ... (4 bytes))
1778189880: Sending PUBLISH to mqtt-explorer-5c916486 (d0, q0, r0, m0, '$SYS/broker/store/messages/bytes', ... (3 bytes))
1778189880: Sending PUBLISH to mqtt-explorer-5c916486 (d0, q0, r0, m0, '$SYS/broker/heap/current', ... (6 bytes))
1778189880: Sending PUBLISH to mqtt-explorer-5c916486 (d0, q0, r0, m0, '$SYS/broker/messages/sent', ... (4 bytes))
1778189880: Sending PUBLISH to mqtt-explorer-5c916486 (d0, q0, r0, m0, '$SYS/broker/bytes/sent', ... (5 bytes))
1778189880: Sending PUBLISH to mqtt-explorer-5c916486 (d0, q0, r0, m0, '$SYS/broker/publish/bytes/sent', ... (5 bytes))
1778189880: Sending PUBLISH to mqtt-explorer-5c916486 (d0, q0, r0, m0, '$SYS/broker/publish/messages/sent', ... (4 bytes))
1778189882: New connection from 127.0.0.1:38924 on port 1883.
1778189882: New client connected from 127.0.0.1:38924 as healthcheck (p4, c1, k60).
1778189882: No will message specified.
1778189882: Sending CONNACK to healthcheck (0, 0)
1778189882: Received SUBSCRIBE from healthcheck
1778189882: 	$SYS/# (QoS 0)
1778189882: healthcheck 0 $SYS/#
1778189882: Sending SUBACK to healthcheck
1778189882: Sending PUBLISH to healthcheck (d0, q0, r1, m0, '$SYS/broker/version', ... (23 bytes))
1778189882: Sending PUBLISH to healthcheck (d0, q0, r1, m0, '$SYS/broker/uptime', ... (11 bytes))
1778189882: Sending PUBLISH to healthcheck (d0, q0, r1, m0, '$SYS/broker/clients/total', ... (1 bytes))
1778189882: Sending PUBLISH to healthcheck (d0, q0, r1, m0, '$SYS/broker/clients/disconnected', ... (1 bytes))
1778189882: Sending PUBLISH to healthcheck (d0, q0, r1, m0, '$SYS/broker/clients/inactive', ... (1 bytes))
1778189882: Sending PUBLISH to healthcheck (d0, q0, r1, m0, '$SYS/broker/clients/connected', ... (1 bytes))
1778189882: Sending PUBLISH to healthcheck (d0, q0, r1, m0, '$SYS/broker/clients/active', ... (1 bytes))
1778189882: Sending PUBLISH to healthcheck (d0, q0, r1, m0, '$SYS/broker/clients/expired', ... (1 bytes))
1778189882: Sending PUBLISH to healthcheck (d0, q0, r1, m0, '$SYS/broker/clients/maximum', ... (1 bytes))
1778189882: Sending PUBLISH to healthcheck (d0, q0, r1, m0, '$SYS/broker/messages/stored', ... (2 bytes))
1778189882: Sending PUBLISH to healthcheck (d0, q0, r1, m0, '$SYS/broker/messages/received', ... (2 bytes))
1778189882: Sending PUBLISH to healthcheck (d0, q0, r1, m0, '$SYS/broker/messages/sent', ... (4 bytes))
1778189882: Sending PUBLISH to healthcheck (d0, q0, r1, m0, '$SYS/broker/store/messages/count', ... (2 bytes))
1778189882: Sending PUBLISH to healthcheck (d0, q0, r1, m0, '$SYS/broker/store/messages/bytes', ... (3 bytes))
1778189882: Sending PUBLISH to healthcheck (d0, q0, r1, m0, '$SYS/broker/subscriptions/count', ... (1 bytes))
1778189882: Sending PUBLISH to healthcheck (d0, q0, r1, m0, '$SYS/broker/shared_subscriptions/count', ... (1 bytes))
1778189882: Sending PUBLISH to healthcheck (d0, q0, r1, m0, '$SYS/broker/retained messages/count', ... (2 bytes))
1778189882: Sending PUBLISH to healthcheck (d0, q0, r1, m0, '$SYS/broker/heap/current', ... (6 bytes))
1778189882: Sending PUBLISH to healthcheck (d0, q0, r1, m0, '$SYS/broker/heap/maximum', ... (6 bytes))
1778189882: Sending PUBLISH to healthcheck (d0, q0, r1, m0, '$SYS/broker/bytes/received', ... (4 bytes))
1778189882: Sending PUBLISH to healthcheck (d0, q0, r1, m0, '$SYS/broker/bytes/sent', ... (5 bytes))
1778189882: Sending PUBLISH to healthcheck (d0, q0, r1, m0, '$SYS/broker/publish/bytes/received', ... (3 bytes))
1778189882: Sending PUBLISH to healthcheck (d0, q0, r1, m0, '$SYS/broker/publish/bytes/sent', ... (5 bytes))
1778189882: Sending PUBLISH to healthcheck (d0, q0, r1, m0, '$SYS/broker/publish/messages/dropped', ... (1 bytes))
1778189882: Sending PUBLISH to healthcheck (d0, q0, r1, m0, '$SYS/broker/publish/messages/received', ... (1 bytes))
1778189882: Sending PUBLISH to healthcheck (d0, q0, r1, m0, '$SYS/broker/publish/messages/sent', ... (4 bytes))
1778189882: Sending PUBLISH to healthcheck (d0, q0, r1, m0, '$SYS/broker/packet/out/count', ... (1 bytes))
1778189882: Sending PUBLISH to healthcheck (d0, q0, r1, m0, '$SYS/broker/packet/out/bytes', ... (1 bytes))
1778189882: Sending PUBLISH to healthcheck (d0, q0, r1, m0, '$SYS/broker/connections/socket/count', ... (2 bytes))
1778189882: Sending PUBLISH to healthcheck (d0, q0, r1, m0, '$SYS/broker/load/messages/received/1min', ... (4 bytes))
1778189882: Sending PUBLISH to healthcheck (d0, q0, r1, m0, '$SYS/broker/load/messages/received/5min', ... (4 bytes))
1778189882: Sending PUBLISH to healthcheck (d0, q0, r1, m0, '$SYS/broker/load/messages/received/15min', ... (4 bytes))
1778189882: Sending PUBLISH to healthcheck (d0, q0, r1, m0, '$SYS/broker/load/messages/sent/1min', ... (6 bytes))
1778189882: Sending PUBLISH to healthcheck (d0, q0, r1, m0, '$SYS/broker/load/messages/sent/5min', ... (6 bytes))
1778189882: Sending PUBLISH to healthcheck (d0, q0, r1, m0, '$SYS/broker/load/messages/sent/15min', ... (5 bytes))
1778189882: Sending PUBLISH to healthcheck (d0, q0, r1, m0, '$SYS/broker/load/publish/dropped/1min', ... (4 bytes))
1778189882: Sending PUBLISH to healthcheck (d0, q0, r1, m0, '$SYS/broker/load/publish/dropped/5min', ... (4 bytes))
1778189882: Sending PUBLISH to healthcheck (d0, q0, r1, m0, '$SYS/broker/load/publish/dropped/15min', ... (4 bytes))
1778189882: Sending PUBLISH to healthcheck (d0, q0, r1, m0, '$SYS/broker/load/publish/received/1min', ... (4 bytes))
1778189882: Sending PUBLISH to healthcheck (d0, q0, r1, m0, '$SYS/broker/load/publish/received/5min', ... (4 bytes))
1778189882: Sending PUBLISH to healthcheck (d0, q0, r1, m0, '$SYS/broker/load/publish/received/15min', ... (4 bytes))
1778189882: Sending PUBLISH to healthcheck (d0, q0, r1, m0, '$SYS/broker/load/publish/sent/1min', ... (6 bytes))
1778189882: Sending PUBLISH to healthcheck (d0, q0, r1, m0, '$SYS/broker/load/publish/sent/5min', ... (6 bytes))
1778189882: Sending PUBLISH to healthcheck (d0, q0, r1, m0, '$SYS/broker/load/publish/sent/15min', ... (5 bytes))
1778189882: Sending PUBLISH to healthcheck (d0, q0, r1, m0, '$SYS/broker/load/bytes/received/1min', ... (6 bytes))
1778189882: Sending PUBLISH to healthcheck (d0, q0, r1, m0, '$SYS/broker/load/bytes/received/5min', ... (6 bytes))
1778189882: Sending PUBLISH to healthcheck (d0, q0, r1, m0, '$SYS/broker/load/bytes/received/15min', ... (6 bytes))
1778189882: Sending PUBLISH to healthcheck (d0, q0, r1, m0, '$SYS/broker/load/bytes/sent/1min', ... (7 bytes))
1778189882: Sending PUBLISH to healthcheck (d0, q0, r1, m0, '$SYS/broker/load/bytes/sent/5min', ... (7 bytes))
1778189882: Sending PUBLISH to healthcheck (d0, q0, r1, m0, '$SYS/broker/load/bytes/sent/15min', ... (7 bytes))
1778189882: Sending PUBLISH to healthcheck (d0, q0, r1, m0, '$SYS/broker/load/sockets/1min', ... (4 bytes))
1778189882: Sending PUBLISH to healthcheck (d0, q0, r1, m0, '$SYS/broker/load/sockets/5min', ... (4 bytes))
1778189882: Sending PUBLISH to healthcheck (d0, q0, r1, m0, '$SYS/broker/load/sockets/15min', ... (4 bytes))
1778189882: Sending PUBLISH to healthcheck (d0, q0, r1, m0, '$SYS/broker/load/connections/1min', ... (4 bytes))
1778189882: Sending PUBLISH to healthcheck (d0, q0, r1, m0, '$SYS/broker/load/connections/5min', ... (4 bytes))
1778189882: Sending PUBLISH to healthcheck (d0, q0, r1, m0, '$SYS/broker/load/connections/15min', ... (4 bytes))
1778189882: Client healthcheck [127.0.0.1:38924] disconnected: connection closed by client.
1778189885: Received PINGREQ from mqtt-explorer-5c916486
1778189885: Sending PINGRESP to mqtt-explorer-5c916486
1778189887: Received PUBLISH from ISIC-ESP8266-001 (d0, q0, r0, m0, 'device/ISIC-ESP8266-001/attendance', ... (53 bytes))
1778189887: Sending PUBLISH to mqtt-explorer-5c916486 (d0, q0, r0, m0, 'device/ISIC-ESP8266-001/attendance', ... (53 bytes))
1778189890: Sending PUBLISH to mqtt-explorer-5c916486 (d0, q0, r0, m0, '$SYS/broker/uptime', ... (11 bytes))
1778189890: Sending PUBLISH to mqtt-explorer-5c916486 (d0, q0, r0, m0, '$SYS/broker/load/messages/received/1min', ... (5 bytes))
1778189890: Sending PUBLISH to mqtt-explorer-5c916486 (d0, q0, r0, m0, '$SYS/broker/load/messages/received/5min', ... (4 bytes))
1778189890: Sending PUBLISH to mqtt-explorer-5c916486 (d0, q0, r0, m0, '$SYS/broker/load/messages/received/15min', ... (4 bytes))
1778189890: Sending PUBLISH to mqtt-explorer-5c916486 (d0, q0, r0, m0, '$SYS/broker/load/messages/sent/1min', ... (6 bytes))
1778189890: Sending PUBLISH to mqtt-explorer-5c916486 (d0, q0, r0, m0, '$SYS/broker/load/messages/sent/5min', ... (6 bytes))
1778189890: Sending PUBLISH to mqtt-explorer-5c916486 (d0, q0, r0, m0, '$SYS/broker/load/messages/sent/15min', ... (5 bytes))
1778189890: Sending PUBLISH to mqtt-explorer-5c916486 (d0, q0, r0, m0, '$SYS/broker/load/publish/received/1min', ... (4 bytes))
1778189890: Sending PUBLISH to mqtt-explorer-5c916486 (d0, q0, r0, m0, '$SYS/broker/load/publish/received/5min', ... (4 bytes))
1778189890: Sending PUBLISH to mqtt-explorer-5c916486 (d0, q0, r0, m0, '$SYS/broker/load/publish/received/15min', ... (4 bytes))
1778189890: Sending PUBLISH to mqtt-explorer-5c916486 (d0, q0, r0, m0, '$SYS/broker/load/publish/sent/1min', ... (6 bytes))
1778189890: Sending PUBLISH to mqtt-explorer-5c916486 (d0, q0, r0, m0, '$SYS/broker/load/publish/sent/5min', ... (6 bytes))
1778189890: Sending PUBLISH to mqtt-explorer-5c916486 (d0, q0, r0, m0, '$SYS/broker/load/publish/sent/15min', ... (5 bytes))
1778189890: Sending PUBLISH to mqtt-explorer-5c916486 (d0, q0, r0, m0, '$SYS/broker/load/bytes/received/1min', ... (6 bytes))
1778189890: Sending PUBLISH to mqtt-explorer-5c916486 (d0, q0, r0, m0, '$SYS/broker/load/bytes/received/5min', ... (6 bytes))
1778189890: Sending PUBLISH to mqtt-explorer-5c916486 (d0, q0, r0, m0, '$SYS/broker/load/bytes/received/15min', ... (6 bytes))
1778189890: Sending PUBLISH to mqtt-explorer-5c916486 (d0, q0, r0, m0, '$SYS/broker/load/bytes/sent/1min', ... (8 bytes))
1778189890: Sending PUBLISH to mqtt-explorer-5c916486 (d0, q0, r0, m0, '$SYS/broker/load/bytes/sent/5min', ... (7 bytes))
1778189890: Sending PUBLISH to mqtt-explorer-5c916486 (d0, q0, r0, m0, '$SYS/broker/load/bytes/sent/15min', ... (7 bytes))
1778189890: Sending PUBLISH to mqtt-explorer-5c916486 (d0, q0, r0, m0, '$SYS/broker/load/sockets/1min', ... (4 bytes))
1778189890: Sending PUBLISH to mqtt-explorer-5c916486 (d0, q0, r0, m0, '$SYS/broker/load/sockets/5min', ... (4 bytes))
1778189890: Sending PUBLISH to mqtt-explorer-5c916486 (d0, q0, r0, m0, '$SYS/broker/load/sockets/15min', ... (4 bytes))
1778189890: Sending PUBLISH to mqtt-explorer-5c916486 (d0, q0, r0, m0, '$SYS/broker/load/connections/1min', ... (4 bytes))
1778189890: Sending PUBLISH to mqtt-explorer-5c916486 (d0, q0, r0, m0, '$SYS/broker/load/connections/5min', ... (4 bytes))
1778189890: Sending PUBLISH to mqtt-explorer-5c916486 (d0, q0, r0, m0, '$SYS/broker/load/connections/15min', ... (4 bytes))
1778189890: Sending PUBLISH to mqtt-explorer-5c916486 (d0, q0, r0, m0, '$SYS/broker/messages/received', ... (2 bytes))
1778189890: Sending PUBLISH to mqtt-explorer-5c916486 (d0, q0, r0, m0, '$SYS/broker/messages/sent', ... (4 bytes))
1778189890: Sending PUBLISH to mqtt-explorer-5c916486 (d0, q0, r0, m0, '$SYS/broker/bytes/received', ... (4 bytes))
1778189890: Sending PUBLISH to mqtt-explorer-5c916486 (d0, q0, r0, m0, '$SYS/broker/bytes/sent', ... (6 bytes))
1778189890: Sending PUBLISH to mqtt-explorer-5c916486 (d0, q0, r0, m0, '$SYS/broker/publish/bytes/received', ... (3 bytes))
1778189890: Sending PUBLISH to mqtt-explorer-5c916486 (d0, q0, r0, m0, '$SYS/broker/publish/bytes/sent', ... (5 bytes))
1778189890: Sending PUBLISH to mqtt-explorer-5c916486 (d0, q0, r0, m0, '$SYS/broker/connections/socket/count', ... (2 bytes))
1778189890: Sending PUBLISH to mqtt-explorer-5c916486 (d0, q0, r0, m0, '$SYS/broker/publish/messages/received', ... (1 bytes))
1778189890: Sending PUBLISH to mqtt-explorer-5c916486 (d0, q0, r0, m0, '$SYS/broker/publish/messages/sent', ... (4 bytes))
1778189893: Received PUBLISH from ISIC-ESP8266-001 (d0, q0, r0, m0, 'device/ISIC-ESP8266-001/attendance', ... (53 bytes))
1778189893: Sending PUBLISH to mqtt-explorer-5c916486 (d0, q0, r0, m0, 'device/ISIC-ESP8266-001/attendance', ... (53 bytes))
1778189897: Received PUBLISH from ISIC-ESP8266-001 (d0, q0, r0, m0, 'device/ISIC-ESP8266-001/attendance', ... (53 bytes))
1778189897: Sending PUBLISH to mqtt-explorer-5c916486 (d0, q0, r0, m0, 'device/ISIC-ESP8266-001/attendance', ... (53 bytes))
1778189897: Received PUBLISH from ISIC-ESP8266-001 (d0, q0, r0, m0, 'device/ISIC-ESP8266-001/attendance', ... (53 bytes))
1778189897: Sending PUBLISH to mqtt-explorer-5c916486 (d0, q0, r0, m0, 'device/ISIC-ESP8266-001/attendance', ... (53 bytes))
1778189900: Sending PUBLISH to mqtt-explorer-5c916486 (d0, q0, r0, m0, '$SYS/broker/uptime', ... (11 bytes))
1778189900: Sending PUBLISH to mqtt-explorer-5c916486 (d0, q0, r0, m0, '$SYS/broker/load/messages/received/1min', ... (5 bytes))
1778189900: Sending PUBLISH to mqtt-explorer-5c916486 (d0, q0, r0, m0, '$SYS/broker/load/messages/received/5min', ... (4 bytes))
1778189900: Sending PUBLISH to mqtt-explorer-5c916486 (d0, q0, r0, m0, '$SYS/broker/load/messages/received/15min', ... (4 bytes))
1778189900: Sending PUBLISH to mqtt-explorer-5c916486 (d0, q0, r0, m0, '$SYS/broker/load/messages/sent/1min', ... (6 bytes))
1778189900: Sending PUBLISH to mqtt-explorer-5c916486 (d0, q0, r0, m0, '$SYS/broker/load/messages/sent/5min', ... (6 bytes))
1778189900: Sending PUBLISH to mqtt-explorer-5c916486 (d0, q0, r0, m0, '$SYS/broker/load/messages/sent/15min', ... (5 bytes))
1778189900: Sending PUBLISH to mqtt-explorer-5c916486 (d0, q0, r0, m0, '$SYS/broker/load/publish/received/1min', ... (4 bytes))
1778189900: Sending PUBLISH to mqtt-explorer-5c916486 (d0, q0, r0, m0, '$SYS/broker/load/publish/received/5min', ... (4 bytes))
1778189900: Sending PUBLISH to mqtt-explorer-5c916486 (d0, q0, r0, m0, '$SYS/broker/load/publish/received/15min', ... (4 bytes))
1778189900: Sending PUBLISH to mqtt-explorer-5c916486 (d0, q0, r0, m0, '$SYS/broker/load/publish/sent/1min', ... (6 bytes))
1778189900: Sending PUBLISH to mqtt-explorer-5c916486 (d0, q0, r0, m0, '$SYS/broker/load/publish/sent/5min', ... (6 bytes))
1778189900: Sending PUBLISH to mqtt-explorer-5c916486 (d0, q0, r0, m0, '$SYS/broker/load/publish/sent/15min', ... (5 bytes))
1778189900: Sending PUBLISH to mqtt-explorer-5c916486 (d0, q0, r0, m0, '$SYS/broker/load/bytes/received/1min', ... (6 bytes))
1778189900: Sending PUBLISH to mqtt-explorer-5c916486 (d0, q0, r0, m0, '$SYS/broker/load/bytes/received/5min', ... (6 bytes))
1778189900: Sending PUBLISH to mqtt-explorer-5c916486 (d0, q0, r0, m0, '$SYS/broker/load/bytes/received/15min', ... (6 bytes))
1778189900: Sending PUBLISH to mqtt-explorer-5c916486 (d0, q0, r0, m0, '$SYS/broker/load/bytes/sent/1min', ... (7 bytes))
1778189900: Sending PUBLISH to mqtt-explorer-5c916486 (d0, q0, r0, m0, '$SYS/broker/load/bytes/sent/5min', ... (7 bytes))
1778189900: Sending PUBLISH to mqtt-explorer-5c916486 (d0, q0, r0, m0, '$SYS/broker/load/bytes/sent/15min', ... (7 bytes))
1778189900: Sending PUBLISH to mqtt-explorer-5c916486 (d0, q0, r0, m0, '$SYS/broker/load/sockets/1min', ... (4 bytes))
1778189900: Sending PUBLISH to mqtt-explorer-5c916486 (d0, q0, r0, m0, '$SYS/broker/load/sockets/5min', ... (4 bytes))
1778189900: Sending PUBLISH to mqtt-explorer-5c916486 (d0, q0, r0, m0, '$SYS/broker/load/sockets/15min', ... (4 bytes))
1778189900: Sending PUBLISH to mqtt-explorer-5c916486 (d0, q0, r0, m0, '$SYS/broker/load/connections/1min', ... (4 bytes))
1778189900: Sending PUBLISH to mqtt-explorer-5c916486 (d0, q0, r0, m0, '$SYS/broker/load/connections/5min', ... (4 bytes))
1778189900: Sending PUBLISH to mqtt-explorer-5c916486 (d0, q0, r0, m0, '$SYS/broker/load/connections/15min', ... (4 bytes))
1778189900: Sending PUBLISH to mqtt-explorer-5c916486 (d0, q0, r0, m0, '$SYS/broker/store/messages/bytes', ... (3 bytes))
1778189900: Sending PUBLISH to mqtt-explorer-5c916486 (d0, q0, r0, m0, '$SYS/broker/heap/current', ... (6 bytes))
1778189900: Sending PUBLISH to mqtt-explorer-5c916486 (d0, q0, r0, m0, '$SYS/broker/messages/received', ... (2 bytes))
1778189900: Sending PUBLISH to mqtt-explorer-5c916486 (d0, q0, r0, m0, '$SYS/broker/messages/sent', ... (4 bytes))
1778189900: Sending PUBLISH to mqtt-explorer-5c916486 (d0, q0, r0, m0, '$SYS/broker/bytes/received', ... (4 bytes))
1778189900: Sending PUBLISH to mqtt-explorer-5c916486 (d0, q0, r0, m0, '$SYS/broker/bytes/sent', ... (6 bytes))
1778189900: Sending PUBLISH to mqtt-explorer-5c916486 (d0, q0, r0, m0, '$SYS/broker/publish/bytes/received', ... (3 bytes))
1778189900: Sending PUBLISH to mqtt-explorer-5c916486 (d0, q0, r0, m0, '$SYS/broker/publish/bytes/sent', ... (5 bytes))
1778189900: Sending PUBLISH to mqtt-explorer-5c916486 (d0, q0, r0, m0, '$SYS/broker/publish/messages/received', ... (1 bytes))
1778189900: Sending PUBLISH to mqtt-explorer-5c916486 (d0, q0, r0, m0, '$SYS/broker/publish/messages/sent', ... (4 bytes))
1778189901: Received PUBLISH from ISIC-ESP8266-001 (d0, q0, r0, m0, 'device/ISIC-ESP8266-001/attendance', ... (53 bytes))
1778189901: Sending PUBLISH to mqtt-explorer-5c916486 (d0, q0, r0, m0, 'device/ISIC-ESP8266-001/attendance', ... (53 bytes))
1778189905: Received PUBLISH from ISIC-ESP8266-001 (d0, q0, r0, m0, 'device/ISIC-ESP8266-001/attendance', ... (53 bytes))
1778189905: Sending PUBLISH to mqtt-explorer-5c916486 (d0, q0, r0, m0, 'device/ISIC-ESP8266-001/attendance', ... (53 bytes))
1778189910: Sending PUBLISH to mqtt-explorer-5c916486 (d0, q0, r0, m0, '$SYS/broker/uptime', ... (11 bytes))
1778189910: Sending PUBLISH to mqtt-explorer-5c916486 (d0, q0, r0, m0, '$SYS/broker/load/messages/received/1min', ... (5 bytes))
1778189910: Sending PUBLISH to mqtt-explorer-5c916486 (d0, q0, r0, m0, '$SYS/broker/load/messages/received/5min', ... (4 bytes))
1778189910: Sending PUBLISH to mqtt-explorer-5c916486 (d0, q0, r0, m0, '$SYS/broker/load/messages/received/15min', ... (4 bytes))
1778189910: Sending PUBLISH to mqtt-explorer-5c916486 (d0, q0, r0, m0, '$SYS/broker/load/messages/sent/1min', ... (6 bytes))
1778189910: Sending PUBLISH to mqtt-explorer-5c916486 (d0, q0, r0, m0, '$SYS/broker/load/messages/sent/5min', ... (6 bytes))
1778189910: Sending PUBLISH to mqtt-explorer-5c916486 (d0, q0, r0, m0, '$SYS/broker/load/messages/sent/15min', ... (5 bytes))
1778189910: Sending PUBLISH to mqtt-explorer-5c916486 (d0, q0, r0, m0, '$SYS/broker/load/publish/received/1min', ... (4 bytes))
1778189910: Sending PUBLISH to mqtt-explorer-5c916486 (d0, q0, r0, m0, '$SYS/broker/load/publish/received/5min', ... (4 bytes))
1778189910: Sending PUBLISH to mqtt-explorer-5c916486 (d0, q0, r0, m0, '$SYS/broker/load/publish/received/15min', ... (4 bytes))
1778189910: Sending PUBLISH to mqtt-explorer-5c916486 (d0, q0, r0, m0, '$SYS/broker/load/publish/sent/1min', ... (6 bytes))
1778189910: Sending PUBLISH to mqtt-explorer-5c916486 (d0, q0, r0, m0, '$SYS/broker/load/publish/sent/5min', ... (6 bytes))
1778189910: Sending PUBLISH to mqtt-explorer-5c916486 (d0, q0, r0, m0, '$SYS/broker/load/publish/sent/15min', ... (5 bytes))
1778189910: Sending PUBLISH to mqtt-explorer-5c916486 (d0, q0, r0, m0, '$SYS/broker/load/bytes/received/1min', ... (6 bytes))
1778189910: Sending PUBLISH to mqtt-explorer-5c916486 (d0, q0, r0, m0, '$SYS/broker/load/bytes/received/5min', ... (6 bytes))
1778189910: Sending PUBLISH to mqtt-explorer-5c916486 (d0, q0, r0, m0, '$SYS/broker/load/bytes/received/15min', ... (6 bytes))
1778189910: Sending PUBLISH to mqtt-explorer-5c916486 (d0, q0, r0, m0, '$SYS/broker/load/bytes/sent/1min', ... (7 bytes))
1778189910: Sending PUBLISH to mqtt-explorer-5c916486 (d0, q0, r0, m0, '$SYS/broker/load/bytes/sent/5min', ... (7 bytes))
1778189910: Sending PUBLISH to mqtt-explorer-5c916486 (d0, q0, r0, m0, '$SYS/broker/load/bytes/sent/15min', ... (7 bytes))
1778189910: Sending PUBLISH to mqtt-explorer-5c916486 (d0, q0, r0, m0, '$SYS/broker/load/sockets/1min', ... (4 bytes))
1778189910: Sending PUBLISH to mqtt-explorer-5c916486 (d0, q0, r0, m0, '$SYS/broker/load/sockets/5min', ... (4 bytes))
1778189910: Sending PUBLISH to mqtt-explorer-5c916486 (d0, q0, r0, m0, '$SYS/broker/load/sockets/15min', ... (4 bytes))
1778189910: Sending PUBLISH to mqtt-explorer-5c916486 (d0, q0, r0, m0, '$SYS/broker/load/connections/1min', ... (4 bytes))
1778189910: Sending PUBLISH to mqtt-explorer-5c916486 (d0, q0, r0, m0, '$SYS/broker/load/connections/5min', ... (4 bytes))
1778189910: Sending PUBLISH to mqtt-explorer-5c916486 (d0, q0, r0, m0, '$SYS/broker/load/connections/15min', ... (4 bytes))
1778189910: Sending PUBLISH to mqtt-explorer-5c916486 (d0, q0, r0, m0, '$SYS/broker/store/messages/bytes', ... (3 bytes))
1778189910: Sending PUBLISH to mqtt-explorer-5c916486 (d0, q0, r0, m0, '$SYS/broker/heap/current', ... (6 bytes))
1778189910: Sending PUBLISH to mqtt-explorer-5c916486 (d0, q0, r0, m0, '$SYS/broker/messages/received', ... (2 bytes))
1778189910: Sending PUBLISH to mqtt-explorer-5c916486 (d0, q0, r0, m0, '$SYS/broker/messages/sent', ... (4 bytes))
1778189910: Sending PUBLISH to mqtt-explorer-5c916486 (d0, q0, r0, m0, '$SYS/broker/bytes/received', ... (4 bytes))
1778189910: Sending PUBLISH to mqtt-explorer-5c916486 (d0, q0, r0, m0, '$SYS/broker/bytes/sent', ... (6 bytes))
1778189910: Sending PUBLISH to mqtt-explorer-5c916486 (d0, q0, r0, m0, '$SYS/broker/publish/bytes/received', ... (3 bytes))
1778189910: Sending PUBLISH to mqtt-explorer-5c916486 (d0, q0, r0, m0, '$SYS/broker/publish/bytes/sent', ... (5 bytes))
1778189910: Sending PUBLISH to mqtt-explorer-5c916486 (d0, q0, r0, m0, '$SYS/broker/publish/messages/received', ... (2 bytes))
1778189910: Sending PUBLISH to mqtt-explorer-5c916486 (d0, q0, r0, m0, '$SYS/broker/publish/messages/sent', ... (4 bytes))
1778189912: New connection from 127.0.0.1:41078 on port 1883.
1778189912: New client connected from 127.0.0.1:41078 as healthcheck (p4, c1, k60).
1778189912: No will message specified.
1778189912: Sending CONNACK to healthcheck (0, 0)
1778189912: Received SUBSCRIBE from healthcheck
1778189912: 	$SYS/# (QoS 0)
1778189912: healthcheck 0 $SYS/#
1778189912: Sending SUBACK to healthcheck
1778189912: Sending PUBLISH to healthcheck (d0, q0, r1, m0, '$SYS/broker/version', ... (23 bytes))
1778189912: Sending PUBLISH to healthcheck (d0, q0, r1, m0, '$SYS/broker/uptime', ... (11 bytes))
1778189912: Sending PUBLISH to healthcheck (d0, q0, r1, m0, '$SYS/broker/clients/total', ... (1 bytes))
1778189912: Sending PUBLISH to healthcheck (d0, q0, r1, m0, '$SYS/broker/clients/disconnected', ... (1 bytes))
1778189912: Sending PUBLISH to healthcheck (d0, q0, r1, m0, '$SYS/broker/clients/inactive', ... (1 bytes))
1778189912: Sending PUBLISH to healthcheck (d0, q0, r1, m0, '$SYS/broker/clients/connected', ... (1 bytes))
1778189912: Sending PUBLISH to healthcheck (d0, q0, r1, m0, '$SYS/broker/clients/active', ... (1 bytes))
1778189912: Sending PUBLISH to healthcheck (d0, q0, r1, m0, '$SYS/broker/clients/expired', ... (1 bytes))
1778189912: Sending PUBLISH to healthcheck (d0, q0, r1, m0, '$SYS/broker/clients/maximum', ... (1 bytes))
1778189912: Sending PUBLISH to healthcheck (d0, q0, r1, m0, '$SYS/broker/messages/stored', ... (2 bytes))
1778189912: Sending PUBLISH to healthcheck (d0, q0, r1, m0, '$SYS/broker/messages/received', ... (2 bytes))
1778189912: Sending PUBLISH to healthcheck (d0, q0, r1, m0, '$SYS/broker/messages/sent', ... (4 bytes))
1778189912: Sending PUBLISH to healthcheck (d0, q0, r1, m0, '$SYS/broker/store/messages/count', ... (2 bytes))
1778189912: Sending PUBLISH to healthcheck (d0, q0, r1, m0, '$SYS/broker/store/messages/bytes', ... (3 bytes))
1778189912: Sending PUBLISH to healthcheck (d0, q0, r1, m0, '$SYS/broker/subscriptions/count', ... (1 bytes))
1778189912: Sending PUBLISH to healthcheck (d0, q0, r1, m0, '$SYS/broker/shared_subscriptions/count', ... (1 bytes))
1778189912: Sending PUBLISH to healthcheck (d0, q0, r1, m0, '$SYS/broker/retained messages/count', ... (2 bytes))
1778189912: Sending PUBLISH to healthcheck (d0, q0, r1, m0, '$SYS/broker/heap/current', ... (6 bytes))
1778189912: Sending PUBLISH to healthcheck (d0, q0, r1, m0, '$SYS/broker/heap/maximum', ... (6 bytes))
1778189912: Sending PUBLISH to healthcheck (d0, q0, r1, m0, '$SYS/broker/bytes/received', ... (4 bytes))
1778189912: Sending PUBLISH to healthcheck (d0, q0, r1, m0, '$SYS/broker/bytes/sent', ... (6 bytes))
1778189912: Sending PUBLISH to healthcheck (d0, q0, r1, m0, '$SYS/broker/publish/bytes/received', ... (3 bytes))
1778189912: Sending PUBLISH to healthcheck (d0, q0, r1, m0, '$SYS/broker/publish/bytes/sent', ... (5 bytes))
1778189912: Sending PUBLISH to healthcheck (d0, q0, r1, m0, '$SYS/broker/publish/messages/dropped', ... (1 bytes))
1778189912: Sending PUBLISH to healthcheck (d0, q0, r1, m0, '$SYS/broker/publish/messages/received', ... (2 bytes))
1778189912: Sending PUBLISH to healthcheck (d0, q0, r1, m0, '$SYS/broker/publish/messages/sent', ... (4 bytes))
1778189912: Sending PUBLISH to healthcheck (d0, q0, r1, m0, '$SYS/broker/packet/out/count', ... (1 bytes))
1778189912: Sending PUBLISH to healthcheck (d0, q0, r1, m0, '$SYS/broker/packet/out/bytes', ... (1 bytes))
1778189912: Sending PUBLISH to healthcheck (d0, q0, r1, m0, '$SYS/broker/connections/socket/count', ... (2 bytes))
1778189912: Sending PUBLISH to healthcheck (d0, q0, r1, m0, '$SYS/broker/load/messages/received/1min', ... (5 bytes))
1778189912: Sending PUBLISH to healthcheck (d0, q0, r1, m0, '$SYS/broker/load/messages/received/5min', ... (4 bytes))
1778189912: Sending PUBLISH to healthcheck (d0, q0, r1, m0, '$SYS/broker/load/messages/received/15min', ... (4 bytes))
1778189912: Sending PUBLISH to healthcheck (d0, q0, r1, m0, '$SYS/broker/load/messages/sent/1min', ... (6 bytes))
1778189912: Sending PUBLISH to healthcheck (d0, q0, r1, m0, '$SYS/broker/load/messages/sent/5min', ... (6 bytes))
1778189912: Sending PUBLISH to healthcheck (d0, q0, r1, m0, '$SYS/broker/load/messages/sent/15min', ... (5 bytes))
1778189912: Sending PUBLISH to healthcheck (d0, q0, r1, m0, '$SYS/broker/load/publish/dropped/1min', ... (4 bytes))
1778189912: Sending PUBLISH to healthcheck (d0, q0, r1, m0, '$SYS/broker/load/publish/dropped/5min', ... (4 bytes))
1778189912: Sending PUBLISH to healthcheck (d0, q0, r1, m0, '$SYS/broker/load/publish/dropped/15min', ... (4 bytes))
1778189912: Sending PUBLISH to healthcheck (d0, q0, r1, m0, '$SYS/broker/load/publish/received/1min', ... (4 bytes))
1778189912: Sending PUBLISH to healthcheck (d0, q0, r1, m0, '$SYS/broker/load/publish/received/5min', ... (4 bytes))
1778189912: Sending PUBLISH to healthcheck (d0, q0, r1, m0, '$SYS/broker/load/publish/received/15min', ... (4 bytes))
1778189912: Sending PUBLISH to healthcheck (d0, q0, r1, m0, '$SYS/broker/load/publish/sent/1min', ... (6 bytes))
1778189912: Sending PUBLISH to healthcheck (d0, q0, r1, m0, '$SYS/broker/load/publish/sent/5min', ... (6 bytes))
1778189912: Sending PUBLISH to healthcheck (d0, q0, r1, m0, '$SYS/broker/load/publish/sent/15min', ... (5 bytes))
1778189912: Sending PUBLISH to healthcheck (d0, q0, r1, m0, '$SYS/broker/load/bytes/received/1min', ... (6 bytes))
1778189912: Sending PUBLISH to healthcheck (d0, q0, r1, m0, '$SYS/broker/load/bytes/received/5min', ... (6 bytes))
1778189912: Sending PUBLISH to healthcheck (d0, q0, r1, m0, '$SYS/broker/load/bytes/received/15min', ... (6 bytes))
1778189912: Sending PUBLISH to healthcheck (d0, q0, r1, m0, '$SYS/broker/load/bytes/sent/1min', ... (7 bytes))
1778189912: Sending PUBLISH to healthcheck (d0, q0, r1, m0, '$SYS/broker/load/bytes/sent/5min', ... (7 bytes))
1778189912: Sending PUBLISH to healthcheck (d0, q0, r1, m0, '$SYS/broker/load/bytes/sent/15min', ... (7 bytes))
1778189912: Sending PUBLISH to healthcheck (d0, q0, r1, m0, '$SYS/broker/load/sockets/1min', ... (4 bytes))
1778189912: Sending PUBLISH to healthcheck (d0, q0, r1, m0, '$SYS/broker/load/sockets/5min', ... (4 bytes))
1778189912: Sending PUBLISH to healthcheck (d0, q0, r1, m0, '$SYS/broker/load/sockets/15min', ... (4 bytes))
1778189912: Sending PUBLISH to healthcheck (d0, q0, r1, m0, '$SYS/broker/load/connections/1min', ... (4 bytes))
1778189912: Sending PUBLISH to healthcheck (d0, q0, r1, m0, '$SYS/broker/load/connections/5min', ... (4 bytes))
1778189912: Sending PUBLISH to healthcheck (d0, q0, r1, m0, '$SYS/broker/load/connections/15min', ... (4 bytes))
1778189912: Client healthcheck [127.0.0.1:41078] disconnected: connection closed by client.
1778189920: Sending PUBLISH to mqtt-explorer-5c916486 (d0, q0, r0, m0, '$SYS/broker/uptime', ... (11 bytes))
1778189920: Sending PUBLISH to mqtt-explorer-5c916486 (d0, q0, r0, m0, '$SYS/broker/load/messages/received/1min', ... (5 bytes))
1778189920: Sending PUBLISH to mqtt-explorer-5c916486 (d0, q0, r0, m0, '$SYS/broker/load/messages/received/5min', ... (4 bytes))
1778189920: Sending PUBLISH to mqtt-explorer-5c916486 (d0, q0, r0, m0, '$SYS/broker/load/messages/received/15min', ... (4 bytes))
1778189920: Sending PUBLISH to mqtt-explorer-5c916486 (d0, q0, r0, m0, '$SYS/broker/load/messages/sent/1min', ... (6 bytes))
1778189920: Sending PUBLISH to mqtt-explorer-5c916486 (d0, q0, r0, m0, '$SYS/broker/load/messages/sent/5min', ... (6 bytes))
1778189920: Sending PUBLISH to mqtt-explorer-5c916486 (d0, q0, r0, m0, '$SYS/broker/load/messages/sent/15min', ... (5 bytes))
1778189920: Sending PUBLISH to mqtt-explorer-5c916486 (d0, q0, r0, m0, '$SYS/broker/load/publish/received/1min', ... (4 bytes))
1778189920: Sending PUBLISH to mqtt-explorer-5c916486 (d0, q0, r0, m0, '$SYS/broker/load/publish/received/5min', ... (4 bytes))
1778189920: Sending PUBLISH to mqtt-explorer-5c916486 (d0, q0, r0, m0, '$SYS/broker/load/publish/sent/1min', ... (6 bytes))
1778189920: Sending PUBLISH to mqtt-explorer-5c916486 (d0, q0, r0, m0, '$SYS/broker/load/publish/sent/5min', ... (6 bytes))
1778189920: Sending PUBLISH to mqtt-explorer-5c916486 (d0, q0, r0, m0, '$SYS/broker/load/publish/sent/15min', ... (5 bytes))
1778189920: Sending PUBLISH to mqtt-explorer-5c916486 (d0, q0, r0, m0, '$SYS/broker/load/bytes/received/1min', ... (6 bytes))
1778189920: Sending PUBLISH to mqtt-explorer-5c916486 (d0, q0, r0, m0, '$SYS/broker/load/bytes/received/5min', ... (6 bytes))
1778189920: Sending PUBLISH to mqtt-explorer-5c916486 (d0, q0, r0, m0, '$SYS/broker/load/bytes/received/15min', ... (6 bytes))
1778189920: Sending PUBLISH to mqtt-explorer-5c916486 (d0, q0, r0, m0, '$SYS/broker/load/bytes/sent/1min', ... (8 bytes))
1778189920: Sending PUBLISH to mqtt-explorer-5c916486 (d0, q0, r0, m0, '$SYS/broker/load/bytes/sent/5min', ... (7 bytes))
1778189920: Sending PUBLISH to mqtt-explorer-5c916486 (d0, q0, r0, m0, '$SYS/broker/load/bytes/sent/15min', ... (7 bytes))
1778189920: Sending PUBLISH to mqtt-explorer-5c916486 (d0, q0, r0, m0, '$SYS/broker/load/sockets/1min', ... (4 bytes))
1778189920: Sending PUBLISH to mqtt-explorer-5c916486 (d0, q0, r0, m0, '$SYS/broker/load/sockets/5min', ... (4 bytes))
1778189920: Sending PUBLISH to mqtt-explorer-5c916486 (d0, q0, r0, m0, '$SYS/broker/load/sockets/15min', ... (4 bytes))
1778189920: Sending PUBLISH to mqtt-explorer-5c916486 (d0, q0, r0, m0, '$SYS/broker/load/connections/1min', ... (4 bytes))
1778189920: Sending PUBLISH to mqtt-explorer-5c916486 (d0, q0, r0, m0, '$SYS/broker/load/connections/5min', ... (4 bytes))
1778189920: Sending PUBLISH to mqtt-explorer-5c916486 (d0, q0, r0, m0, '$SYS/broker/load/connections/15min', ... (4 bytes))
1778189920: Sending PUBLISH to mqtt-explorer-5c916486 (d0, q0, r0, m0, '$SYS/broker/store/messages/bytes', ... (3 bytes))
1778189920: Sending PUBLISH to mqtt-explorer-5c916486 (d0, q0, r0, m0, '$SYS/broker/heap/current', ... (6 bytes))
1778189920: Sending PUBLISH to mqtt-explorer-5c916486 (d0, q0, r0, m0, '$SYS/broker/heap/maximum', ... (6 bytes))
1778189920: Sending PUBLISH to mqtt-explorer-5c916486 (d0, q0, r0, m0, '$SYS/broker/messages/received', ... (2 bytes))
1778189920: Sending PUBLISH to mqtt-explorer-5c916486 (d0, q0, r0, m0, '$SYS/broker/messages/sent', ... (4 bytes))
1778189920: Sending PUBLISH to mqtt-explorer-5c916486 (d0, q0, r0, m0, '$SYS/broker/bytes/received', ... (4 bytes))
1778189920: Sending PUBLISH to mqtt-explorer-5c916486 (d0, q0, r0, m0, '$SYS/broker/bytes/sent', ... (6 bytes))
1778189920: Sending PUBLISH to mqtt-explorer-5c916486 (d0, q0, r0, m0, '$SYS/broker/publish/bytes/sent', ... (5 bytes))
1778189920: Sending PUBLISH to mqtt-explorer-5c916486 (d0, q0, r0, m0, '$SYS/broker/connections/socket/count', ... (2 bytes))
1778189920: Sending PUBLISH to mqtt-explorer-5c916486 (d0, q0, r0, m0, '$SYS/broker/publish/messages/sent', ... (4 bytes))
1778189928: Received PINGREQ from ISIC-ESP8266-001
1778189928: Sending PINGRESP to ISIC-ESP8266-001
1778189930: Sending PUBLISH to mqtt-explorer-5c916486 (d0, q0, r0, m0, '$SYS/broker/uptime', ... (11 bytes))
1778189930: Sending PUBLISH to mqtt-explorer-5c916486 (d0, q0, r0, m0, '$SYS/broker/load/messages/received/1min', ... (5 bytes))
1778189930: Sending PUBLISH to mqtt-explorer-5c916486 (d0, q0, r0, m0, '$SYS/broker/load/messages/received/5min', ... (4 bytes))
1778189930: Sending PUBLISH to mqtt-explorer-5c916486 (d0, q0, r0, m0, '$SYS/broker/load/messages/received/15min', ... (4 bytes))
1778189930: Sending PUBLISH to mqtt-explorer-5c916486 (d0, q0, r0, m0, '$SYS/broker/load/messages/sent/1min', ... (6 bytes))
1778189930: Sending PUBLISH to mqtt-explorer-5c916486 (d0, q0, r0, m0, '$SYS/broker/load/messages/sent/5min', ... (6 bytes))
1778189930: Sending PUBLISH to mqtt-explorer-5c916486 (d0, q0, r0, m0, '$SYS/broker/load/messages/sent/15min', ... (5 bytes))
1778189930: Sending PUBLISH to mqtt-explorer-5c916486 (d0, q0, r0, m0, '$SYS/broker/load/publish/received/1min', ... (4 bytes))
1778189930: Sending PUBLISH to mqtt-explorer-5c916486 (d0, q0, r0, m0, '$SYS/broker/load/publish/received/5min', ... (4 bytes))
1778189930: Sending PUBLISH to mqtt-explorer-5c916486 (d0, q0, r0, m0, '$SYS/broker/load/publish/sent/1min', ... (6 bytes))
1778189930: Sending PUBLISH to mqtt-explorer-5c916486 (d0, q0, r0, m0, '$SYS/broker/load/publish/sent/5min', ... (6 bytes))
1778189930: Sending PUBLISH to mqtt-explorer-5c916486 (d0, q0, r0, m0, '$SYS/broker/load/publish/sent/15min', ... (5 bytes))
1778189930: Sending PUBLISH to mqtt-explorer-5c916486 (d0, q0, r0, m0, '$SYS/broker/load/bytes/received/1min', ... (6 bytes))
1778189930: Sending PUBLISH to mqtt-explorer-5c916486 (d0, q0, r0, m0, '$SYS/broker/load/bytes/received/5min', ... (6 bytes))
1778189930: Sending PUBLISH to mqtt-explorer-5c916486 (d0, q0, r0, m0, '$SYS/broker/load/bytes/received/15min', ... (6 bytes))
1778189930: Sending PUBLISH to mqtt-explorer-5c916486 (d0, q0, r0, m0, '$SYS/broker/load/bytes/sent/1min', ... (7 bytes))
1778189930: Sending PUBLISH to mqtt-explorer-5c916486 (d0, q0, r0, m0, '$SYS/broker/load/bytes/sent/5min', ... (7 bytes))
1778189930: Sending PUBLISH to mqtt-explorer-5c916486 (d0, q0, r0, m0, '$SYS/broker/load/bytes/sent/15min', ... (7 bytes))
1778189930: Sending PUBLISH to mqtt-explorer-5c916486 (d0, q0, r0, m0, '$SYS/broker/load/sockets/1min', ... (4 bytes))
1778189930: Sending PUBLISH to mqtt-explorer-5c916486 (d0, q0, r0, m0, '$SYS/broker/load/sockets/5min', ... (4 bytes))
1778189930: Sending PUBLISH to mqtt-explorer-5c916486 (d0, q0, r0, m0, '$SYS/broker/load/sockets/15min', ... (4 bytes))
1778189930: Sending PUBLISH to mqtt-explorer-5c916486 (d0, q0, r0, m0, '$SYS/broker/load/connections/1min', ... (4 bytes))
1778189930: Sending PUBLISH to mqtt-explorer-5c916486 (d0, q0, r0, m0, '$SYS/broker/load/connections/5min', ... (4 bytes))
1778189930: Sending PUBLISH to mqtt-explorer-5c916486 (d0, q0, r0, m0, '$SYS/broker/load/connections/15min', ... (4 bytes))
1778189930: Sending PUBLISH to mqtt-explorer-5c916486 (d0, q0, r0, m0, '$SYS/broker/store/messages/bytes', ... (3 bytes))
1778189930: Sending PUBLISH to mqtt-explorer-5c916486 (d0, q0, r0, m0, '$SYS/broker/heap/current', ... (6 bytes))
1778189930: Sending PUBLISH to mqtt-explorer-5c916486 (d0, q0, r0, m0, '$SYS/broker/messages/received', ... (2 bytes))
1778189930: Sending PUBLISH to mqtt-explorer-5c916486 (d0, q0, r0, m0, '$SYS/broker/messages/sent', ... (4 bytes))
1778189930: Sending PUBLISH to mqtt-explorer-5c916486 (d0, q0, r0, m0, '$SYS/broker/bytes/received', ... (4 bytes))
1778189930: Sending PUBLISH to mqtt-explorer-5c916486 (d0, q0, r0, m0, '$SYS/broker/bytes/sent', ... (6 bytes))
1778189930: Sending PUBLISH to mqtt-explorer-5c916486 (d0, q0, r0, m0, '$SYS/broker/publish/bytes/sent', ... (5 bytes))
1778189930: Sending PUBLISH to mqtt-explorer-5c916486 (d0, q0, r0, m0, '$SYS/broker/publish/messages/sent', ... (4 bytes))
1778189940: Sending PUBLISH to mqtt-explorer-5c916486 (d0, q0, r0, m0, '$SYS/broker/uptime', ... (11 bytes))
1778189940: Sending PUBLISH to mqtt-explorer-5c916486 (d0, q0, r0, m0, '$SYS/broker/load/messages/received/1min', ... (4 bytes))
1778189940: Sending PUBLISH to mqtt-explorer-5c916486 (d0, q0, r0, m0, '$SYS/broker/load/messages/received/5min', ... (4 bytes))
1778189940: Sending PUBLISH to mqtt-explorer-5c916486 (d0, q0, r0, m0, '$SYS/broker/load/messages/received/15min', ... (4 bytes))
1778189940: Sending PUBLISH to mqtt-explorer-5c916486 (d0, q0, r0, m0, '$SYS/broker/load/messages/sent/1min', ... (6 bytes))
1778189940: Sending PUBLISH to mqtt-explorer-5c916486 (d0, q0, r0, m0, '$SYS/broker/load/messages/sent/5min', ... (6 bytes))
1778189940: Sending PUBLISH to mqtt-explorer-5c916486 (d0, q0, r0, m0, '$SYS/broker/load/messages/sent/15min', ... (5 bytes))
1778189940: Sending PUBLISH to mqtt-explorer-5c916486 (d0, q0, r0, m0, '$SYS/broker/load/publish/received/1min', ... (4 bytes))
1778189940: Sending PUBLISH to mqtt-explorer-5c916486 (d0, q0, r0, m0, '$SYS/broker/load/publish/received/5min', ... (4 bytes))
1778189940: Sending PUBLISH to mqtt-explorer-5c916486 (d0, q0, r0, m0, '$SYS/broker/load/publish/sent/1min', ... (6 bytes))
1778189940: Sending PUBLISH to mqtt-explorer-5c916486 (d0, q0, r0, m0, '$SYS/broker/load/publish/sent/5min', ... (6 bytes))
1778189940: Sending PUBLISH to mqtt-explorer-5c916486 (d0, q0, r0, m0, '$SYS/broker/load/publish/sent/15min', ... (5 bytes))
1778189940: Sending PUBLISH to mqtt-explorer-5c916486 (d0, q0, r0, m0, '$SYS/broker/load/bytes/received/1min', ... (6 bytes))
1778189940: Sending PUBLISH to mqtt-explorer-5c916486 (d0, q0, r0, m0, '$SYS/broker/load/bytes/received/5min', ... (6 bytes))
1778189940: Sending PUBLISH to mqtt-explorer-5c916486 (d0, q0, r0, m0, '$SYS/broker/load/bytes/received/15min', ... (6 bytes))
1778189940: Sending PUBLISH to mqtt-explorer-5c916486 (d0, q0, r0, m0, '$SYS/broker/load/bytes/sent/1min', ... (7 bytes))
1778189940: Sending PUBLISH to mqtt-explorer-5c916486 (d0, q0, r0, m0, '$SYS/broker/load/bytes/sent/5min', ... (7 bytes))
1778189940: Sending PUBLISH to mqtt-explorer-5c916486 (d0, q0, r0, m0, '$SYS/broker/load/bytes/sent/15min', ... (7 bytes))
1778189940: Sending PUBLISH to mqtt-explorer-5c916486 (d0, q0, r0, m0, '$SYS/broker/load/sockets/1min', ... (4 bytes))
1778189940: Sending PUBLISH to mqtt-explorer-5c916486 (d0, q0, r0, m0, '$SYS/broker/load/sockets/5min', ... (4 bytes))
1778189940: Sending PUBLISH to mqtt-explorer-5c916486 (d0, q0, r0, m0, '$SYS/broker/load/sockets/15min', ... (4 bytes))
1778189940: Sending PUBLISH to mqtt-explorer-5c916486 (d0, q0, r0, m0, '$SYS/broker/load/connections/1min', ... (4 bytes))
1778189940: Sending PUBLISH to mqtt-explorer-5c916486 (d0, q0, r0, m0, '$SYS/broker/load/connections/5min', ... (4 bytes))
1778189940: Sending PUBLISH to mqtt-explorer-5c916486 (d0, q0, r0, m0, '$SYS/broker/load/connections/15min', ... (4 bytes))
1778189940: Sending PUBLISH to mqtt-explorer-5c916486 (d0, q0, r0, m0, '$SYS/broker/store/messages/bytes', ... (3 bytes))
1778189940: Sending PUBLISH to mqtt-explorer-5c916486 (d0, q0, r0, m0, '$SYS/broker/heap/current', ... (6 bytes))
1778189940: Sending PUBLISH to mqtt-explorer-5c916486 (d0, q0, r0, m0, '$SYS/broker/messages/sent', ... (4 bytes))
1778189940: Sending PUBLISH to mqtt-explorer-5c916486 (d0, q0, r0, m0, '$SYS/broker/bytes/sent', ... (6 bytes))
1778189940: Sending PUBLISH to mqtt-explorer-5c916486 (d0, q0, r0, m0, '$SYS/broker/publish/bytes/sent', ... (5 bytes))
1778189940: Sending PUBLISH to mqtt-explorer-5c916486 (d0, q0, r0, m0, '$SYS/broker/publish/messages/sent', ... (4 bytes))
1778189942: New connection from 127.0.0.1:55766 on port 1883.
1778189942: New client connected from 127.0.0.1:55766 as healthcheck (p4, c1, k60).
1778189942: No will message specified.
1778189942: Sending CONNACK to healthcheck (0, 0)
1778189942: Received SUBSCRIBE from healthcheck
1778189942: 	$SYS/# (QoS 0)
1778189942: healthcheck 0 $SYS/#
1778189942: Sending SUBACK to healthcheck
1778189942: Sending PUBLISH to healthcheck (d0, q0, r1, m0, '$SYS/broker/version', ... (23 bytes))
1778189942: Sending PUBLISH to healthcheck (d0, q0, r1, m0, '$SYS/broker/uptime', ... (11 bytes))
1778189942: Sending PUBLISH to healthcheck (d0, q0, r1, m0, '$SYS/broker/clients/total', ... (1 bytes))
1778189942: Sending PUBLISH to healthcheck (d0, q0, r1, m0, '$SYS/broker/clients/disconnected', ... (1 bytes))
1778189942: Sending PUBLISH to healthcheck (d0, q0, r1, m0, '$SYS/broker/clients/inactive', ... (1 bytes))
1778189942: Sending PUBLISH to healthcheck (d0, q0, r1, m0, '$SYS/broker/clients/connected', ... (1 bytes))
1778189942: Sending PUBLISH to healthcheck (d0, q0, r1, m0, '$SYS/broker/clients/active', ... (1 bytes))
1778189942: Sending PUBLISH to healthcheck (d0, q0, r1, m0, '$SYS/broker/clients/expired', ... (1 bytes))
1778189942: Sending PUBLISH to healthcheck (d0, q0, r1, m0, '$SYS/broker/clients/maximum', ... (1 bytes))
1778189942: Sending PUBLISH to healthcheck (d0, q0, r1, m0, '$SYS/broker/messages/stored', ... (2 bytes))
1778189942: Sending PUBLISH to healthcheck (d0, q0, r1, m0, '$SYS/broker/messages/received', ... (2 bytes))
1778189942: Sending PUBLISH to healthcheck (d0, q0, r1, m0, '$SYS/broker/messages/sent', ... (4 bytes))
1778189942: Sending PUBLISH to healthcheck (d0, q0, r1, m0, '$SYS/broker/store/messages/count', ... (2 bytes))
1778189942: Sending PUBLISH to healthcheck (d0, q0, r1, m0, '$SYS/broker/store/messages/bytes', ... (3 bytes))
1778189942: Sending PUBLISH to healthcheck (d0, q0, r1, m0, '$SYS/broker/subscriptions/count', ... (1 bytes))
1778189942: Sending PUBLISH to healthcheck (d0, q0, r1, m0, '$SYS/broker/shared_subscriptions/count', ... (1 bytes))
1778189942: Sending PUBLISH to healthcheck (d0, q0, r1, m0, '$SYS/broker/retained messages/count', ... (2 bytes))
1778189942: Sending PUBLISH to healthcheck (d0, q0, r1, m0, '$SYS/broker/heap/current', ... (6 bytes))
1778189942: Sending PUBLISH to healthcheck (d0, q0, r1, m0, '$SYS/broker/heap/maximum', ... (6 bytes))
1778189942: Sending PUBLISH to healthcheck (d0, q0, r1, m0, '$SYS/broker/bytes/received', ... (4 bytes))
1778189942: Sending PUBLISH to healthcheck (d0, q0, r1, m0, '$SYS/broker/bytes/sent', ... (6 bytes))
1778189942: Sending PUBLISH to healthcheck (d0, q0, r1, m0, '$SYS/broker/publish/bytes/received', ... (3 bytes))
1778189942: Sending PUBLISH to healthcheck (d0, q0, r1, m0, '$SYS/broker/publish/bytes/sent', ... (5 bytes))
1778189942: Sending PUBLISH to healthcheck (d0, q0, r1, m0, '$SYS/broker/publish/messages/dropped', ... (1 bytes))
1778189942: Sending PUBLISH to healthcheck (d0, q0, r1, m0, '$SYS/broker/publish/messages/received', ... (2 bytes))
1778189942: Sending PUBLISH to healthcheck (d0, q0, r1, m0, '$SYS/broker/publish/messages/sent', ... (4 bytes))
1778189942: Sending PUBLISH to healthcheck (d0, q0, r1, m0, '$SYS/broker/packet/out/count', ... (1 bytes))
1778189942: Sending PUBLISH to healthcheck (d0, q0, r1, m0, '$SYS/broker/packet/out/bytes', ... (1 bytes))
1778189942: Sending PUBLISH to healthcheck (d0, q0, r1, m0, '$SYS/broker/connections/socket/count', ... (2 bytes))
1778189942: Sending PUBLISH to healthcheck (d0, q0, r1, m0, '$SYS/broker/load/messages/received/1min', ... (4 bytes))
1778189942: Sending PUBLISH to healthcheck (d0, q0, r1, m0, '$SYS/broker/load/messages/received/5min', ... (4 bytes))
1778189942: Sending PUBLISH to healthcheck (d0, q0, r1, m0, '$SYS/broker/load/messages/received/15min', ... (4 bytes))
1778189942: Sending PUBLISH to healthcheck (d0, q0, r1, m0, '$SYS/broker/load/messages/sent/1min', ... (6 bytes))
1778189942: Sending PUBLISH to healthcheck (d0, q0, r1, m0, '$SYS/broker/load/messages/sent/5min', ... (6 bytes))
1778189942: Sending PUBLISH to healthcheck (d0, q0, r1, m0, '$SYS/broker/load/messages/sent/15min', ... (5 bytes))
1778189942: Sending PUBLISH to healthcheck (d0, q0, r1, m0, '$SYS/broker/load/publish/dropped/1min', ... (4 bytes))
1778189942: Sending PUBLISH to healthcheck (d0, q0, r1, m0, '$SYS/broker/load/publish/dropped/5min', ... (4 bytes))
1778189942: Sending PUBLISH to healthcheck (d0, q0, r1, m0, '$SYS/broker/load/publish/dropped/15min', ... (4 bytes))
1778189942: Sending PUBLISH to healthcheck (d0, q0, r1, m0, '$SYS/broker/load/publish/received/1min', ... (4 bytes))
1778189942: Sending PUBLISH to healthcheck (d0, q0, r1, m0, '$SYS/broker/load/publish/received/5min', ... (4 bytes))
1778189942: Sending PUBLISH to healthcheck (d0, q0, r1, m0, '$SYS/broker/load/publish/received/15min', ... (4 bytes))
1778189942: Sending PUBLISH to healthcheck (d0, q0, r1, m0, '$SYS/broker/load/publish/sent/1min', ... (6 bytes))
1778189942: Sending PUBLISH to healthcheck (d0, q0, r1, m0, '$SYS/broker/load/publish/sent/5min', ... (6 bytes))
1778189942: Sending PUBLISH to healthcheck (d0, q0, r1, m0, '$SYS/broker/load/publish/sent/15min', ... (5 bytes))
1778189942: Sending PUBLISH to healthcheck (d0, q0, r1, m0, '$SYS/broker/load/bytes/received/1min', ... (6 bytes))
1778189942: Sending PUBLISH to healthcheck (d0, q0, r1, m0, '$SYS/broker/load/bytes/received/5min', ... (6 bytes))
1778189942: Sending PUBLISH to healthcheck (d0, q0, r1, m0, '$SYS/broker/load/bytes/received/15min', ... (6 bytes))
1778189942: Sending PUBLISH to healthcheck (d0, q0, r1, m0, '$SYS/broker/load/bytes/sent/1min', ... (7 bytes))
1778189942: Sending PUBLISH to healthcheck (d0, q0, r1, m0, '$SYS/broker/load/bytes/sent/5min', ... (7 bytes))
1778189942: Sending PUBLISH to healthcheck (d0, q0, r1, m0, '$SYS/broker/load/bytes/sent/15min', ... (7 bytes))
1778189942: Sending PUBLISH to healthcheck (d0, q0, r1, m0, '$SYS/broker/load/sockets/1min', ... (4 bytes))
1778189942: Sending PUBLISH to healthcheck (d0, q0, r1, m0, '$SYS/broker/load/sockets/5min', ... (4 bytes))
1778189942: Sending PUBLISH to healthcheck (d0, q0, r1, m0, '$SYS/broker/load/sockets/15min', ... (4 bytes))
1778189942: Sending PUBLISH to healthcheck (d0, q0, r1, m0, '$SYS/broker/load/connections/1min', ... (4 bytes))
1778189942: Sending PUBLISH to healthcheck (d0, q0, r1, m0, '$SYS/broker/load/connections/5min', ... (4 bytes))
1778189942: Sending PUBLISH to healthcheck (d0, q0, r1, m0, '$SYS/broker/load/connections/15min', ... (4 bytes))
1778189942: Client healthcheck [127.0.0.1:55766] disconnected: connection closed by client.
1778189945: Received PINGREQ from mqtt-explorer-5c916486
1778189945: Sending PINGRESP to mqtt-explorer-5c916486
1778189950: Sending PUBLISH to mqtt-explorer-5c916486 (d0, q0, r0, m0, '$SYS/broker/uptime', ... (11 bytes))
1778189950: Sending PUBLISH to mqtt-explorer-5c916486 (d0, q0, r0, m0, '$SYS/broker/load/messages/received/1min', ... (5 bytes))
1778189950: Sending PUBLISH to mqtt-explorer-5c916486 (d0, q0, r0, m0, '$SYS/broker/load/messages/received/5min', ... (4 bytes))
1778189950: Sending PUBLISH to mqtt-explorer-5c916486 (d0, q0, r0, m0, '$SYS/broker/load/messages/received/15min', ... (4 bytes))
1778189950: Sending PUBLISH to mqtt-explorer-5c916486 (d0, q0, r0, m0, '$SYS/broker/load/messages/sent/1min', ... (6 bytes))
1778189950: Sending PUBLISH to mqtt-explorer-5c916486 (d0, q0, r0, m0, '$SYS/broker/load/messages/sent/5min', ... (6 bytes))
1778189950: Sending PUBLISH to mqtt-explorer-5c916486 (d0, q0, r0, m0, '$SYS/broker/load/messages/sent/15min', ... (5 bytes))
1778189950: Sending PUBLISH to mqtt-explorer-5c916486 (d0, q0, r0, m0, '$SYS/broker/load/publish/received/1min', ... (4 bytes))
1778189950: Sending PUBLISH to mqtt-explorer-5c916486 (d0, q0, r0, m0, '$SYS/broker/load/publish/received/5min', ... (4 bytes))
1778189950: Sending PUBLISH to mqtt-explorer-5c916486 (d0, q0, r0, m0, '$SYS/broker/load/publish/sent/1min', ... (6 bytes))
1778189950: Sending PUBLISH to mqtt-explorer-5c916486 (d0, q0, r0, m0, '$SYS/broker/load/publish/sent/5min', ... (6 bytes))
1778189950: Sending PUBLISH to mqtt-explorer-5c916486 (d0, q0, r0, m0, '$SYS/broker/load/publish/sent/15min', ... (5 bytes))
1778189950: Sending PUBLISH to mqtt-explorer-5c916486 (d0, q0, r0, m0, '$SYS/broker/load/bytes/received/1min', ... (6 bytes))
1778189950: Sending PUBLISH to mqtt-explorer-5c916486 (d0, q0, r0, m0, '$SYS/broker/load/bytes/received/5min', ... (6 bytes))
1778189950: Sending PUBLISH to mqtt-explorer-5c916486 (d0, q0, r0, m0, '$SYS/broker/load/bytes/received/15min', ... (6 bytes))
1778189950: Sending PUBLISH to mqtt-explorer-5c916486 (d0, q0, r0, m0, '$SYS/broker/load/bytes/sent/1min', ... (8 bytes))
1778189950: Sending PUBLISH to mqtt-explorer-5c916486 (d0, q0, r0, m0, '$SYS/broker/load/bytes/sent/5min', ... (7 bytes))
1778189950: Sending PUBLISH to mqtt-explorer-5c916486 (d0, q0, r0, m0, '$SYS/broker/load/bytes/sent/15min', ... (7 bytes))
1778189950: Sending PUBLISH to mqtt-explorer-5c916486 (d0, q0, r0, m0, '$SYS/broker/load/sockets/1min', ... (4 bytes))
1778189950: Sending PUBLISH to mqtt-explorer-5c916486 (d0, q0, r0, m0, '$SYS/broker/load/sockets/5min', ... (4 bytes))
1778189950: Sending PUBLISH to mqtt-explorer-5c916486 (d0, q0, r0, m0, '$SYS/broker/load/sockets/15min', ... (4 bytes))
1778189950: Sending PUBLISH to mqtt-explorer-5c916486 (d0, q0, r0, m0, '$SYS/broker/load/connections/1min', ... (4 bytes))
1778189950: Sending PUBLISH to mqtt-explorer-5c916486 (d0, q0, r0, m0, '$SYS/broker/load/connections/5min', ... (4 bytes))
1778189950: Sending PUBLISH to mqtt-explorer-5c916486 (d0, q0, r0, m0, '$SYS/broker/load/connections/15min', ... (4 bytes))
1778189950: Sending PUBLISH to mqtt-explorer-5c916486 (d0, q0, r0, m0, '$SYS/broker/store/messages/bytes', ... (3 bytes))
1778189950: Sending PUBLISH to mqtt-explorer-5c916486 (d0, q0, r0, m0, '$SYS/broker/heap/current', ... (6 bytes))
1778189950: Sending PUBLISH to mqtt-explorer-5c916486 (d0, q0, r0, m0, '$SYS/broker/messages/received', ... (2 bytes))
1778189950: Sending PUBLISH to mqtt-explorer-5c916486 (d0, q0, r0, m0, '$SYS/broker/messages/sent', ... (4 bytes))
1778189950: Sending PUBLISH to mqtt-explorer-5c916486 (d0, q0, r0, m0, '$SYS/broker/bytes/received', ... (4 bytes))
1778189950: Sending PUBLISH to mqtt-explorer-5c916486 (d0, q0, r0, m0, '$SYS/broker/bytes/sent', ... (6 bytes))
1778189950: Sending PUBLISH to mqtt-explorer-5c916486 (d0, q0, r0, m0, '$SYS/broker/publish/bytes/sent', ... (5 bytes))
1778189950: Sending PUBLISH to mqtt-explorer-5c916486 (d0, q0, r0, m0, '$SYS/broker/connections/socket/count', ... (2 bytes))
1778189950: Sending PUBLISH to mqtt-explorer-5c916486 (d0, q0, r0, m0, '$SYS/broker/publish/messages/sent', ... (4 bytes))
1778189960: Sending PUBLISH to mqtt-explorer-5c916486 (d0, q0, r0, m0, '$SYS/broker/uptime', ... (11 bytes))
1778189960: Sending PUBLISH to mqtt-explorer-5c916486 (d0, q0, r0, m0, '$SYS/broker/load/messages/received/1min', ... (4 bytes))
1778189960: Sending PUBLISH to mqtt-explorer-5c916486 (d0, q0, r0, m0, '$SYS/broker/load/messages/received/5min', ... (4 bytes))
1778189960: Sending PUBLISH to mqtt-explorer-5c916486 (d0, q0, r0, m0, '$SYS/broker/load/messages/received/15min', ... (4 bytes))
1778189960: Sending PUBLISH to mqtt-explorer-5c916486 (d0, q0, r0, m0, '$SYS/broker/load/messages/sent/1min', ... (6 bytes))
1778189960: Sending PUBLISH to mqtt-explorer-5c916486 (d0, q0, r0, m0, '$SYS/broker/load/messages/sent/5min', ... (6 bytes))
1778189960: Sending PUBLISH to mqtt-explorer-5c916486 (d0, q0, r0, m0, '$SYS/broker/load/messages/sent/15min', ... (5 bytes))
1778189960: Sending PUBLISH to mqtt-explorer-5c916486 (d0, q0, r0, m0, '$SYS/broker/load/publish/received/1min', ... (4 bytes))
1778189960: Sending PUBLISH to mqtt-explorer-5c916486 (d0, q0, r0, m0, '$SYS/broker/load/publish/received/5min', ... (4 bytes))
1778189960: Sending PUBLISH to mqtt-explorer-5c916486 (d0, q0, r0, m0, '$SYS/broker/load/publish/sent/1min', ... (6 bytes))
1778189960: Sending PUBLISH to mqtt-explorer-5c916486 (d0, q0, r0, m0, '$SYS/broker/load/publish/sent/5min', ... (6 bytes))
1778189960: Sending PUBLISH to mqtt-explorer-5c916486 (d0, q0, r0, m0, '$SYS/broker/load/publish/sent/15min', ... (5 bytes))
1778189960: Sending PUBLISH to mqtt-explorer-5c916486 (d0, q0, r0, m0, '$SYS/broker/load/bytes/received/1min', ... (6 bytes))
1778189960: Sending PUBLISH to mqtt-explorer-5c916486 (d0, q0, r0, m0, '$SYS/broker/load/bytes/received/5min', ... (6 bytes))
1778189960: Sending PUBLISH to mqtt-explorer-5c916486 (d0, q0, r0, m0, '$SYS/broker/load/bytes/received/15min', ... (6 bytes))
1778189960: Sending PUBLISH to mqtt-explorer-5c916486 (d0, q0, r0, m0, '$SYS/broker/load/bytes/sent/1min', ... (7 bytes))
1778189960: Sending PUBLISH to mqtt-explorer-5c916486 (d0, q0, r0, m0, '$SYS/broker/load/bytes/sent/5min', ... (7 bytes))
1778189960: Sending PUBLISH to mqtt-explorer-5c916486 (d0, q0, r0, m0, '$SYS/broker/load/bytes/sent/15min', ... (7 bytes))
1778189960: Sending PUBLISH to mqtt-explorer-5c916486 (d0, q0, r0, m0, '$SYS/broker/load/sockets/1min', ... (4 bytes))
1778189960: Sending PUBLISH to mqtt-explorer-5c916486 (d0, q0, r0, m0, '$SYS/broker/load/sockets/5min', ... (4 bytes))
1778189960: Sending PUBLISH to mqtt-explorer-5c916486 (d0, q0, r0, m0, '$SYS/broker/load/sockets/15min', ... (4 bytes))
1778189960: Sending PUBLISH to mqtt-explorer-5c916486 (d0, q0, r0, m0, '$SYS/broker/load/connections/1min', ... (4 bytes))
1778189960: Sending PUBLISH to mqtt-explorer-5c916486 (d0, q0, r0, m0, '$SYS/broker/load/connections/5min', ... (4 bytes))
1778189960: Sending PUBLISH to mqtt-explorer-5c916486 (d0, q0, r0, m0, '$SYS/broker/load/connections/15min', ... (4 bytes))
1778189960: Sending PUBLISH to mqtt-explorer-5c916486 (d0, q0, r0, m0, '$SYS/broker/store/messages/bytes', ... (3 bytes))
1778189960: Sending PUBLISH to mqtt-explorer-5c916486 (d0, q0, r0, m0, '$SYS/broker/heap/current', ... (6 bytes))
1778189960: Sending PUBLISH to mqtt-explorer-5c916486 (d0, q0, r0, m0, '$SYS/broker/messages/sent', ... (4 bytes))
1778189960: Sending PUBLISH to mqtt-explorer-5c916486 (d0, q0, r0, m0, '$SYS/broker/bytes/sent', ... (6 bytes))
1778189960: Sending PUBLISH to mqtt-explorer-5c916486 (d0, q0, r0, m0, '$SYS/broker/publish/bytes/sent', ... (5 bytes))
1778189960: Sending PUBLISH to mqtt-explorer-5c916486 (d0, q0, r0, m0, '$SYS/broker/publish/messages/sent', ... (4 bytes))
1778189970: Sending PUBLISH to mqtt-explorer-5c916486 (d0, q0, r0, m0, '$SYS/broker/uptime', ... (11 bytes))
1778189970: Sending PUBLISH to mqtt-explorer-5c916486 (d0, q0, r0, m0, '$SYS/broker/load/messages/received/1min', ... (4 bytes))
1778189970: Sending PUBLISH to mqtt-explorer-5c916486 (d0, q0, r0, m0, '$SYS/broker/load/messages/received/5min', ... (4 bytes))
1778189970: Sending PUBLISH to mqtt-explorer-5c916486 (d0, q0, r0, m0, '$SYS/broker/load/messages/received/15min', ... (4 bytes))
1778189970: Sending PUBLISH to mqtt-explorer-5c916486 (d0, q0, r0, m0, '$SYS/broker/load/messages/sent/1min', ... (6 bytes))
1778189970: Sending PUBLISH to mqtt-explorer-5c916486 (d0, q0, r0, m0, '$SYS/broker/load/messages/sent/5min', ... (6 bytes))
1778189970: Sending PUBLISH to mqtt-explorer-5c916486 (d0, q0, r0, m0, '$SYS/broker/load/messages/sent/15min', ... (5 bytes))
1778189970: Sending PUBLISH to mqtt-explorer-5c916486 (d0, q0, r0, m0, '$SYS/broker/load/publish/received/1min', ... (4 bytes))
1778189970: Sending PUBLISH to mqtt-explorer-5c916486 (d0, q0, r0, m0, '$SYS/broker/load/publish/received/5min', ... (4 bytes))
1778189970: Sending PUBLISH to mqtt-explorer-5c916486 (d0, q0, r0, m0, '$SYS/broker/load/publish/sent/1min', ... (6 bytes))
1778189970: Sending PUBLISH to mqtt-explorer-5c916486 (d0, q0, r0, m0, '$SYS/broker/load/publish/sent/5min', ... (6 bytes))
1778189970: Sending PUBLISH to mqtt-explorer-5c916486 (d0, q0, r0, m0, '$SYS/broker/load/publish/sent/15min', ... (5 bytes))
1778189970: Sending PUBLISH to mqtt-explorer-5c916486 (d0, q0, r0, m0, '$SYS/broker/load/bytes/received/1min', ... (6 bytes))
1778189970: Sending PUBLISH to mqtt-explorer-5c916486 (d0, q0, r0, m0, '$SYS/broker/load/bytes/received/5min', ... (6 bytes))
1778189970: Sending PUBLISH to mqtt-explorer-5c916486 (d0, q0, r0, m0, '$SYS/broker/load/bytes/received/15min', ... (6 bytes))
1778189970: Sending PUBLISH to mqtt-explorer-5c916486 (d0, q0, r0, m0, '$SYS/broker/load/bytes/sent/1min', ... (7 bytes))
1778189970: Sending PUBLISH to mqtt-explorer-5c916486 (d0, q0, r0, m0, '$SYS/broker/load/bytes/sent/5min', ... (7 bytes))
1778189970: Sending PUBLISH to mqtt-explorer-5c916486 (d0, q0, r0, m0, '$SYS/broker/load/bytes/sent/15min', ... (7 bytes))
1778189970: Sending PUBLISH to mqtt-explorer-5c916486 (d0, q0, r0, m0, '$SYS/broker/load/sockets/1min', ... (4 bytes))
1778189970: Sending PUBLISH to mqtt-explorer-5c916486 (d0, q0, r0, m0, '$SYS/broker/load/sockets/5min', ... (4 bytes))
1778189970: Sending PUBLISH to mqtt-explorer-5c916486 (d0, q0, r0, m0, '$SYS/broker/load/sockets/15min', ... (4 bytes))
1778189970: Sending PUBLISH to mqtt-explorer-5c916486 (d0, q0, r0, m0, '$SYS/broker/load/connections/1min', ... (4 bytes))
1778189970: Sending PUBLISH to mqtt-explorer-5c916486 (d0, q0, r0, m0, '$SYS/broker/load/connections/5min', ... (4 bytes))
1778189970: Sending PUBLISH to mqtt-explorer-5c916486 (d0, q0, r0, m0, '$SYS/broker/load/connections/15min', ... (4 bytes))
1778189970: Sending PUBLISH to mqtt-explorer-5c916486 (d0, q0, r0, m0, '$SYS/broker/store/messages/bytes', ... (3 bytes))
1778189970: Sending PUBLISH to mqtt-explorer-5c916486 (d0, q0, r0, m0, '$SYS/broker/heap/current', ... (6 bytes))
1778189970: Sending PUBLISH to mqtt-explorer-5c916486 (d0, q0, r0, m0, '$SYS/broker/messages/sent', ... (4 bytes))
1778189970: Sending PUBLISH to mqtt-explorer-5c916486 (d0, q0, r0, m0, '$SYS/broker/bytes/sent', ... (6 bytes))
1778189970: Sending PUBLISH to mqtt-explorer-5c916486 (d0, q0, r0, m0, '$SYS/broker/publish/bytes/sent', ... (5 bytes))
1778189970: Sending PUBLISH to mqtt-explorer-5c916486 (d0, q0, r0, m0, '$SYS/broker/publish/messages/sent', ... (4 bytes))
1778189972: New connection from 127.0.0.1:46532 on port 1883.
1778189972: New client connected from 127.0.0.1:46532 as healthcheck (p4, c1, k60).
1778189972: No will message specified.
1778189972: Sending CONNACK to healthcheck (0, 0)
1778189972: Received SUBSCRIBE from healthcheck
1778189972: 	$SYS/# (QoS 0)
1778189972: healthcheck 0 $SYS/#
1778189972: Sending SUBACK to healthcheck
1778189972: Sending PUBLISH to healthcheck (d0, q0, r1, m0, '$SYS/broker/version', ... (23 bytes))
1778189972: Sending PUBLISH to healthcheck (d0, q0, r1, m0, '$SYS/broker/uptime', ... (11 bytes))
1778189972: Sending PUBLISH to healthcheck (d0, q0, r1, m0, '$SYS/broker/clients/total', ... (1 bytes))
1778189972: Sending PUBLISH to healthcheck (d0, q0, r1, m0, '$SYS/broker/clients/disconnected', ... (1 bytes))
1778189972: Sending PUBLISH to healthcheck (d0, q0, r1, m0, '$SYS/broker/clients/inactive', ... (1 bytes))
1778189972: Sending PUBLISH to healthcheck (d0, q0, r1, m0, '$SYS/broker/clients/connected', ... (1 bytes))
1778189972: Sending PUBLISH to healthcheck (d0, q0, r1, m0, '$SYS/broker/clients/active', ... (1 bytes))
1778189972: Sending PUBLISH to healthcheck (d0, q0, r1, m0, '$SYS/broker/clients/expired', ... (1 bytes))
1778189972: Sending PUBLISH to healthcheck (d0, q0, r1, m0, '$SYS/broker/clients/maximum', ... (1 bytes))
1778189972: Sending PUBLISH to healthcheck (d0, q0, r1, m0, '$SYS/broker/messages/stored', ... (2 bytes))
1778189972: Sending PUBLISH to healthcheck (d0, q0, r1, m0, '$SYS/broker/messages/received', ... (2 bytes))
1778189972: Sending PUBLISH to healthcheck (d0, q0, r1, m0, '$SYS/broker/messages/sent', ... (4 bytes))
1778189972: Sending PUBLISH to healthcheck (d0, q0, r1, m0, '$SYS/broker/store/messages/count', ... (2 bytes))
1778189972: Sending PUBLISH to healthcheck (d0, q0, r1, m0, '$SYS/broker/store/messages/bytes', ... (3 bytes))
1778189972: Sending PUBLISH to healthcheck (d0, q0, r1, m0, '$SYS/broker/subscriptions/count', ... (1 bytes))
1778189972: Sending PUBLISH to healthcheck (d0, q0, r1, m0, '$SYS/broker/shared_subscriptions/count', ... (1 bytes))
1778189972: Sending PUBLISH to healthcheck (d0, q0, r1, m0, '$SYS/broker/retained messages/count', ... (2 bytes))
1778189972: Sending PUBLISH to healthcheck (d0, q0, r1, m0, '$SYS/broker/heap/current', ... (6 bytes))
1778189972: Sending PUBLISH to healthcheck (d0, q0, r1, m0, '$SYS/broker/heap/maximum', ... (6 bytes))
1778189972: Sending PUBLISH to healthcheck (d0, q0, r1, m0, '$SYS/broker/bytes/received', ... (4 bytes))
1778189972: Sending PUBLISH to healthcheck (d0, q0, r1, m0, '$SYS/broker/bytes/sent', ... (6 bytes))
1778189972: Sending PUBLISH to healthcheck (d0, q0, r1, m0, '$SYS/broker/publish/bytes/received', ... (3 bytes))
1778189972: Sending PUBLISH to healthcheck (d0, q0, r1, m0, '$SYS/broker/publish/bytes/sent', ... (5 bytes))
1778189972: Sending PUBLISH to healthcheck (d0, q0, r1, m0, '$SYS/broker/publish/messages/dropped', ... (1 bytes))
1778189972: Sending PUBLISH to healthcheck (d0, q0, r1, m0, '$SYS/broker/publish/messages/received', ... (2 bytes))
1778189972: Sending PUBLISH to healthcheck (d0, q0, r1, m0, '$SYS/broker/publish/messages/sent', ... (4 bytes))
1778189972: Sending PUBLISH to healthcheck (d0, q0, r1, m0, '$SYS/broker/packet/out/count', ... (1 bytes))
1778189972: Sending PUBLISH to healthcheck (d0, q0, r1, m0, '$SYS/broker/packet/out/bytes', ... (1 bytes))
1778189972: Sending PUBLISH to healthcheck (d0, q0, r1, m0, '$SYS/broker/connections/socket/count', ... (2 bytes))
1778189972: Sending PUBLISH to healthcheck (d0, q0, r1, m0, '$SYS/broker/load/messages/received/1min', ... (4 bytes))
1778189972: Sending PUBLISH to healthcheck (d0, q0, r1, m0, '$SYS/broker/load/messages/received/5min', ... (4 bytes))
1778189972: Sending PUBLISH to healthcheck (d0, q0, r1, m0, '$SYS/broker/load/messages/received/15min', ... (4 bytes))
1778189972: Sending PUBLISH to healthcheck (d0, q0, r1, m0, '$SYS/broker/load/messages/sent/1min', ... (6 bytes))
1778189972: Sending PUBLISH to healthcheck (d0, q0, r1, m0, '$SYS/broker/load/messages/sent/5min', ... (6 bytes))
1778189972: Sending PUBLISH to healthcheck (d0, q0, r1, m0, '$SYS/broker/load/messages/sent/15min', ... (5 bytes))
1778189972: Sending PUBLISH to healthcheck (d0, q0, r1, m0, '$SYS/broker/load/publish/dropped/1min', ... (4 bytes))
1778189972: Sending PUBLISH to healthcheck (d0, q0, r1, m0, '$SYS/broker/load/publish/dropped/5min', ... (4 bytes))
1778189972: Sending PUBLISH to healthcheck (d0, q0, r1, m0, '$SYS/broker/load/publish/dropped/15min', ... (4 bytes))
1778189972: Sending PUBLISH to healthcheck (d0, q0, r1, m0, '$SYS/broker/load/publish/received/1min', ... (4 bytes))
1778189972: Sending PUBLISH to healthcheck (d0, q0, r1, m0, '$SYS/broker/load/publish/received/5min', ... (4 bytes))
1778189972: Sending PUBLISH to healthcheck (d0, q0, r1, m0, '$SYS/broker/load/publish/received/15min', ... (4 bytes))
1778189972: Sending PUBLISH to healthcheck (d0, q0, r1, m0, '$SYS/broker/load/publish/sent/1min', ... (6 bytes))
1778189972: Sending PUBLISH to healthcheck (d0, q0, r1, m0, '$SYS/broker/load/publish/sent/5min', ... (6 bytes))
1778189972: Sending PUBLISH to healthcheck (d0, q0, r1, m0, '$SYS/broker/load/publish/sent/15min', ... (5 bytes))
1778189972: Sending PUBLISH to healthcheck (d0, q0, r1, m0, '$SYS/broker/load/bytes/received/1min', ... (6 bytes))
1778189972: Sending PUBLISH to healthcheck (d0, q0, r1, m0, '$SYS/broker/load/bytes/received/5min', ... (6 bytes))
1778189972: Sending PUBLISH to healthcheck (d0, q0, r1, m0, '$SYS/broker/load/bytes/received/15min', ... (6 bytes))
1778189972: Sending PUBLISH to healthcheck (d0, q0, r1, m0, '$SYS/broker/load/bytes/sent/1min', ... (7 bytes))
1778189972: Sending PUBLISH to healthcheck (d0, q0, r1, m0, '$SYS/broker/load/bytes/sent/5min', ... (7 bytes))
1778189972: Sending PUBLISH to healthcheck (d0, q0, r1, m0, '$SYS/broker/load/bytes/sent/15min', ... (7 bytes))
1778189972: Sending PUBLISH to healthcheck (d0, q0, r1, m0, '$SYS/broker/load/sockets/1min', ... (4 bytes))
1778189972: Sending PUBLISH to healthcheck (d0, q0, r1, m0, '$SYS/broker/load/sockets/5min', ... (4 bytes))
1778189972: Sending PUBLISH to healthcheck (d0, q0, r1, m0, '$SYS/broker/load/sockets/15min', ... (4 bytes))
1778189972: Sending PUBLISH to healthcheck (d0, q0, r1, m0, '$SYS/broker/load/connections/1min', ... (4 bytes))
1778189972: Sending PUBLISH to healthcheck (d0, q0, r1, m0, '$SYS/broker/load/connections/5min', ... (4 bytes))
1778189972: Sending PUBLISH to healthcheck (d0, q0, r1, m0, '$SYS/broker/load/connections/15min', ... (4 bytes))
1778189972: Client healthcheck [127.0.0.1:46532] disconnected: connection closed by client.
1778189973: Received PUBLISH from ISIC-ESP8266-001 (d0, q0, r0, m0, 'device/ISIC-ESP8266-001/attendance', ... (53 bytes))
1778189973: Sending PUBLISH to mqtt-explorer-5c916486 (d0, q0, r0, m0, 'device/ISIC-ESP8266-001/attendance', ... (53 bytes))
1778189980: Sending PUBLISH to mqtt-explorer-5c916486 (d0, q0, r0, m0, '$SYS/broker/uptime', ... (11 bytes))
1778189980: Sending PUBLISH to mqtt-explorer-5c916486 (d0, q0, r0, m0, '$SYS/broker/load/messages/received/1min', ... (4 bytes))
1778189980: Sending PUBLISH to mqtt-explorer-5c916486 (d0, q0, r0, m0, '$SYS/broker/load/messages/received/5min', ... (4 bytes))
1778189980: Sending PUBLISH to mqtt-explorer-5c916486 (d0, q0, r0, m0, '$SYS/broker/load/messages/received/15min', ... (4 bytes))
1778189980: Sending PUBLISH to mqtt-explorer-5c916486 (d0, q0, r0, m0, '$SYS/broker/load/messages/sent/1min', ... (6 bytes))
1778189980: Sending PUBLISH to mqtt-explorer-5c916486 (d0, q0, r0, m0, '$SYS/broker/load/messages/sent/5min', ... (6 bytes))
1778189980: Sending PUBLISH to mqtt-explorer-5c916486 (d0, q0, r0, m0, '$SYS/broker/load/messages/sent/15min', ... (5 bytes))
1778189980: Sending PUBLISH to mqtt-explorer-5c916486 (d0, q0, r0, m0, '$SYS/broker/load/publish/received/1min', ... (4 bytes))
1778189980: Sending PUBLISH to mqtt-explorer-5c916486 (d0, q0, r0, m0, '$SYS/broker/load/publish/received/5min', ... (4 bytes))
1778189980: Sending PUBLISH to mqtt-explorer-5c916486 (d0, q0, r0, m0, '$SYS/broker/load/publish/received/15min', ... (4 bytes))
1778189980: Sending PUBLISH to mqtt-explorer-5c916486 (d0, q0, r0, m0, '$SYS/broker/load/publish/sent/1min', ... (6 bytes))
1778189980: Sending PUBLISH to mqtt-explorer-5c916486 (d0, q0, r0, m0, '$SYS/broker/load/publish/sent/5min', ... (6 bytes))
1778189980: Sending PUBLISH to mqtt-explorer-5c916486 (d0, q0, r0, m0, '$SYS/broker/load/publish/sent/15min', ... (5 bytes))
1778189980: Sending PUBLISH to mqtt-explorer-5c916486 (d0, q0, r0, m0, '$SYS/broker/load/bytes/received/1min', ... (6 bytes))
1778189980: Sending PUBLISH to mqtt-explorer-5c916486 (d0, q0, r0, m0, '$SYS/broker/load/bytes/received/5min', ... (6 bytes))
1778189980: Sending PUBLISH to mqtt-explorer-5c916486 (d0, q0, r0, m0, '$SYS/broker/load/bytes/received/15min', ... (6 bytes))
1778189980: Sending PUBLISH to mqtt-explorer-5c916486 (d0, q0, r0, m0, '$SYS/broker/load/bytes/sent/1min', ... (8 bytes))
1778189980: Sending PUBLISH to mqtt-explorer-5c916486 (d0, q0, r0, m0, '$SYS/broker/load/bytes/sent/5min', ... (7 bytes))
1778189980: Sending PUBLISH to mqtt-explorer-5c916486 (d0, q0, r0, m0, '$SYS/broker/load/bytes/sent/15min', ... (7 bytes))
1778189980: Sending PUBLISH to mqtt-explorer-5c916486 (d0, q0, r0, m0, '$SYS/broker/load/sockets/1min', ... (4 bytes))
1778189980: Sending PUBLISH to mqtt-explorer-5c916486 (d0, q0, r0, m0, '$SYS/broker/load/sockets/5min', ... (4 bytes))
1778189980: Sending PUBLISH to mqtt-explorer-5c916486 (d0, q0, r0, m0, '$SYS/broker/load/sockets/15min', ... (4 bytes))
1778189980: Sending PUBLISH to mqtt-explorer-5c916486 (d0, q0, r0, m0, '$SYS/broker/load/connections/1min', ... (4 bytes))
1778189980: Sending PUBLISH to mqtt-explorer-5c916486 (d0, q0, r0, m0, '$SYS/broker/load/connections/5min', ... (4 bytes))
1778189980: Sending PUBLISH to mqtt-explorer-5c916486 (d0, q0, r0, m0, '$SYS/broker/load/connections/15min', ... (4 bytes))
1778189980: Sending PUBLISH to mqtt-explorer-5c916486 (d0, q0, r0, m0, '$SYS/broker/messages/received', ... (2 bytes))
1778189980: Sending PUBLISH to mqtt-explorer-5c916486 (d0, q0, r0, m0, '$SYS/broker/messages/sent', ... (4 bytes))
1778189980: Sending PUBLISH to mqtt-explorer-5c916486 (d0, q0, r0, m0, '$SYS/broker/bytes/received', ... (4 bytes))
1778189980: Sending PUBLISH to mqtt-explorer-5c916486 (d0, q0, r0, m0, '$SYS/broker/bytes/sent', ... (6 bytes))
1778189980: Sending PUBLISH to mqtt-explorer-5c916486 (d0, q0, r0, m0, '$SYS/broker/publish/bytes/received', ... (3 bytes))
1778189980: Sending PUBLISH to mqtt-explorer-5c916486 (d0, q0, r0, m0, '$SYS/broker/publish/bytes/sent', ... (5 bytes))
1778189980: Sending PUBLISH to mqtt-explorer-5c916486 (d0, q0, r0, m0, '$SYS/broker/connections/socket/count', ... (2 bytes))
1778189980: Sending PUBLISH to mqtt-explorer-5c916486 (d0, q0, r0, m0, '$SYS/broker/publish/messages/received', ... (2 bytes))
1778189980: Sending PUBLISH to mqtt-explorer-5c916486 (d0, q0, r0, m0, '$SYS/broker/publish/messages/sent', ... (4 bytes))
1778189990: Sending PUBLISH to mqtt-explorer-5c916486 (d0, q0, r0, m0, '$SYS/broker/uptime', ... (11 bytes))
1778189990: Sending PUBLISH to mqtt-explorer-5c916486 (d0, q0, r0, m0, '$SYS/broker/load/messages/received/1min', ... (4 bytes))
1778189990: Sending PUBLISH to mqtt-explorer-5c916486 (d0, q0, r0, m0, '$SYS/broker/load/messages/received/5min', ... (4 bytes))
1778189990: Sending PUBLISH to mqtt-explorer-5c916486 (d0, q0, r0, m0, '$SYS/broker/load/messages/received/15min', ... (4 bytes))
1778189990: Sending PUBLISH to mqtt-explorer-5c916486 (d0, q0, r0, m0, '$SYS/broker/load/messages/sent/1min', ... (6 bytes))
1778189990: Sending PUBLISH to mqtt-explorer-5c916486 (d0, q0, r0, m0, '$SYS/broker/load/messages/sent/5min', ... (6 bytes))
1778189990: Sending PUBLISH to mqtt-explorer-5c916486 (d0, q0, r0, m0, '$SYS/broker/load/messages/sent/15min', ... (5 bytes))
1778189990: Sending PUBLISH to mqtt-explorer-5c916486 (d0, q0, r0, m0, '$SYS/broker/load/publish/received/1min', ... (4 bytes))
1778189990: Sending PUBLISH to mqtt-explorer-5c916486 (d0, q0, r0, m0, '$SYS/broker/load/publish/received/5min', ... (4 bytes))
1778189990: Sending PUBLISH to mqtt-explorer-5c916486 (d0, q0, r0, m0, '$SYS/broker/load/publish/sent/1min', ... (6 bytes))
1778189990: Sending PUBLISH to mqtt-explorer-5c916486 (d0, q0, r0, m0, '$SYS/broker/load/publish/sent/5min', ... (6 bytes))
1778189990: Sending PUBLISH to mqtt-explorer-5c916486 (d0, q0, r0, m0, '$SYS/broker/load/publish/sent/15min', ... (5 bytes))
1778189990: Sending PUBLISH to mqtt-explorer-5c916486 (d0, q0, r0, m0, '$SYS/broker/load/bytes/received/1min', ... (6 bytes))
1778189990: Sending PUBLISH to mqtt-explorer-5c916486 (d0, q0, r0, m0, '$SYS/broker/load/bytes/received/5min', ... (6 bytes))
1778189990: Sending PUBLISH to mqtt-explorer-5c916486 (d0, q0, r0, m0, '$SYS/broker/load/bytes/received/15min', ... (6 bytes))
1778189990: Sending PUBLISH to mqtt-explorer-5c916486 (d0, q0, r0, m0, '$SYS/broker/load/bytes/sent/1min', ... (7 bytes))
1778189990: Sending PUBLISH to mqtt-explorer-5c916486 (d0, q0, r0, m0, '$SYS/broker/load/bytes/sent/5min', ... (7 bytes))
1778189990: Sending PUBLISH to mqtt-explorer-5c916486 (d0, q0, r0, m0, '$SYS/broker/load/bytes/sent/15min', ... (7 bytes))
1778189990: Sending PUBLISH to mqtt-explorer-5c916486 (d0, q0, r0, m0, '$SYS/broker/load/sockets/1min', ... (4 bytes))
1778189990: Sending PUBLISH to mqtt-explorer-5c916486 (d0, q0, r0, m0, '$SYS/broker/load/sockets/5min', ... (4 bytes))
1778189990: Sending PUBLISH to mqtt-explorer-5c916486 (d0, q0, r0, m0, '$SYS/broker/load/sockets/15min', ... (4 bytes))
1778189990: Sending PUBLISH to mqtt-explorer-5c916486 (d0, q0, r0, m0, '$SYS/broker/load/connections/1min', ... (4 bytes))
1778189990: Sending PUBLISH to mqtt-explorer-5c916486 (d0, q0, r0, m0, '$SYS/broker/load/connections/5min', ... (4 bytes))
1778189990: Sending PUBLISH to mqtt-explorer-5c916486 (d0, q0, r0, m0, '$SYS/broker/load/connections/15min', ... (4 bytes))
1778189990: Sending PUBLISH to mqtt-explorer-5c916486 (d0, q0, r0, m0, '$SYS/broker/store/messages/bytes', ... (3 bytes))
1778189990: Sending PUBLISH to mqtt-explorer-5c916486 (d0, q0, r0, m0, '$SYS/broker/heap/current', ... (6 bytes))
1778189990: Sending PUBLISH to mqtt-explorer-5c916486 (d0, q0, r0, m0, '$SYS/broker/messages/sent', ... (4 bytes))
1778189990: Sending PUBLISH to mqtt-explorer-5c916486 (d0, q0, r0, m0, '$SYS/broker/bytes/sent', ... (6 bytes))
1778189990: Sending PUBLISH to mqtt-explorer-5c916486 (d0, q0, r0, m0, '$SYS/broker/publish/bytes/sent', ... (5 bytes))
1778189990: Sending PUBLISH to mqtt-explorer-5c916486 (d0, q0, r0, m0, '$SYS/broker/publish/messages/sent', ... (4 bytes))
1778189990: Received PINGREQ from ISIC-ESP8266-001
1778189990: Sending PINGRESP to ISIC-ESP8266-001
1778190000: Sending PUBLISH to mqtt-explorer-5c916486 (d0, q0, r0, m0, '$SYS/broker/uptime', ... (11 bytes))
1778190000: Sending PUBLISH to mqtt-explorer-5c916486 (d0, q0, r0, m0, '$SYS/broker/load/messages/received/1min', ... (4 bytes))
1778190000: Sending PUBLISH to mqtt-explorer-5c916486 (d0, q0, r0, m0, '$SYS/broker/load/messages/received/5min', ... (4 bytes))
1778190000: Sending PUBLISH to mqtt-explorer-5c916486 (d0, q0, r0, m0, '$SYS/broker/load/messages/received/15min', ... (4 bytes))
1778190000: Sending PUBLISH to mqtt-explorer-5c916486 (d0, q0, r0, m0, '$SYS/broker/load/messages/sent/1min', ... (6 bytes))
1778190000: Sending PUBLISH to mqtt-explorer-5c916486 (d0, q0, r0, m0, '$SYS/broker/load/messages/sent/5min', ... (6 bytes))
1778190000: Sending PUBLISH to mqtt-explorer-5c916486 (d0, q0, r0, m0, '$SYS/broker/load/messages/sent/15min', ... (5 bytes))
1778190000: Sending PUBLISH to mqtt-explorer-5c916486 (d0, q0, r0, m0, '$SYS/broker/load/publish/received/1min', ... (4 bytes))
1778190000: Sending PUBLISH to mqtt-explorer-5c916486 (d0, q0, r0, m0, '$SYS/broker/load/publish/received/5min', ... (4 bytes))
1778190000: Sending PUBLISH to mqtt-explorer-5c916486 (d0, q0, r0, m0, '$SYS/broker/load/publish/sent/1min', ... (6 bytes))
1778190000: Sending PUBLISH to mqtt-explorer-5c916486 (d0, q0, r0, m0, '$SYS/broker/load/publish/sent/5min', ... (6 bytes))
1778190000: Sending PUBLISH to mqtt-explorer-5c916486 (d0, q0, r0, m0, '$SYS/broker/load/publish/sent/15min', ... (5 bytes))
1778190000: Sending PUBLISH to mqtt-explorer-5c916486 (d0, q0, r0, m0, '$SYS/broker/load/bytes/received/1min', ... (6 bytes))
1778190000: Sending PUBLISH to mqtt-explorer-5c916486 (d0, q0, r0, m0, '$SYS/broker/load/bytes/received/5min', ... (6 bytes))
1778190000: Sending PUBLISH to mqtt-explorer-5c916486 (d0, q0, r0, m0, '$SYS/broker/load/bytes/received/15min', ... (6 bytes))
1778190000: Sending PUBLISH to mqtt-explorer-5c916486 (d0, q0, r0, m0, '$SYS/broker/load/bytes/sent/1min', ... (7 bytes))
1778190000: Sending PUBLISH to mqtt-explorer-5c916486 (d0, q0, r0, m0, '$SYS/broker/load/bytes/sent/5min', ... (7 bytes))
1778190000: Sending PUBLISH to mqtt-explorer-5c916486 (d0, q0, r0, m0, '$SYS/broker/load/bytes/sent/15min', ... (7 bytes))
1778190000: Sending PUBLISH to mqtt-explorer-5c916486 (d0, q0, r0, m0, '$SYS/broker/load/sockets/1min', ... (4 bytes))
1778190000: Sending PUBLISH to mqtt-explorer-5c916486 (d0, q0, r0, m0, '$SYS/broker/load/sockets/5min', ... (4 bytes))
1778190000: Sending PUBLISH to mqtt-explorer-5c916486 (d0, q0, r0, m0, '$SYS/broker/load/sockets/15min', ... (4 bytes))
1778190000: Sending PUBLISH to mqtt-explorer-5c916486 (d0, q0, r0, m0, '$SYS/broker/load/connections/1min', ... (4 bytes))
1778190000: Sending PUBLISH to mqtt-explorer-5c916486 (d0, q0, r0, m0, '$SYS/broker/load/connections/5min', ... (4 bytes))
1778190000: Sending PUBLISH to mqtt-explorer-5c916486 (d0, q0, r0, m0, '$SYS/broker/load/connections/15min', ... (4 bytes))
1778190000: Sending PUBLISH to mqtt-explorer-5c916486 (d0, q0, r0, m0, '$SYS/broker/store/messages/bytes', ... (3 bytes))
1778190000: Sending PUBLISH to mqtt-explorer-5c916486 (d0, q0, r0, m0, '$SYS/broker/heap/current', ... (6 bytes))
1778190000: Sending PUBLISH to mqtt-explorer-5c916486 (d0, q0, r0, m0, '$SYS/broker/messages/received', ... (2 bytes))
1778190000: Sending PUBLISH to mqtt-explorer-5c916486 (d0, q0, r0, m0, '$SYS/broker/messages/sent', ... (4 bytes))
1778190000: Sending PUBLISH to mqtt-explorer-5c916486 (d0, q0, r0, m0, '$SYS/broker/bytes/received', ... (4 bytes))
1778190000: Sending PUBLISH to mqtt-explorer-5c916486 (d0, q0, r0, m0, '$SYS/broker/bytes/sent', ... (6 bytes))
1778190000: Sending PUBLISH to mqtt-explorer-5c916486 (d0, q0, r0, m0, '$SYS/broker/publish/bytes/sent', ... (5 bytes))
1778190000: Sending PUBLISH to mqtt-explorer-5c916486 (d0, q0, r0, m0, '$SYS/broker/publish/messages/sent', ... (4 bytes))
1778190002: New connection from 127.0.0.1:55208 on port 1883.
1778190002: New client connected from 127.0.0.1:55208 as healthcheck (p4, c1, k60).
1778190002: No will message specified.
1778190002: Sending CONNACK to healthcheck (0, 0)
1778190002: Received SUBSCRIBE from healthcheck
1778190002: 	$SYS/# (QoS 0)
1778190002: healthcheck 0 $SYS/#
1778190002: Sending SUBACK to healthcheck
1778190002: Sending PUBLISH to healthcheck (d0, q0, r1, m0, '$SYS/broker/version', ... (23 bytes))
1778190002: Sending PUBLISH to healthcheck (d0, q0, r1, m0, '$SYS/broker/uptime', ... (11 bytes))
1778190002: Sending PUBLISH to healthcheck (d0, q0, r1, m0, '$SYS/broker/clients/total', ... (1 bytes))
1778190002: Sending PUBLISH to healthcheck (d0, q0, r1, m0, '$SYS/broker/clients/disconnected', ... (1 bytes))
1778190002: Sending PUBLISH to healthcheck (d0, q0, r1, m0, '$SYS/broker/clients/inactive', ... (1 bytes))
1778190002: Sending PUBLISH to healthcheck (d0, q0, r1, m0, '$SYS/broker/clients/connected', ... (1 bytes))
1778190002: Sending PUBLISH to healthcheck (d0, q0, r1, m0, '$SYS/broker/clients/active', ... (1 bytes))
1778190002: Sending PUBLISH to healthcheck (d0, q0, r1, m0, '$SYS/broker/clients/expired', ... (1 bytes))
1778190002: Sending PUBLISH to healthcheck (d0, q0, r1, m0, '$SYS/broker/clients/maximum', ... (1 bytes))
1778190002: Sending PUBLISH to healthcheck (d0, q0, r1, m0, '$SYS/broker/messages/stored', ... (2 bytes))
1778190002: Sending PUBLISH to healthcheck (d0, q0, r1, m0, '$SYS/broker/messages/received', ... (2 bytes))
1778190002: Sending PUBLISH to healthcheck (d0, q0, r1, m0, '$SYS/broker/messages/sent', ... (4 bytes))
1778190002: Sending PUBLISH to healthcheck (d0, q0, r1, m0, '$SYS/broker/store/messages/count', ... (2 bytes))
1778190002: Sending PUBLISH to healthcheck (d0, q0, r1, m0, '$SYS/broker/store/messages/bytes', ... (3 bytes))
1778190002: Sending PUBLISH to healthcheck (d0, q0, r1, m0, '$SYS/broker/subscriptions/count', ... (1 bytes))
1778190002: Sending PUBLISH to healthcheck (d0, q0, r1, m0, '$SYS/broker/shared_subscriptions/count', ... (1 bytes))
1778190002: Sending PUBLISH to healthcheck (d0, q0, r1, m0, '$SYS/broker/retained messages/count', ... (2 bytes))
1778190002: Sending PUBLISH to healthcheck (d0, q0, r1, m0, '$SYS/broker/heap/current', ... (6 bytes))
1778190002: Sending PUBLISH to healthcheck (d0, q0, r1, m0, '$SYS/broker/heap/maximum', ... (6 bytes))
1778190002: Sending PUBLISH to healthcheck (d0, q0, r1, m0, '$SYS/broker/bytes/received', ... (4 bytes))
1778190002: Sending PUBLISH to healthcheck (d0, q0, r1, m0, '$SYS/broker/bytes/sent', ... (6 bytes))
1778190002: Sending PUBLISH to healthcheck (d0, q0, r1, m0, '$SYS/broker/publish/bytes/received', ... (3 bytes))
1778190002: Sending PUBLISH to healthcheck (d0, q0, r1, m0, '$SYS/broker/publish/bytes/sent', ... (5 bytes))
1778190002: Sending PUBLISH to healthcheck (d0, q0, r1, m0, '$SYS/broker/publish/messages/dropped', ... (1 bytes))
1778190002: Sending PUBLISH to healthcheck (d0, q0, r1, m0, '$SYS/broker/publish/messages/received', ... (2 bytes))
1778190002: Sending PUBLISH to healthcheck (d0, q0, r1, m0, '$SYS/broker/publish/messages/sent', ... (4 bytes))
1778190002: Sending PUBLISH to healthcheck (d0, q0, r1, m0, '$SYS/broker/packet/out/count', ... (1 bytes))
1778190002: Sending PUBLISH to healthcheck (d0, q0, r1, m0, '$SYS/broker/packet/out/bytes', ... (1 bytes))
1778190002: Sending PUBLISH to healthcheck (d0, q0, r1, m0, '$SYS/broker/connections/socket/count', ... (2 bytes))
1778190002: Sending PUBLISH to healthcheck (d0, q0, r1, m0, '$SYS/broker/load/messages/received/1min', ... (4 bytes))
1778190002: Sending PUBLISH to healthcheck (d0, q0, r1, m0, '$SYS/broker/load/messages/received/5min', ... (4 bytes))
1778190002: Sending PUBLISH to healthcheck (d0, q0, r1, m0, '$SYS/broker/load/messages/received/15min', ... (4 bytes))
1778190002: Sending PUBLISH to healthcheck (d0, q0, r1, m0, '$SYS/broker/load/messages/sent/1min', ... (6 bytes))
1778190002: Sending PUBLISH to healthcheck (d0, q0, r1, m0, '$SYS/broker/load/messages/sent/5min', ... (6 bytes))
1778190002: Sending PUBLISH to healthcheck (d0, q0, r1, m0, '$SYS/broker/load/messages/sent/15min', ... (5 bytes))
1778190002: Sending PUBLISH to healthcheck (d0, q0, r1, m0, '$SYS/broker/load/publish/dropped/1min', ... (4 bytes))
1778190002: Sending PUBLISH to healthcheck (d0, q0, r1, m0, '$SYS/broker/load/publish/dropped/5min', ... (4 bytes))
1778190002: Sending PUBLISH to healthcheck (d0, q0, r1, m0, '$SYS/broker/load/publish/dropped/15min', ... (4 bytes))
1778190002: Sending PUBLISH to healthcheck (d0, q0, r1, m0, '$SYS/broker/load/publish/received/1min', ... (4 bytes))
1778190002: Sending PUBLISH to healthcheck (d0, q0, r1, m0, '$SYS/broker/load/publish/received/5min', ... (4 bytes))
1778190002: Sending PUBLISH to healthcheck (d0, q0, r1, m0, '$SYS/broker/load/publish/received/15min', ... (4 bytes))
1778190002: Sending PUBLISH to healthcheck (d0, q0, r1, m0, '$SYS/broker/load/publish/sent/1min', ... (6 bytes))
1778190002: Sending PUBLISH to healthcheck (d0, q0, r1, m0, '$SYS/broker/load/publish/sent/5min', ... (6 bytes))
1778190002: Sending PUBLISH to healthcheck (d0, q0, r1, m0, '$SYS/broker/load/publish/sent/15min', ... (5 bytes))
1778190002: Sending PUBLISH to healthcheck (d0, q0, r1, m0, '$SYS/broker/load/bytes/received/1min', ... (6 bytes))
1778190002: Sending PUBLISH to healthcheck (d0, q0, r1, m0, '$SYS/broker/load/bytes/received/5min', ... (6 bytes))
1778190002: Sending PUBLISH to healthcheck (d0, q0, r1, m0, '$SYS/broker/load/bytes/received/15min', ... (6 bytes))
1778190002: Sending PUBLISH to healthcheck (d0, q0, r1, m0, '$SYS/broker/load/bytes/sent/1min', ... (7 bytes))
1778190002: Sending PUBLISH to healthcheck (d0, q0, r1, m0, '$SYS/broker/load/bytes/sent/5min', ... (7 bytes))
1778190002: Sending PUBLISH to healthcheck (d0, q0, r1, m0, '$SYS/broker/load/bytes/sent/15min', ... (7 bytes))
1778190002: Sending PUBLISH to healthcheck (d0, q0, r1, m0, '$SYS/broker/load/sockets/1min', ... (4 bytes))
1778190002: Sending PUBLISH to healthcheck (d0, q0, r1, m0, '$SYS/broker/load/sockets/5min', ... (4 bytes))
1778190002: Sending PUBLISH to healthcheck (d0, q0, r1, m0, '$SYS/broker/load/sockets/15min', ... (4 bytes))
1778190002: Sending PUBLISH to healthcheck (d0, q0, r1, m0, '$SYS/broker/load/connections/1min', ... (4 bytes))
1778190002: Sending PUBLISH to healthcheck (d0, q0, r1, m0, '$SYS/broker/load/connections/5min', ... (4 bytes))
1778190002: Sending PUBLISH to healthcheck (d0, q0, r1, m0, '$SYS/broker/load/connections/15min', ... (4 bytes))
1778190002: Client healthcheck [127.0.0.1:55208] disconnected: connection closed by client.
1778190005: Received PINGREQ from mqtt-explorer-5c916486
1778190005: Sending PINGRESP to mqtt-explorer-5c916486
1778190010: Sending PUBLISH to mqtt-explorer-5c916486 (d0, q0, r0, m0, '$SYS/broker/uptime', ... (11 bytes))
1778190010: Sending PUBLISH to mqtt-explorer-5c916486 (d0, q0, r0, m0, '$SYS/broker/load/messages/received/1min', ... (4 bytes))
1778190010: Sending PUBLISH to mqtt-explorer-5c916486 (d0, q0, r0, m0, '$SYS/broker/load/messages/received/5min', ... (4 bytes))
1778190010: Sending PUBLISH to mqtt-explorer-5c916486 (d0, q0, r0, m0, '$SYS/broker/load/messages/received/15min', ... (4 bytes))
1778190010: Sending PUBLISH to mqtt-explorer-5c916486 (d0, q0, r0, m0, '$SYS/broker/load/messages/sent/1min', ... (6 bytes))
1778190010: Sending PUBLISH to mqtt-explorer-5c916486 (d0, q0, r0, m0, '$SYS/broker/load/messages/sent/5min', ... (6 bytes))
1778190010: Sending PUBLISH to mqtt-explorer-5c916486 (d0, q0, r0, m0, '$SYS/broker/load/messages/sent/15min', ... (5 bytes))
1778190010: Sending PUBLISH to mqtt-explorer-5c916486 (d0, q0, r0, m0, '$SYS/broker/load/publish/received/1min', ... (4 bytes))
1778190010: Sending PUBLISH to mqtt-explorer-5c916486 (d0, q0, r0, m0, '$SYS/broker/load/publish/received/5min', ... (4 bytes))
1778190010: Sending PUBLISH to mqtt-explorer-5c916486 (d0, q0, r0, m0, '$SYS/broker/load/publish/sent/1min', ... (6 bytes))
1778190010: Sending PUBLISH to mqtt-explorer-5c916486 (d0, q0, r0, m0, '$SYS/broker/load/publish/sent/5min', ... (6 bytes))
1778190010: Sending PUBLISH to mqtt-explorer-5c916486 (d0, q0, r0, m0, '$SYS/broker/load/publish/sent/15min', ... (5 bytes))
1778190010: Sending PUBLISH to mqtt-explorer-5c916486 (d0, q0, r0, m0, '$SYS/broker/load/bytes/received/1min', ... (6 bytes))
1778190010: Sending PUBLISH to mqtt-explorer-5c916486 (d0, q0, r0, m0, '$SYS/broker/load/bytes/received/5min', ... (6 bytes))
1778190010: Sending PUBLISH to mqtt-explorer-5c916486 (d0, q0, r0, m0, '$SYS/broker/load/bytes/received/15min', ... (6 bytes))
1778190010: Sending PUBLISH to mqtt-explorer-5c916486 (d0, q0, r0, m0, '$SYS/broker/load/bytes/sent/1min', ... (8 bytes))
1778190010: Sending PUBLISH to mqtt-explorer-5c916486 (d0, q0, r0, m0, '$SYS/broker/load/bytes/sent/5min', ... (7 bytes))
1778190010: Sending PUBLISH to mqtt-explorer-5c916486 (d0, q0, r0, m0, '$SYS/broker/load/bytes/sent/15min', ... (7 bytes))
1778190010: Sending PUBLISH to mqtt-explorer-5c916486 (d0, q0, r0, m0, '$SYS/broker/load/sockets/1min', ... (4 bytes))
1778190010: Sending PUBLISH to mqtt-explorer-5c916486 (d0, q0, r0, m0, '$SYS/broker/load/sockets/5min', ... (4 bytes))
1778190010: Sending PUBLISH to mqtt-explorer-5c916486 (d0, q0, r0, m0, '$SYS/broker/load/sockets/15min', ... (4 bytes))
1778190010: Sending PUBLISH to mqtt-explorer-5c916486 (d0, q0, r0, m0, '$SYS/broker/load/connections/1min', ... (4 bytes))
1778190010: Sending PUBLISH to mqtt-explorer-5c916486 (d0, q0, r0, m0, '$SYS/broker/load/connections/5min', ... (4 bytes))
1778190010: Sending PUBLISH to mqtt-explorer-5c916486 (d0, q0, r0, m0, '$SYS/broker/load/connections/15min', ... (4 bytes))
1778190010: Sending PUBLISH to mqtt-explorer-5c916486 (d0, q0, r0, m0, '$SYS/broker/messages/received', ... (2 bytes))
1778190010: Sending PUBLISH to mqtt-explorer-5c916486 (d0, q0, r0, m0, '$SYS/broker/messages/sent', ... (4 bytes))
1778190010: Sending PUBLISH to mqtt-explorer-5c916486 (d0, q0, r0, m0, '$SYS/broker/bytes/received', ... (4 bytes))
1778190010: Sending PUBLISH to mqtt-explorer-5c916486 (d0, q0, r0, m0, '$SYS/broker/bytes/sent', ... (6 bytes))
1778190010: Sending PUBLISH to mqtt-explorer-5c916486 (d0, q0, r0, m0, '$SYS/broker/publish/bytes/sent', ... (5 bytes))
1778190010: Sending PUBLISH to mqtt-explorer-5c916486 (d0, q0, r0, m0, '$SYS/broker/connections/socket/count', ... (2 bytes))
1778190010: Sending PUBLISH to mqtt-explorer-5c916486 (d0, q0, r0, m0, '$SYS/broker/publish/messages/sent', ... (4 bytes))
1778190020: Sending PUBLISH to mqtt-explorer-5c916486 (d0, q0, r0, m0, '$SYS/broker/uptime', ... (11 bytes))
1778190020: Sending PUBLISH to mqtt-explorer-5c916486 (d0, q0, r0, m0, '$SYS/broker/load/messages/received/1min', ... (4 bytes))
1778190020: Sending PUBLISH to mqtt-explorer-5c916486 (d0, q0, r0, m0, '$SYS/broker/load/messages/received/5min', ... (4 bytes))
1778190020: Sending PUBLISH to mqtt-explorer-5c916486 (d0, q0, r0, m0, '$SYS/broker/load/messages/received/15min', ... (4 bytes))
1778190020: Sending PUBLISH to mqtt-explorer-5c916486 (d0, q0, r0, m0, '$SYS/broker/load/messages/sent/1min', ... (6 bytes))
1778190020: Sending PUBLISH to mqtt-explorer-5c916486 (d0, q0, r0, m0, '$SYS/broker/load/messages/sent/5min', ... (6 bytes))
1778190020: Sending PUBLISH to mqtt-explorer-5c916486 (d0, q0, r0, m0, '$SYS/broker/load/messages/sent/15min', ... (5 bytes))
1778190020: Sending PUBLISH to mqtt-explorer-5c916486 (d0, q0, r0, m0, '$SYS/broker/load/publish/received/1min', ... (4 bytes))
1778190020: Sending PUBLISH to mqtt-explorer-5c916486 (d0, q0, r0, m0, '$SYS/broker/load/publish/received/5min', ... (4 bytes))
1778190020: Sending PUBLISH to mqtt-explorer-5c916486 (d0, q0, r0, m0, '$SYS/broker/load/publish/sent/1min', ... (6 bytes))
1778190020: Sending PUBLISH to mqtt-explorer-5c916486 (d0, q0, r0, m0, '$SYS/broker/load/publish/sent/5min', ... (6 bytes))
1778190020: Sending PUBLISH to mqtt-explorer-5c916486 (d0, q0, r0, m0, '$SYS/broker/load/publish/sent/15min', ... (5 bytes))
1778190020: Sending PUBLISH to mqtt-explorer-5c916486 (d0, q0, r0, m0, '$SYS/broker/load/bytes/received/1min', ... (6 bytes))
1778190020: Sending PUBLISH to mqtt-explorer-5c916486 (d0, q0, r0, m0, '$SYS/broker/load/bytes/received/5min', ... (6 bytes))
1778190020: Sending PUBLISH to mqtt-explorer-5c916486 (d0, q0, r0, m0, '$SYS/broker/load/bytes/received/15min', ... (6 bytes))
1778190020: Sending PUBLISH to mqtt-explorer-5c916486 (d0, q0, r0, m0, '$SYS/broker/load/bytes/sent/1min', ... (7 bytes))
1778190020: Sending PUBLISH to mqtt-explorer-5c916486 (d0, q0, r0, m0, '$SYS/broker/load/bytes/sent/5min', ... (7 bytes))
1778190020: Sending PUBLISH to mqtt-explorer-5c916486 (d0, q0, r0, m0, '$SYS/broker/load/bytes/sent/15min', ... (7 bytes))
1778190020: Sending PUBLISH to mqtt-explorer-5c916486 (d0, q0, r0, m0, '$SYS/broker/load/sockets/1min', ... (4 bytes))
1778190020: Sending PUBLISH to mqtt-explorer-5c916486 (d0, q0, r0, m0, '$SYS/broker/load/sockets/5min', ... (4 bytes))
1778190020: Sending PUBLISH to mqtt-explorer-5c916486 (d0, q0, r0, m0, '$SYS/broker/load/sockets/15min', ... (4 bytes))
1778190020: Sending PUBLISH to mqtt-explorer-5c916486 (d0, q0, r0, m0, '$SYS/broker/load/connections/1min', ... (4 bytes))
1778190020: Sending PUBLISH to mqtt-explorer-5c916486 (d0, q0, r0, m0, '$SYS/broker/load/connections/5min', ... (4 bytes))
1778190020: Sending PUBLISH to mqtt-explorer-5c916486 (d0, q0, r0, m0, '$SYS/broker/load/connections/15min', ... (4 bytes))
1778190020: Sending PUBLISH to mqtt-explorer-5c916486 (d0, q0, r0, m0, '$SYS/broker/store/messages/bytes', ... (3 bytes))
1778190020: Sending PUBLISH to mqtt-explorer-5c916486 (d0, q0, r0, m0, '$SYS/broker/heap/current', ... (6 bytes))
1778190020: Sending PUBLISH to mqtt-explorer-5c916486 (d0, q0, r0, m0, '$SYS/broker/messages/sent', ... (4 bytes))
1778190020: Sending PUBLISH to mqtt-explorer-5c916486 (d0, q0, r0, m0, '$SYS/broker/bytes/sent', ... (6 bytes))
1778190020: Sending PUBLISH to mqtt-explorer-5c916486 (d0, q0, r0, m0, '$SYS/broker/publish/bytes/sent', ... (5 bytes))
1778190020: Sending PUBLISH to mqtt-explorer-5c916486 (d0, q0, r0, m0, '$SYS/broker/publish/messages/sent', ... (4 bytes))
1778190030: Sending PUBLISH to mqtt-explorer-5c916486 (d0, q0, r0, m0, '$SYS/broker/uptime', ... (11 bytes))
1778190030: Sending PUBLISH to mqtt-explorer-5c916486 (d0, q0, r0, m0, '$SYS/broker/load/messages/received/1min', ... (4 bytes))
1778190030: Sending PUBLISH to mqtt-explorer-5c916486 (d0, q0, r0, m0, '$SYS/broker/load/messages/received/5min', ... (4 bytes))
1778190030: Sending PUBLISH to mqtt-explorer-5c916486 (d0, q0, r0, m0, '$SYS/broker/load/messages/received/15min', ... (4 bytes))
1778190030: Sending PUBLISH to mqtt-explorer-5c916486 (d0, q0, r0, m0, '$SYS/broker/load/messages/sent/1min', ... (6 bytes))
1778190030: Sending PUBLISH to mqtt-explorer-5c916486 (d0, q0, r0, m0, '$SYS/broker/load/messages/sent/5min', ... (6 bytes))
1778190030: Sending PUBLISH to mqtt-explorer-5c916486 (d0, q0, r0, m0, '$SYS/broker/load/messages/sent/15min', ... (5 bytes))
1778190030: Sending PUBLISH to mqtt-explorer-5c916486 (d0, q0, r0, m0, '$SYS/broker/load/publish/received/1min', ... (4 bytes))
1778190030: Sending PUBLISH to mqtt-explorer-5c916486 (d0, q0, r0, m0, '$SYS/broker/load/publish/received/5min', ... (4 bytes))
1778190030: Sending PUBLISH to mqtt-explorer-5c916486 (d0, q0, r0, m0, '$SYS/broker/load/publish/sent/1min', ... (6 bytes))
1778190030: Sending PUBLISH to mqtt-explorer-5c916486 (d0, q0, r0, m0, '$SYS/broker/load/publish/sent/5min', ... (6 bytes))
1778190030: Sending PUBLISH to mqtt-explorer-5c916486 (d0, q0, r0, m0, '$SYS/broker/load/publish/sent/15min', ... (5 bytes))
1778190030: Sending PUBLISH to mqtt-explorer-5c916486 (d0, q0, r0, m0, '$SYS/broker/load/bytes/received/1min', ... (6 bytes))
1778190030: Sending PUBLISH to mqtt-explorer-5c916486 (d0, q0, r0, m0, '$SYS/broker/load/bytes/received/5min', ... (6 bytes))
1778190030: Sending PUBLISH to mqtt-explorer-5c916486 (d0, q0, r0, m0, '$SYS/broker/load/bytes/received/15min', ... (6 bytes))
1778190030: Sending PUBLISH to mqtt-explorer-5c916486 (d0, q0, r0, m0, '$SYS/broker/load/bytes/sent/1min', ... (7 bytes))
1778190030: Sending PUBLISH to mqtt-explorer-5c916486 (d0, q0, r0, m0, '$SYS/broker/load/bytes/sent/5min', ... (7 bytes))
1778190030: Sending PUBLISH to mqtt-explorer-5c916486 (d0, q0, r0, m0, '$SYS/broker/load/bytes/sent/15min', ... (7 bytes))
1778190030: Sending PUBLISH to mqtt-explorer-5c916486 (d0, q0, r0, m0, '$SYS/broker/load/sockets/1min', ... (4 bytes))
1778190030: Sending PUBLISH to mqtt-explorer-5c916486 (d0, q0, r0, m0, '$SYS/broker/load/sockets/5min', ... (4 bytes))
1778190030: Sending PUBLISH to mqtt-explorer-5c916486 (d0, q0, r0, m0, '$SYS/broker/load/sockets/15min', ... (4 bytes))
1778190030: Sending PUBLISH to mqtt-explorer-5c916486 (d0, q0, r0, m0, '$SYS/broker/load/connections/1min', ... (4 bytes))
1778190030: Sending PUBLISH to mqtt-explorer-5c916486 (d0, q0, r0, m0, '$SYS/broker/load/connections/5min', ... (4 bytes))
1778190030: Sending PUBLISH to mqtt-explorer-5c916486 (d0, q0, r0, m0, '$SYS/broker/load/connections/15min', ... (4 bytes))
1778190030: Sending PUBLISH to mqtt-explorer-5c916486 (d0, q0, r0, m0, '$SYS/broker/store/messages/bytes', ... (3 bytes))
1778190030: Sending PUBLISH to mqtt-explorer-5c916486 (d0, q0, r0, m0, '$SYS/broker/heap/current', ... (6 bytes))
1778190030: Sending PUBLISH to mqtt-explorer-5c916486 (d0, q0, r0, m0, '$SYS/broker/messages/sent', ... (4 bytes))
1778190030: Sending PUBLISH to mqtt-explorer-5c916486 (d0, q0, r0, m0, '$SYS/broker/bytes/sent', ... (6 bytes))
1778190030: Sending PUBLISH to mqtt-explorer-5c916486 (d0, q0, r0, m0, '$SYS/broker/publish/bytes/sent', ... (5 bytes))
1778190030: Sending PUBLISH to mqtt-explorer-5c916486 (d0, q0, r0, m0, '$SYS/broker/publish/messages/sent', ... (4 bytes))
1778190032: New connection from 127.0.0.1:41886 on port 1883.
1778190032: New client connected from 127.0.0.1:41886 as healthcheck (p4, c1, k60).
1778190032: No will message specified.
1778190032: Sending CONNACK to healthcheck (0, 0)
1778190032: Received SUBSCRIBE from healthcheck
1778190032: 	$SYS/# (QoS 0)
1778190032: healthcheck 0 $SYS/#
1778190032: Sending SUBACK to healthcheck
1778190032: Sending PUBLISH to healthcheck (d0, q0, r1, m0, '$SYS/broker/version', ... (23 bytes))
1778190032: Sending PUBLISH to healthcheck (d0, q0, r1, m0, '$SYS/broker/uptime', ... (11 bytes))
1778190032: Sending PUBLISH to healthcheck (d0, q0, r1, m0, '$SYS/broker/clients/total', ... (1 bytes))
1778190032: Sending PUBLISH to healthcheck (d0, q0, r1, m0, '$SYS/broker/clients/disconnected', ... (1 bytes))
1778190032: Sending PUBLISH to healthcheck (d0, q0, r1, m0, '$SYS/broker/clients/inactive', ... (1 bytes))
1778190032: Sending PUBLISH to healthcheck (d0, q0, r1, m0, '$SYS/broker/clients/connected', ... (1 bytes))
1778190032: Sending PUBLISH to healthcheck (d0, q0, r1, m0, '$SYS/broker/clients/active', ... (1 bytes))
1778190032: Sending PUBLISH to healthcheck (d0, q0, r1, m0, '$SYS/broker/clients/expired', ... (1 bytes))
1778190032: Sending PUBLISH to healthcheck (d0, q0, r1, m0, '$SYS/broker/clients/maximum', ... (1 bytes))
1778190032: Sending PUBLISH to healthcheck (d0, q0, r1, m0, '$SYS/broker/messages/stored', ... (2 bytes))
1778190032: Sending PUBLISH to healthcheck (d0, q0, r1, m0, '$SYS/broker/messages/received', ... (2 bytes))
1778190032: Sending PUBLISH to healthcheck (d0, q0, r1, m0, '$SYS/broker/messages/sent', ... (4 bytes))
1778190032: Sending PUBLISH to healthcheck (d0, q0, r1, m0, '$SYS/broker/store/messages/count', ... (2 bytes))
1778190032: Sending PUBLISH to healthcheck (d0, q0, r1, m0, '$SYS/broker/store/messages/bytes', ... (3 bytes))
1778190032: Sending PUBLISH to healthcheck (d0, q0, r1, m0, '$SYS/broker/subscriptions/count', ... (1 bytes))
1778190032: Sending PUBLISH to healthcheck (d0, q0, r1, m0, '$SYS/broker/shared_subscriptions/count', ... (1 bytes))
1778190032: Sending PUBLISH to healthcheck (d0, q0, r1, m0, '$SYS/broker/retained messages/count', ... (2 bytes))
1778190032: Sending PUBLISH to healthcheck (d0, q0, r1, m0, '$SYS/broker/heap/current', ... (6 bytes))
1778190032: Sending PUBLISH to healthcheck (d0, q0, r1, m0, '$SYS/broker/heap/maximum', ... (6 bytes))
1778190032: Sending PUBLISH to healthcheck (d0, q0, r1, m0, '$SYS/broker/bytes/received', ... (4 bytes))
1778190032: Sending PUBLISH to healthcheck (d0, q0, r1, m0, '$SYS/broker/bytes/sent', ... (6 bytes))
1778190032: Sending PUBLISH to healthcheck (d0, q0, r1, m0, '$SYS/broker/publish/bytes/received', ... (3 bytes))
1778190032: Sending PUBLISH to healthcheck (d0, q0, r1, m0, '$SYS/broker/publish/bytes/sent', ... (5 bytes))
1778190032: Sending PUBLISH to healthcheck (d0, q0, r1, m0, '$SYS/broker/publish/messages/dropped', ... (1 bytes))
1778190032: Sending PUBLISH to healthcheck (d0, q0, r1, m0, '$SYS/broker/publish/messages/received', ... (2 bytes))
1778190032: Sending PUBLISH to healthcheck (d0, q0, r1, m0, '$SYS/broker/publish/messages/sent', ... (4 bytes))
1778190032: Sending PUBLISH to healthcheck (d0, q0, r1, m0, '$SYS/broker/packet/out/count', ... (1 bytes))
1778190032: Sending PUBLISH to healthcheck (d0, q0, r1, m0, '$SYS/broker/packet/out/bytes', ... (1 bytes))
1778190032: Sending PUBLISH to healthcheck (d0, q0, r1, m0, '$SYS/broker/connections/socket/count', ... (2 bytes))
1778190032: Sending PUBLISH to healthcheck (d0, q0, r1, m0, '$SYS/broker/load/messages/received/1min', ... (4 bytes))
1778190032: Sending PUBLISH to healthcheck (d0, q0, r1, m0, '$SYS/broker/load/messages/received/5min', ... (4 bytes))
1778190032: Sending PUBLISH to healthcheck (d0, q0, r1, m0, '$SYS/broker/load/messages/received/15min', ... (4 bytes))
1778190032: Sending PUBLISH to healthcheck (d0, q0, r1, m0, '$SYS/broker/load/messages/sent/1min', ... (6 bytes))
1778190032: Sending PUBLISH to healthcheck (d0, q0, r1, m0, '$SYS/broker/load/messages/sent/5min', ... (6 bytes))
1778190032: Sending PUBLISH to healthcheck (d0, q0, r1, m0, '$SYS/broker/load/messages/sent/15min', ... (5 bytes))
1778190032: Sending PUBLISH to healthcheck (d0, q0, r1, m0, '$SYS/broker/load/publish/dropped/1min', ... (4 bytes))
1778190032: Sending PUBLISH to healthcheck (d0, q0, r1, m0, '$SYS/broker/load/publish/dropped/5min', ... (4 bytes))
1778190032: Sending PUBLISH to healthcheck (d0, q0, r1, m0, '$SYS/broker/load/publish/dropped/15min', ... (4 bytes))
1778190032: Sending PUBLISH to healthcheck (d0, q0, r1, m0, '$SYS/broker/load/publish/received/1min', ... (4 bytes))
1778190032: Sending PUBLISH to healthcheck (d0, q0, r1, m0, '$SYS/broker/load/publish/received/5min', ... (4 bytes))
1778190032: Sending PUBLISH to healthcheck (d0, q0, r1, m0, '$SYS/broker/load/publish/received/15min', ... (4 bytes))
1778190032: Sending PUBLISH to healthcheck (d0, q0, r1, m0, '$SYS/broker/load/publish/sent/1min', ... (6 bytes))
1778190032: Sending PUBLISH to healthcheck (d0, q0, r1, m0, '$SYS/broker/load/publish/sent/5min', ... (6 bytes))
1778190032: Sending PUBLISH to healthcheck (d0, q0, r1, m0, '$SYS/broker/load/publish/sent/15min', ... (5 bytes))
1778190032: Sending PUBLISH to healthcheck (d0, q0, r1, m0, '$SYS/broker/load/bytes/received/1min', ... (6 bytes))
1778190032: Sending PUBLISH to healthcheck (d0, q0, r1, m0, '$SYS/broker/load/bytes/received/5min', ... (6 bytes))
1778190032: Sending PUBLISH to healthcheck (d0, q0, r1, m0, '$SYS/broker/load/bytes/received/15min', ... (6 bytes))
1778190032: Sending PUBLISH to healthcheck (d0, q0, r1, m0, '$SYS/broker/load/bytes/sent/1min', ... (7 bytes))
1778190032: Sending PUBLISH to healthcheck (d0, q0, r1, m0, '$SYS/broker/load/bytes/sent/5min', ... (7 bytes))
1778190032: Sending PUBLISH to healthcheck (d0, q0, r1, m0, '$SYS/broker/load/bytes/sent/15min', ... (7 bytes))
1778190032: Sending PUBLISH to healthcheck (d0, q0, r1, m0, '$SYS/broker/load/sockets/1min', ... (4 bytes))
1778190032: Sending PUBLISH to healthcheck (d0, q0, r1, m0, '$SYS/broker/load/sockets/5min', ... (4 bytes))
1778190032: Sending PUBLISH to healthcheck (d0, q0, r1, m0, '$SYS/broker/load/sockets/15min', ... (4 bytes))
1778190032: Sending PUBLISH to healthcheck (d0, q0, r1, m0, '$SYS/broker/load/connections/1min', ... (4 bytes))
1778190032: Sending PUBLISH to healthcheck (d0, q0, r1, m0, '$SYS/broker/load/connections/5min', ... (4 bytes))
1778190032: Sending PUBLISH to healthcheck (d0, q0, r1, m0, '$SYS/broker/load/connections/15min', ... (4 bytes))
1778190032: Client healthcheck [127.0.0.1:41886] disconnected: connection closed by client.
1778190040: Sending PUBLISH to mqtt-explorer-5c916486 (d0, q0, r0, m0, '$SYS/broker/uptime', ... (11 bytes))
1778190040: Sending PUBLISH to mqtt-explorer-5c916486 (d0, q0, r0, m0, '$SYS/broker/load/messages/received/1min', ... (4 bytes))
1778190040: Sending PUBLISH to mqtt-explorer-5c916486 (d0, q0, r0, m0, '$SYS/broker/load/messages/received/5min', ... (4 bytes))
1778190040: Sending PUBLISH to mqtt-explorer-5c916486 (d0, q0, r0, m0, '$SYS/broker/load/messages/received/15min', ... (4 bytes))
1778190040: Sending PUBLISH to mqtt-explorer-5c916486 (d0, q0, r0, m0, '$SYS/broker/load/messages/sent/1min', ... (6 bytes))
1778190040: Sending PUBLISH to mqtt-explorer-5c916486 (d0, q0, r0, m0, '$SYS/broker/load/messages/sent/5min', ... (6 bytes))
1778190040: Sending PUBLISH to mqtt-explorer-5c916486 (d0, q0, r0, m0, '$SYS/broker/load/messages/sent/15min', ... (5 bytes))
1778190040: Sending PUBLISH to mqtt-explorer-5c916486 (d0, q0, r0, m0, '$SYS/broker/load/publish/received/1min', ... (4 bytes))
1778190040: Sending PUBLISH to mqtt-explorer-5c916486 (d0, q0, r0, m0, '$SYS/broker/load/publish/received/5min', ... (4 bytes))
1778190040: Sending PUBLISH to mqtt-explorer-5c916486 (d0, q0, r0, m0, '$SYS/broker/load/publish/sent/1min', ... (6 bytes))
1778190040: Sending PUBLISH to mqtt-explorer-5c916486 (d0, q0, r0, m0, '$SYS/broker/load/publish/sent/5min', ... (6 bytes))
1778190040: Sending PUBLISH to mqtt-explorer-5c916486 (d0, q0, r0, m0, '$SYS/broker/load/publish/sent/15min', ... (5 bytes))
1778190040: Sending PUBLISH to mqtt-explorer-5c916486 (d0, q0, r0, m0, '$SYS/broker/load/bytes/received/1min', ... (6 bytes))
1778190040: Sending PUBLISH to mqtt-explorer-5c916486 (d0, q0, r0, m0, '$SYS/broker/load/bytes/received/5min', ... (6 bytes))
1778190040: Sending PUBLISH to mqtt-explorer-5c916486 (d0, q0, r0, m0, '$SYS/broker/load/bytes/received/15min', ... (6 bytes))
1778190040: Sending PUBLISH to mqtt-explorer-5c916486 (d0, q0, r0, m0, '$SYS/broker/load/bytes/sent/1min', ... (8 bytes))
1778190040: Sending PUBLISH to mqtt-explorer-5c916486 (d0, q0, r0, m0, '$SYS/broker/load/bytes/sent/5min', ... (7 bytes))
1778190040: Sending PUBLISH to mqtt-explorer-5c916486 (d0, q0, r0, m0, '$SYS/broker/load/bytes/sent/15min', ... (7 bytes))
1778190040: Sending PUBLISH to mqtt-explorer-5c916486 (d0, q0, r0, m0, '$SYS/broker/load/sockets/1min', ... (4 bytes))
1778190040: Sending PUBLISH to mqtt-explorer-5c916486 (d0, q0, r0, m0, '$SYS/broker/load/sockets/5min', ... (4 bytes))
1778190040: Sending PUBLISH to mqtt-explorer-5c916486 (d0, q0, r0, m0, '$SYS/broker/load/sockets/15min', ... (4 bytes))
1778190040: Sending PUBLISH to mqtt-explorer-5c916486 (d0, q0, r0, m0, '$SYS/broker/load/connections/1min', ... (4 bytes))
1778190040: Sending PUBLISH to mqtt-explorer-5c916486 (d0, q0, r0, m0, '$SYS/broker/load/connections/5min', ... (4 bytes))
1778190040: Sending PUBLISH to mqtt-explorer-5c916486 (d0, q0, r0, m0, '$SYS/broker/load/connections/15min', ... (4 bytes))
1778190040: Sending PUBLISH to mqtt-explorer-5c916486 (d0, q0, r0, m0, '$SYS/broker/messages/received', ... (2 bytes))
1778190040: Sending PUBLISH to mqtt-explorer-5c916486 (d0, q0, r0, m0, '$SYS/broker/messages/sent', ... (4 bytes))
1778190040: Sending PUBLISH to mqtt-explorer-5c916486 (d0, q0, r0, m0, '$SYS/broker/bytes/received', ... (4 bytes))
1778190040: Sending PUBLISH to mqtt-explorer-5c916486 (d0, q0, r0, m0, '$SYS/broker/bytes/sent', ... (6 bytes))
1778190040: Sending PUBLISH to mqtt-explorer-5c916486 (d0, q0, r0, m0, '$SYS/broker/publish/bytes/sent', ... (5 bytes))
1778190040: Sending PUBLISH to mqtt-explorer-5c916486 (d0, q0, r0, m0, '$SYS/broker/connections/socket/count', ... (2 bytes))
1778190040: Sending PUBLISH to mqtt-explorer-5c916486 (d0, q0, r0, m0, '$SYS/broker/publish/messages/sent', ... (4 bytes))
1778190050: Sending PUBLISH to mqtt-explorer-5c916486 (d0, q0, r0, m0, '$SYS/broker/uptime', ... (11 bytes))
1778190050: Sending PUBLISH to mqtt-explorer-5c916486 (d0, q0, r0, m0, '$SYS/broker/load/messages/received/1min', ... (4 bytes))
1778190050: Sending PUBLISH to mqtt-explorer-5c916486 (d0, q0, r0, m0, '$SYS/broker/load/messages/received/5min', ... (4 bytes))
1778190050: Sending PUBLISH to mqtt-explorer-5c916486 (d0, q0, r0, m0, '$SYS/broker/load/messages/received/15min', ... (4 bytes))
1778190050: Sending PUBLISH to mqtt-explorer-5c916486 (d0, q0, r0, m0, '$SYS/broker/load/messages/sent/1min', ... (6 bytes))
1778190050: Sending PUBLISH to mqtt-explorer-5c916486 (d0, q0, r0, m0, '$SYS/broker/load/messages/sent/5min', ... (6 bytes))
1778190050: Sending PUBLISH to mqtt-explorer-5c916486 (d0, q0, r0, m0, '$SYS/broker/load/messages/sent/15min', ... (5 bytes))
1778190050: Sending PUBLISH to mqtt-explorer-5c916486 (d0, q0, r0, m0, '$SYS/broker/load/publish/received/1min', ... (4 bytes))
1778190050: Sending PUBLISH to mqtt-explorer-5c916486 (d0, q0, r0, m0, '$SYS/broker/load/publish/received/5min', ... (4 bytes))
1778190050: Sending PUBLISH to mqtt-explorer-5c916486 (d0, q0, r0, m0, '$SYS/broker/load/publish/sent/1min', ... (6 bytes))
1778190050: Sending PUBLISH to mqtt-explorer-5c916486 (d0, q0, r0, m0, '$SYS/broker/load/publish/sent/5min', ... (6 bytes))
1778190050: Sending PUBLISH to mqtt-explorer-5c916486 (d0, q0, r0, m0, '$SYS/broker/load/publish/sent/15min', ... (5 bytes))
1778190050: Sending PUBLISH to mqtt-explorer-5c916486 (d0, q0, r0, m0, '$SYS/broker/load/bytes/received/1min', ... (6 bytes))
1778190050: Sending PUBLISH to mqtt-explorer-5c916486 (d0, q0, r0, m0, '$SYS/broker/load/bytes/received/5min', ... (6 bytes))
1778190050: Sending PUBLISH to mqtt-explorer-5c916486 (d0, q0, r0, m0, '$SYS/broker/load/bytes/received/15min', ... (6 bytes))
1778190050: Sending PUBLISH to mqtt-explorer-5c916486 (d0, q0, r0, m0, '$SYS/broker/load/bytes/sent/1min', ... (7 bytes))
1778190050: Sending PUBLISH to mqtt-explorer-5c916486 (d0, q0, r0, m0, '$SYS/broker/load/bytes/sent/5min', ... (7 bytes))
1778190050: Sending PUBLISH to mqtt-explorer-5c916486 (d0, q0, r0, m0, '$SYS/broker/load/bytes/sent/15min', ... (7 bytes))
1778190050: Sending PUBLISH to mqtt-explorer-5c916486 (d0, q0, r0, m0, '$SYS/broker/load/sockets/1min', ... (4 bytes))
1778190050: Sending PUBLISH to mqtt-explorer-5c916486 (d0, q0, r0, m0, '$SYS/broker/load/sockets/5min', ... (4 bytes))
1778190050: Sending PUBLISH to mqtt-explorer-5c916486 (d0, q0, r0, m0, '$SYS/broker/load/sockets/15min', ... (4 bytes))
1778190050: Sending PUBLISH to mqtt-explorer-5c916486 (d0, q0, r0, m0, '$SYS/broker/load/connections/1min', ... (4 bytes))
1778190050: Sending PUBLISH to mqtt-explorer-5c916486 (d0, q0, r0, m0, '$SYS/broker/load/connections/5min', ... (4 bytes))
1778190050: Sending PUBLISH to mqtt-explorer-5c916486 (d0, q0, r0, m0, '$SYS/broker/load/connections/15min', ... (4 bytes))
1778190050: Sending PUBLISH to mqtt-explorer-5c916486 (d0, q0, r0, m0, '$SYS/broker/store/messages/bytes', ... (3 bytes))
1778190050: Sending PUBLISH to mqtt-explorer-5c916486 (d0, q0, r0, m0, '$SYS/broker/heap/current', ... (6 bytes))
1778190050: Sending PUBLISH to mqtt-explorer-5c916486 (d0, q0, r0, m0, '$SYS/broker/messages/sent', ... (4 bytes))
1778190050: Sending PUBLISH to mqtt-explorer-5c916486 (d0, q0, r0, m0, '$SYS/broker/bytes/sent', ... (6 bytes))
1778190050: Sending PUBLISH to mqtt-explorer-5c916486 (d0, q0, r0, m0, '$SYS/broker/publish/bytes/sent', ... (5 bytes))
1778190050: Sending PUBLISH to mqtt-explorer-5c916486 (d0, q0, r0, m0, '$SYS/broker/publish/messages/sent', ... (4 bytes))
1778190050: Received PINGREQ from ISIC-ESP8266-001
1778190050: Sending PINGRESP to ISIC-ESP8266-001
1778190060: Sending PUBLISH to mqtt-explorer-5c916486 (d0, q0, r0, m0, '$SYS/broker/uptime', ... (11 bytes))
1778190060: Sending PUBLISH to mqtt-explorer-5c916486 (d0, q0, r0, m0, '$SYS/broker/load/messages/received/1min', ... (4 bytes))
1778190060: Sending PUBLISH to mqtt-explorer-5c916486 (d0, q0, r0, m0, '$SYS/broker/load/messages/received/5min', ... (4 bytes))
1778190060: Sending PUBLISH to mqtt-explorer-5c916486 (d0, q0, r0, m0, '$SYS/broker/load/messages/received/15min', ... (4 bytes))
1778190060: Sending PUBLISH to mqtt-explorer-5c916486 (d0, q0, r0, m0, '$SYS/broker/load/messages/sent/1min', ... (6 bytes))
1778190060: Sending PUBLISH to mqtt-explorer-5c916486 (d0, q0, r0, m0, '$SYS/broker/load/messages/sent/5min', ... (6 bytes))
1778190060: Sending PUBLISH to mqtt-explorer-5c916486 (d0, q0, r0, m0, '$SYS/broker/load/messages/sent/15min', ... (5 bytes))
1778190060: Sending PUBLISH to mqtt-explorer-5c916486 (d0, q0, r0, m0, '$SYS/broker/load/publish/received/1min', ... (4 bytes))
1778190060: Sending PUBLISH to mqtt-explorer-5c916486 (d0, q0, r0, m0, '$SYS/broker/load/publish/received/5min', ... (4 bytes))
1778190060: Sending PUBLISH to mqtt-explorer-5c916486 (d0, q0, r0, m0, '$SYS/broker/load/publish/sent/1min', ... (6 bytes))
1778190060: Sending PUBLISH to mqtt-explorer-5c916486 (d0, q0, r0, m0, '$SYS/broker/load/publish/sent/5min', ... (6 bytes))
1778190060: Sending PUBLISH to mqtt-explorer-5c916486 (d0, q0, r0, m0, '$SYS/broker/load/publish/sent/15min', ... (5 bytes))
1778190060: Sending PUBLISH to mqtt-explorer-5c916486 (d0, q0, r0, m0, '$SYS/broker/load/bytes/received/1min', ... (6 bytes))
1778190060: Sending PUBLISH to mqtt-explorer-5c916486 (d0, q0, r0, m0, '$SYS/broker/load/bytes/received/5min', ... (6 bytes))
1778190060: Sending PUBLISH to mqtt-explorer-5c916486 (d0, q0, r0, m0, '$SYS/broker/load/bytes/received/15min', ... (6 bytes))
1778190060: Sending PUBLISH to mqtt-explorer-5c916486 (d0, q0, r0, m0, '$SYS/broker/load/bytes/sent/1min', ... (7 bytes))
1778190060: Sending PUBLISH to mqtt-explorer-5c916486 (d0, q0, r0, m0, '$SYS/broker/load/bytes/sent/5min', ... (7 bytes))
1778190060: Sending PUBLISH to mqtt-explorer-5c916486 (d0, q0, r0, m0, '$SYS/broker/load/bytes/sent/15min', ... (7 bytes))
1778190060: Sending PUBLISH to mqtt-explorer-5c916486 (d0, q0, r0, m0, '$SYS/broker/load/sockets/1min', ... (4 bytes))
1778190060: Sending PUBLISH to mqtt-explorer-5c916486 (d0, q0, r0, m0, '$SYS/broker/load/sockets/5min', ... (4 bytes))
1778190060: Sending PUBLISH to mqtt-explorer-5c916486 (d0, q0, r0, m0, '$SYS/broker/load/sockets/15min', ... (4 bytes))
1778190060: Sending PUBLISH to mqtt-explorer-5c916486 (d0, q0, r0, m0, '$SYS/broker/load/connections/1min', ... (4 bytes))
1778190060: Sending PUBLISH to mqtt-explorer-5c916486 (d0, q0, r0, m0, '$SYS/broker/load/connections/5min', ... (4 bytes))
1778190060: Sending PUBLISH to mqtt-explorer-5c916486 (d0, q0, r0, m0, '$SYS/broker/load/connections/15min', ... (4 bytes))
1778190060: Sending PUBLISH to mqtt-explorer-5c916486 (d0, q0, r0, m0, '$SYS/broker/store/messages/bytes', ... (3 bytes))
1778190060: Sending PUBLISH to mqtt-explorer-5c916486 (d0, q0, r0, m0, '$SYS/broker/heap/current', ... (6 bytes))
1778190060: Sending PUBLISH to mqtt-explorer-5c916486 (d0, q0, r0, m0, '$SYS/broker/messages/received', ... (2 bytes))
1778190060: Sending PUBLISH to mqtt-explorer-5c916486 (d0, q0, r0, m0, '$SYS/broker/messages/sent', ... (4 bytes))
1778190060: Sending PUBLISH to mqtt-explorer-5c916486 (d0, q0, r0, m0, '$SYS/broker/bytes/received', ... (4 bytes))
1778190060: Sending PUBLISH to mqtt-explorer-5c916486 (d0, q0, r0, m0, '$SYS/broker/bytes/sent', ... (6 bytes))
1778190060: Sending PUBLISH to mqtt-explorer-5c916486 (d0, q0, r0, m0, '$SYS/broker/publish/bytes/sent', ... (5 bytes))
1778190060: Sending PUBLISH to mqtt-explorer-5c916486 (d0, q0, r0, m0, '$SYS/broker/publish/messages/sent', ... (4 bytes))
1778190062: New connection from 127.0.0.1:40636 on port 1883.
1778190062: New client connected from 127.0.0.1:40636 as healthcheck (p4, c1, k60).
1778190062: No will message specified.
1778190062: Sending CONNACK to healthcheck (0, 0)
1778190062: Received SUBSCRIBE from healthcheck
1778190062: 	$SYS/# (QoS 0)
1778190062: healthcheck 0 $SYS/#
1778190062: Sending SUBACK to healthcheck
1778190062: Sending PUBLISH to healthcheck (d0, q0, r1, m0, '$SYS/broker/version', ... (23 bytes))
1778190062: Sending PUBLISH to healthcheck (d0, q0, r1, m0, '$SYS/broker/uptime', ... (11 bytes))
1778190062: Sending PUBLISH to healthcheck (d0, q0, r1, m0, '$SYS/broker/clients/total', ... (1 bytes))
1778190062: Sending PUBLISH to healthcheck (d0, q0, r1, m0, '$SYS/broker/clients/disconnected', ... (1 bytes))
1778190062: Sending PUBLISH to healthcheck (d0, q0, r1, m0, '$SYS/broker/clients/inactive', ... (1 bytes))
1778190062: Sending PUBLISH to healthcheck (d0, q0, r1, m0, '$SYS/broker/clients/connected', ... (1 bytes))
1778190062: Sending PUBLISH to healthcheck (d0, q0, r1, m0, '$SYS/broker/clients/active', ... (1 bytes))
1778190062: Sending PUBLISH to healthcheck (d0, q0, r1, m0, '$SYS/broker/clients/expired', ... (1 bytes))
1778190062: Sending PUBLISH to healthcheck (d0, q0, r1, m0, '$SYS/broker/clients/maximum', ... (1 bytes))
1778190062: Sending PUBLISH to healthcheck (d0, q0, r1, m0, '$SYS/broker/messages/stored', ... (2 bytes))
1778190062: Sending PUBLISH to healthcheck (d0, q0, r1, m0, '$SYS/broker/messages/received', ... (2 bytes))
1778190062: Sending PUBLISH to healthcheck (d0, q0, r1, m0, '$SYS/broker/messages/sent', ... (4 bytes))
1778190062: Sending PUBLISH to healthcheck (d0, q0, r1, m0, '$SYS/broker/store/messages/count', ... (2 bytes))
1778190062: Sending PUBLISH to healthcheck (d0, q0, r1, m0, '$SYS/broker/store/messages/bytes', ... (3 bytes))
1778190062: Sending PUBLISH to healthcheck (d0, q0, r1, m0, '$SYS/broker/subscriptions/count', ... (1 bytes))
1778190062: Sending PUBLISH to healthcheck (d0, q0, r1, m0, '$SYS/broker/shared_subscriptions/count', ... (1 bytes))
1778190062: Sending PUBLISH to healthcheck (d0, q0, r1, m0, '$SYS/broker/retained messages/count', ... (2 bytes))
1778190062: Sending PUBLISH to healthcheck (d0, q0, r1, m0, '$SYS/broker/heap/current', ... (6 bytes))
1778190062: Sending PUBLISH to healthcheck (d0, q0, r1, m0, '$SYS/broker/heap/maximum', ... (6 bytes))
1778190062: Sending PUBLISH to healthcheck (d0, q0, r1, m0, '$SYS/broker/bytes/received', ... (4 bytes))
1778190062: Sending PUBLISH to healthcheck (d0, q0, r1, m0, '$SYS/broker/bytes/sent', ... (6 bytes))
1778190062: Sending PUBLISH to healthcheck (d0, q0, r1, m0, '$SYS/broker/publish/bytes/received', ... (3 bytes))
1778190062: Sending PUBLISH to healthcheck (d0, q0, r1, m0, '$SYS/broker/publish/bytes/sent', ... (5 bytes))
1778190062: Sending PUBLISH to healthcheck (d0, q0, r1, m0, '$SYS/broker/publish/messages/dropped', ... (1 bytes))
1778190062: Sending PUBLISH to healthcheck (d0, q0, r1, m0, '$SYS/broker/publish/messages/received', ... (2 bytes))
1778190062: Sending PUBLISH to healthcheck (d0, q0, r1, m0, '$SYS/broker/publish/messages/sent', ... (4 bytes))
1778190062: Sending PUBLISH to healthcheck (d0, q0, r1, m0, '$SYS/broker/packet/out/count', ... (1 bytes))
1778190062: Sending PUBLISH to healthcheck (d0, q0, r1, m0, '$SYS/broker/packet/out/bytes', ... (1 bytes))
1778190062: Sending PUBLISH to healthcheck (d0, q0, r1, m0, '$SYS/broker/connections/socket/count', ... (2 bytes))
1778190062: Sending PUBLISH to healthcheck (d0, q0, r1, m0, '$SYS/broker/load/messages/received/1min', ... (4 bytes))
1778190062: Sending PUBLISH to healthcheck (d0, q0, r1, m0, '$SYS/broker/load/messages/received/5min', ... (4 bytes))
1778190062: Sending PUBLISH to healthcheck (d0, q0, r1, m0, '$SYS/broker/load/messages/received/15min', ... (4 bytes))
1778190062: Sending PUBLISH to healthcheck (d0, q0, r1, m0, '$SYS/broker/load/messages/sent/1min', ... (6 bytes))
1778190062: Sending PUBLISH to healthcheck (d0, q0, r1, m0, '$SYS/broker/load/messages/sent/5min', ... (6 bytes))
1778190062: Sending PUBLISH to healthcheck (d0, q0, r1, m0, '$SYS/broker/load/messages/sent/15min', ... (5 bytes))
1778190062: Sending PUBLISH to healthcheck (d0, q0, r1, m0, '$SYS/broker/load/publish/dropped/1min', ... (4 bytes))
1778190062: Sending PUBLISH to healthcheck (d0, q0, r1, m0, '$SYS/broker/load/publish/dropped/5min', ... (4 bytes))
1778190062: Sending PUBLISH to healthcheck (d0, q0, r1, m0, '$SYS/broker/load/publish/dropped/15min', ... (4 bytes))
1778190062: Sending PUBLISH to healthcheck (d0, q0, r1, m0, '$SYS/broker/load/publish/received/1min', ... (4 bytes))
1778190062: Sending PUBLISH to healthcheck (d0, q0, r1, m0, '$SYS/broker/load/publish/received/5min', ... (4 bytes))
1778190062: Sending PUBLISH to healthcheck (d0, q0, r1, m0, '$SYS/broker/load/publish/received/15min', ... (4 bytes))
1778190062: Sending PUBLISH to healthcheck (d0, q0, r1, m0, '$SYS/broker/load/publish/sent/1min', ... (6 bytes))
1778190062: Sending PUBLISH to healthcheck (d0, q0, r1, m0, '$SYS/broker/load/publish/sent/5min', ... (6 bytes))
1778190062: Sending PUBLISH to healthcheck (d0, q0, r1, m0, '$SYS/broker/load/publish/sent/15min', ... (5 bytes))
1778190062: Sending PUBLISH to healthcheck (d0, q0, r1, m0, '$SYS/broker/load/bytes/received/1min', ... (6 bytes))
1778190062: Sending PUBLISH to healthcheck (d0, q0, r1, m0, '$SYS/broker/load/bytes/received/5min', ... (6 bytes))
1778190062: Sending PUBLISH to healthcheck (d0, q0, r1, m0, '$SYS/broker/load/bytes/received/15min', ... (6 bytes))
1778190062: Sending PUBLISH to healthcheck (d0, q0, r1, m0, '$SYS/broker/load/bytes/sent/1min', ... (7 bytes))
1778190062: Sending PUBLISH to healthcheck (d0, q0, r1, m0, '$SYS/broker/load/bytes/sent/5min', ... (7 bytes))
1778190062: Sending PUBLISH to healthcheck (d0, q0, r1, m0, '$SYS/broker/load/bytes/sent/15min', ... (7 bytes))
1778190062: Sending PUBLISH to healthcheck (d0, q0, r1, m0, '$SYS/broker/load/sockets/1min', ... (4 bytes))
1778190062: Sending PUBLISH to healthcheck (d0, q0, r1, m0, '$SYS/broker/load/sockets/5min', ... (4 bytes))
1778190062: Sending PUBLISH to healthcheck (d0, q0, r1, m0, '$SYS/broker/load/sockets/15min', ... (4 bytes))
1778190062: Sending PUBLISH to healthcheck (d0, q0, r1, m0, '$SYS/broker/load/connections/1min', ... (4 bytes))
1778190062: Sending PUBLISH to healthcheck (d0, q0, r1, m0, '$SYS/broker/load/connections/5min', ... (4 bytes))
1778190062: Sending PUBLISH to healthcheck (d0, q0, r1, m0, '$SYS/broker/load/connections/15min', ... (4 bytes))
1778190062: Client healthcheck [127.0.0.1:40636] disconnected: connection closed by client.
1778190065: Received PINGREQ from mqtt-explorer-5c916486
1778190065: Sending PINGRESP to mqtt-explorer-5c916486
1778190070: Sending PUBLISH to mqtt-explorer-5c916486 (d0, q0, r0, m0, '$SYS/broker/uptime', ... (11 bytes))
1778190070: Sending PUBLISH to mqtt-explorer-5c916486 (d0, q0, r0, m0, '$SYS/broker/load/messages/received/1min', ... (4 bytes))
1778190070: Sending PUBLISH to mqtt-explorer-5c916486 (d0, q0, r0, m0, '$SYS/broker/load/messages/received/5min', ... (4 bytes))
1778190070: Sending PUBLISH to mqtt-explorer-5c916486 (d0, q0, r0, m0, '$SYS/broker/load/messages/received/15min', ... (4 bytes))
1778190070: Sending PUBLISH to mqtt-explorer-5c916486 (d0, q0, r0, m0, '$SYS/broker/load/messages/sent/1min', ... (6 bytes))
1778190070: Sending PUBLISH to mqtt-explorer-5c916486 (d0, q0, r0, m0, '$SYS/broker/load/messages/sent/5min', ... (6 bytes))
1778190070: Sending PUBLISH to mqtt-explorer-5c916486 (d0, q0, r0, m0, '$SYS/broker/load/messages/sent/15min', ... (6 bytes))
1778190070: Sending PUBLISH to mqtt-explorer-5c916486 (d0, q0, r0, m0, '$SYS/broker/load/publish/received/1min', ... (4 bytes))
1778190070: Sending PUBLISH to mqtt-explorer-5c916486 (d0, q0, r0, m0, '$SYS/broker/load/publish/received/5min', ... (4 bytes))
1778190070: Sending PUBLISH to mqtt-explorer-5c916486 (d0, q0, r0, m0, '$SYS/broker/load/publish/sent/1min', ... (6 bytes))
1778190070: Sending PUBLISH to mqtt-explorer-5c916486 (d0, q0, r0, m0, '$SYS/broker/load/publish/sent/5min', ... (6 bytes))
1778190070: Sending PUBLISH to mqtt-explorer-5c916486 (d0, q0, r0, m0, '$SYS/broker/load/publish/sent/15min', ... (6 bytes))
1778190070: Sending PUBLISH to mqtt-explorer-5c916486 (d0, q0, r0, m0, '$SYS/broker/load/bytes/received/1min', ... (6 bytes))
1778190070: Sending PUBLISH to mqtt-explorer-5c916486 (d0, q0, r0, m0, '$SYS/broker/load/bytes/received/5min', ... (6 bytes))
1778190070: Sending PUBLISH to mqtt-explorer-5c916486 (d0, q0, r0, m0, '$SYS/broker/load/bytes/received/15min', ... (6 bytes))
1778190070: Sending PUBLISH to mqtt-explorer-5c916486 (d0, q0, r0, m0, '$SYS/broker/load/bytes/sent/1min', ... (8 bytes))
1778190070: Sending PUBLISH to mqtt-explorer-5c916486 (d0, q0, r0, m0, '$SYS/broker/load/bytes/sent/5min', ... (7 bytes))
1778190070: Sending PUBLISH to mqtt-explorer-5c916486 (d0, q0, r0, m0, '$SYS/broker/load/bytes/sent/15min', ... (7 bytes))
1778190070: Sending PUBLISH to mqtt-explorer-5c916486 (d0, q0, r0, m0, '$SYS/broker/load/sockets/1min', ... (4 bytes))
1778190070: Sending PUBLISH to mqtt-explorer-5c916486 (d0, q0, r0, m0, '$SYS/broker/load/sockets/5min', ... (4 bytes))
1778190070: Sending PUBLISH to mqtt-explorer-5c916486 (d0, q0, r0, m0, '$SYS/broker/load/sockets/15min', ... (4 bytes))
1778190070: Sending PUBLISH to mqtt-explorer-5c916486 (d0, q0, r0, m0, '$SYS/broker/load/connections/1min', ... (4 bytes))
1778190070: Sending PUBLISH to mqtt-explorer-5c916486 (d0, q0, r0, m0, '$SYS/broker/load/connections/5min', ... (4 bytes))
1778190070: Sending PUBLISH to mqtt-explorer-5c916486 (d0, q0, r0, m0, '$SYS/broker/load/connections/15min', ... (4 bytes))
1778190070: Sending PUBLISH to mqtt-explorer-5c916486 (d0, q0, r0, m0, '$SYS/broker/messages/received', ... (2 bytes))
1778190070: Sending PUBLISH to mqtt-explorer-5c916486 (d0, q0, r0, m0, '$SYS/broker/messages/sent', ... (4 bytes))
1778190070: Sending PUBLISH to mqtt-explorer-5c916486 (d0, q0, r0, m0, '$SYS/broker/bytes/received', ... (4 bytes))
1778190070: Sending PUBLISH to mqtt-explorer-5c916486 (d0, q0, r0, m0, '$SYS/broker/bytes/sent', ... (6 bytes))
1778190070: Sending PUBLISH to mqtt-explorer-5c916486 (d0, q0, r0, m0, '$SYS/broker/publish/bytes/sent', ... (5 bytes))
1778190070: Sending PUBLISH to mqtt-explorer-5c916486 (d0, q0, r0, m0, '$SYS/broker/connections/socket/count', ... (2 bytes))
1778190070: Sending PUBLISH to mqtt-explorer-5c916486 (d0, q0, r0, m0, '$SYS/broker/publish/messages/sent', ... (4 bytes))
1778190080: Sending PUBLISH to mqtt-explorer-5c916486 (d0, q0, r0, m0, '$SYS/broker/uptime', ... (11 bytes))
1778190080: Sending PUBLISH to mqtt-explorer-5c916486 (d0, q0, r0, m0, '$SYS/broker/load/messages/received/1min', ... (4 bytes))
1778190080: Sending PUBLISH to mqtt-explorer-5c916486 (d0, q0, r0, m0, '$SYS/broker/load/messages/received/5min', ... (4 bytes))
1778190080: Sending PUBLISH to mqtt-explorer-5c916486 (d0, q0, r0, m0, '$SYS/broker/load/messages/received/15min', ... (4 bytes))
1778190080: Sending PUBLISH to mqtt-explorer-5c916486 (d0, q0, r0, m0, '$SYS/broker/load/messages/sent/1min', ... (6 bytes))
1778190080: Sending PUBLISH to mqtt-explorer-5c916486 (d0, q0, r0, m0, '$SYS/broker/load/messages/sent/5min', ... (6 bytes))
1778190080: Sending PUBLISH to mqtt-explorer-5c916486 (d0, q0, r0, m0, '$SYS/broker/load/messages/sent/15min', ... (6 bytes))
1778190080: Sending PUBLISH to mqtt-explorer-5c916486 (d0, q0, r0, m0, '$SYS/broker/load/publish/received/1min', ... (4 bytes))
1778190080: Sending PUBLISH to mqtt-explorer-5c916486 (d0, q0, r0, m0, '$SYS/broker/load/publish/received/5min', ... (4 bytes))
1778190080: Sending PUBLISH to mqtt-explorer-5c916486 (d0, q0, r0, m0, '$SYS/broker/load/publish/sent/1min', ... (6 bytes))
1778190080: Sending PUBLISH to mqtt-explorer-5c916486 (d0, q0, r0, m0, '$SYS/broker/load/publish/sent/5min', ... (6 bytes))
1778190080: Sending PUBLISH to mqtt-explorer-5c916486 (d0, q0, r0, m0, '$SYS/broker/load/publish/sent/15min', ... (6 bytes))
1778190080: Sending PUBLISH to mqtt-explorer-5c916486 (d0, q0, r0, m0, '$SYS/broker/load/bytes/received/1min', ... (6 bytes))
1778190080: Sending PUBLISH to mqtt-explorer-5c916486 (d0, q0, r0, m0, '$SYS/broker/load/bytes/received/5min', ... (6 bytes))
1778190080: Sending PUBLISH to mqtt-explorer-5c916486 (d0, q0, r0, m0, '$SYS/broker/load/bytes/received/15min', ... (6 bytes))
1778190080: Sending PUBLISH to mqtt-explorer-5c916486 (d0, q0, r0, m0, '$SYS/broker/load/bytes/sent/1min', ... (7 bytes))
1778190080: Sending PUBLISH to mqtt-explorer-5c916486 (d0, q0, r0, m0, '$SYS/broker/load/bytes/sent/5min', ... (7 bytes))
1778190080: Sending PUBLISH to mqtt-explorer-5c916486 (d0, q0, r0, m0, '$SYS/broker/load/bytes/sent/15min', ... (7 bytes))
1778190080: Sending PUBLISH to mqtt-explorer-5c916486 (d0, q0, r0, m0, '$SYS/broker/load/sockets/1min', ... (4 bytes))
1778190080: Sending PUBLISH to mqtt-explorer-5c916486 (d0, q0, r0, m0, '$SYS/broker/load/sockets/5min', ... (4 bytes))
1778190080: Sending PUBLISH to mqtt-explorer-5c916486 (d0, q0, r0, m0, '$SYS/broker/load/sockets/15min', ... (4 bytes))
1778190080: Sending PUBLISH to mqtt-explorer-5c916486 (d0, q0, r0, m0, '$SYS/broker/load/connections/1min', ... (4 bytes))
1778190080: Sending PUBLISH to mqtt-explorer-5c916486 (d0, q0, r0, m0, '$SYS/broker/load/connections/5min', ... (4 bytes))
1778190080: Sending PUBLISH to mqtt-explorer-5c916486 (d0, q0, r0, m0, '$SYS/broker/load/connections/15min', ... (4 bytes))
1778190080: Sending PUBLISH to mqtt-explorer-5c916486 (d0, q0, r0, m0, '$SYS/broker/store/messages/bytes', ... (3 bytes))
1778190080: Sending PUBLISH to mqtt-explorer-5c916486 (d0, q0, r0, m0, '$SYS/broker/heap/current', ... (6 bytes))
1778190080: Sending PUBLISH to mqtt-explorer-5c916486 (d0, q0, r0, m0, '$SYS/broker/messages/sent', ... (4 bytes))
1778190080: Sending PUBLISH to mqtt-explorer-5c916486 (d0, q0, r0, m0, '$SYS/broker/bytes/sent', ... (6 bytes))
1778190080: Sending PUBLISH to mqtt-explorer-5c916486 (d0, q0, r0, m0, '$SYS/broker/publish/bytes/sent', ... (5 bytes))
1778190080: Sending PUBLISH to mqtt-explorer-5c916486 (d0, q0, r0, m0, '$SYS/broker/publish/messages/sent', ... (4 bytes))
1778190090: Sending PUBLISH to mqtt-explorer-5c916486 (d0, q0, r0, m0, '$SYS/broker/uptime', ... (11 bytes))
1778190090: Sending PUBLISH to mqtt-explorer-5c916486 (d0, q0, r0, m0, '$SYS/broker/load/messages/received/1min', ... (4 bytes))
1778190090: Sending PUBLISH to mqtt-explorer-5c916486 (d0, q0, r0, m0, '$SYS/broker/load/messages/received/5min', ... (4 bytes))
1778190090: Sending PUBLISH to mqtt-explorer-5c916486 (d0, q0, r0, m0, '$SYS/broker/load/messages/received/15min', ... (4 bytes))
1778190090: Sending PUBLISH to mqtt-explorer-5c916486 (d0, q0, r0, m0, '$SYS/broker/load/messages/sent/1min', ... (6 bytes))
1778190090: Sending PUBLISH to mqtt-explorer-5c916486 (d0, q0, r0, m0, '$SYS/broker/load/messages/sent/5min', ... (6 bytes))
1778190090: Sending PUBLISH to mqtt-explorer-5c916486 (d0, q0, r0, m0, '$SYS/broker/load/messages/sent/15min', ... (6 bytes))
1778190090: Sending PUBLISH to mqtt-explorer-5c916486 (d0, q0, r0, m0, '$SYS/broker/load/publish/received/1min', ... (4 bytes))
1778190090: Sending PUBLISH to mqtt-explorer-5c916486 (d0, q0, r0, m0, '$SYS/broker/load/publish/received/5min', ... (4 bytes))
1778190090: Sending PUBLISH to mqtt-explorer-5c916486 (d0, q0, r0, m0, '$SYS/broker/load/publish/sent/1min', ... (6 bytes))
1778190090: Sending PUBLISH to mqtt-explorer-5c916486 (d0, q0, r0, m0, '$SYS/broker/load/publish/sent/5min', ... (6 bytes))
1778190090: Sending PUBLISH to mqtt-explorer-5c916486 (d0, q0, r0, m0, '$SYS/broker/load/publish/sent/15min', ... (5 bytes))
1778190090: Sending PUBLISH to mqtt-explorer-5c916486 (d0, q0, r0, m0, '$SYS/broker/load/bytes/received/1min', ... (6 bytes))
1778190090: Sending PUBLISH to mqtt-explorer-5c916486 (d0, q0, r0, m0, '$SYS/broker/load/bytes/received/5min', ... (6 bytes))
1778190090: Sending PUBLISH to mqtt-explorer-5c916486 (d0, q0, r0, m0, '$SYS/broker/load/bytes/received/15min', ... (6 bytes))
1778190090: Sending PUBLISH to mqtt-explorer-5c916486 (d0, q0, r0, m0, '$SYS/broker/load/bytes/sent/1min', ... (7 bytes))
1778190090: Sending PUBLISH to mqtt-explorer-5c916486 (d0, q0, r0, m0, '$SYS/broker/load/bytes/sent/5min', ... (7 bytes))
1778190090: Sending PUBLISH to mqtt-explorer-5c916486 (d0, q0, r0, m0, '$SYS/broker/load/bytes/sent/15min', ... (7 bytes))
1778190090: Sending PUBLISH to mqtt-explorer-5c916486 (d0, q0, r0, m0, '$SYS/broker/load/sockets/1min', ... (4 bytes))
1778190090: Sending PUBLISH to mqtt-explorer-5c916486 (d0, q0, r0, m0, '$SYS/broker/load/sockets/5min', ... (4 bytes))
1778190090: Sending PUBLISH to mqtt-explorer-5c916486 (d0, q0, r0, m0, '$SYS/broker/load/sockets/15min', ... (4 bytes))
1778190090: Sending PUBLISH to mqtt-explorer-5c916486 (d0, q0, r0, m0, '$SYS/broker/load/connections/1min', ... (4 bytes))
1778190090: Sending PUBLISH to mqtt-explorer-5c916486 (d0, q0, r0, m0, '$SYS/broker/load/connections/5min', ... (4 bytes))
1778190090: Sending PUBLISH to mqtt-explorer-5c916486 (d0, q0, r0, m0, '$SYS/broker/load/connections/15min', ... (4 bytes))
1778190090: Sending PUBLISH to mqtt-explorer-5c916486 (d0, q0, r0, m0, '$SYS/broker/store/messages/bytes', ... (3 bytes))
1778190090: Sending PUBLISH to mqtt-explorer-5c916486 (d0, q0, r0, m0, '$SYS/broker/heap/current', ... (6 bytes))
1778190090: Sending PUBLISH to mqtt-explorer-5c916486 (d0, q0, r0, m0, '$SYS/broker/messages/sent', ... (4 bytes))
1778190090: Sending PUBLISH to mqtt-explorer-5c916486 (d0, q0, r0, m0, '$SYS/broker/bytes/sent', ... (6 bytes))
1778190090: Sending PUBLISH to mqtt-explorer-5c916486 (d0, q0, r0, m0, '$SYS/broker/publish/bytes/sent', ... (5 bytes))
1778190090: Sending PUBLISH to mqtt-explorer-5c916486 (d0, q0, r0, m0, '$SYS/broker/publish/messages/sent', ... (4 bytes))
1778190093: New connection from 127.0.0.1:50648 on port 1883.
1778190093: New client connected from 127.0.0.1:50648 as healthcheck (p4, c1, k60).
1778190093: No will message specified.
1778190093: Sending CONNACK to healthcheck (0, 0)
1778190093: Received SUBSCRIBE from healthcheck
1778190093: 	$SYS/# (QoS 0)
1778190093: healthcheck 0 $SYS/#
1778190093: Sending SUBACK to healthcheck
1778190093: Sending PUBLISH to healthcheck (d0, q0, r1, m0, '$SYS/broker/version', ... (23 bytes))
1778190093: Sending PUBLISH to healthcheck (d0, q0, r1, m0, '$SYS/broker/uptime', ... (11 bytes))
1778190093: Sending PUBLISH to healthcheck (d0, q0, r1, m0, '$SYS/broker/clients/total', ... (1 bytes))
1778190093: Sending PUBLISH to healthcheck (d0, q0, r1, m0, '$SYS/broker/clients/disconnected', ... (1 bytes))
1778190093: Sending PUBLISH to healthcheck (d0, q0, r1, m0, '$SYS/broker/clients/inactive', ... (1 bytes))
1778190093: Sending PUBLISH to healthcheck (d0, q0, r1, m0, '$SYS/broker/clients/connected', ... (1 bytes))
1778190093: Sending PUBLISH to healthcheck (d0, q0, r1, m0, '$SYS/broker/clients/active', ... (1 bytes))
1778190093: Sending PUBLISH to healthcheck (d0, q0, r1, m0, '$SYS/broker/clients/expired', ... (1 bytes))
1778190093: Sending PUBLISH to healthcheck (d0, q0, r1, m0, '$SYS/broker/clients/maximum', ... (1 bytes))
1778190093: Sending PUBLISH to healthcheck (d0, q0, r1, m0, '$SYS/broker/messages/stored', ... (2 bytes))
1778190093: Sending PUBLISH to healthcheck (d0, q0, r1, m0, '$SYS/broker/messages/received', ... (2 bytes))
1778190093: Sending PUBLISH to healthcheck (d0, q0, r1, m0, '$SYS/broker/messages/sent', ... (4 bytes))
1778190093: Sending PUBLISH to healthcheck (d0, q0, r1, m0, '$SYS/broker/store/messages/count', ... (2 bytes))
1778190093: Sending PUBLISH to healthcheck (d0, q0, r1, m0, '$SYS/broker/store/messages/bytes', ... (3 bytes))
1778190093: Sending PUBLISH to healthcheck (d0, q0, r1, m0, '$SYS/broker/subscriptions/count', ... (1 bytes))
1778190093: Sending PUBLISH to healthcheck (d0, q0, r1, m0, '$SYS/broker/shared_subscriptions/count', ... (1 bytes))
1778190093: Sending PUBLISH to healthcheck (d0, q0, r1, m0, '$SYS/broker/retained messages/count', ... (2 bytes))
1778190093: Sending PUBLISH to healthcheck (d0, q0, r1, m0, '$SYS/broker/heap/current', ... (6 bytes))
1778190093: Sending PUBLISH to healthcheck (d0, q0, r1, m0, '$SYS/broker/heap/maximum', ... (6 bytes))
1778190093: Sending PUBLISH to healthcheck (d0, q0, r1, m0, '$SYS/broker/bytes/received', ... (4 bytes))
1778190093: Sending PUBLISH to healthcheck (d0, q0, r1, m0, '$SYS/broker/bytes/sent', ... (6 bytes))
1778190093: Sending PUBLISH to healthcheck (d0, q0, r1, m0, '$SYS/broker/publish/bytes/received', ... (3 bytes))
1778190093: Sending PUBLISH to healthcheck (d0, q0, r1, m0, '$SYS/broker/publish/bytes/sent', ... (5 bytes))
1778190093: Sending PUBLISH to healthcheck (d0, q0, r1, m0, '$SYS/broker/publish/messages/dropped', ... (1 bytes))
1778190093: Sending PUBLISH to healthcheck (d0, q0, r1, m0, '$SYS/broker/publish/messages/received', ... (2 bytes))
1778190093: Sending PUBLISH to healthcheck (d0, q0, r1, m0, '$SYS/broker/publish/messages/sent', ... (4 bytes))
1778190093: Sending PUBLISH to healthcheck (d0, q0, r1, m0, '$SYS/broker/packet/out/count', ... (1 bytes))
1778190093: Sending PUBLISH to healthcheck (d0, q0, r1, m0, '$SYS/broker/packet/out/bytes', ... (1 bytes))
1778190093: Sending PUBLISH to healthcheck (d0, q0, r1, m0, '$SYS/broker/connections/socket/count', ... (2 bytes))
1778190093: Sending PUBLISH to healthcheck (d0, q0, r1, m0, '$SYS/broker/load/messages/received/1min', ... (4 bytes))
1778190093: Sending PUBLISH to healthcheck (d0, q0, r1, m0, '$SYS/broker/load/messages/received/5min', ... (4 bytes))
1778190093: Sending PUBLISH to healthcheck (d0, q0, r1, m0, '$SYS/broker/load/messages/received/15min', ... (4 bytes))
1778190093: Sending PUBLISH to healthcheck (d0, q0, r1, m0, '$SYS/broker/load/messages/sent/1min', ... (6 bytes))
1778190093: Sending PUBLISH to healthcheck (d0, q0, r1, m0, '$SYS/broker/load/messages/sent/5min', ... (6 bytes))
1778190093: Sending PUBLISH to healthcheck (d0, q0, r1, m0, '$SYS/broker/load/messages/sent/15min', ... (6 bytes))
1778190093: Sending PUBLISH to healthcheck (d0, q0, r1, m0, '$SYS/broker/load/publish/dropped/1min', ... (4 bytes))
1778190093: Sending PUBLISH to healthcheck (d0, q0, r1, m0, '$SYS/broker/load/publish/dropped/5min', ... (4 bytes))
1778190093: Sending PUBLISH to healthcheck (d0, q0, r1, m0, '$SYS/broker/load/publish/dropped/15min', ... (4 bytes))
1778190093: Sending PUBLISH to healthcheck (d0, q0, r1, m0, '$SYS/broker/load/publish/received/1min', ... (4 bytes))
1778190093: Sending PUBLISH to healthcheck (d0, q0, r1, m0, '$SYS/broker/load/publish/received/5min', ... (4 bytes))
1778190093: Sending PUBLISH to healthcheck (d0, q0, r1, m0, '$SYS/broker/load/publish/received/15min', ... (4 bytes))
1778190093: Sending PUBLISH to healthcheck (d0, q0, r1, m0, '$SYS/broker/load/publish/sent/1min', ... (6 bytes))
1778190093: Sending PUBLISH to healthcheck (d0, q0, r1, m0, '$SYS/broker/load/publish/sent/5min', ... (6 bytes))
1778190093: Sending PUBLISH to healthcheck (d0, q0, r1, m0, '$SYS/broker/load/publish/sent/15min', ... (5 bytes))
1778190093: Sending PUBLISH to healthcheck (d0, q0, r1, m0, '$SYS/broker/load/bytes/received/1min', ... (6 bytes))
1778190093: Sending PUBLISH to healthcheck (d0, q0, r1, m0, '$SYS/broker/load/bytes/received/5min', ... (6 bytes))
1778190093: Sending PUBLISH to healthcheck (d0, q0, r1, m0, '$SYS/broker/load/bytes/received/15min', ... (6 bytes))
1778190093: Sending PUBLISH to healthcheck (d0, q0, r1, m0, '$SYS/broker/load/bytes/sent/1min', ... (7 bytes))
1778190093: Sending PUBLISH to healthcheck (d0, q0, r1, m0, '$SYS/broker/load/bytes/sent/5min', ... (7 bytes))
1778190093: Sending PUBLISH to healthcheck (d0, q0, r1, m0, '$SYS/broker/load/bytes/sent/15min', ... (7 bytes))
1778190093: Sending PUBLISH to healthcheck (d0, q0, r1, m0, '$SYS/broker/load/sockets/1min', ... (4 bytes))
1778190093: Sending PUBLISH to healthcheck (d0, q0, r1, m0, '$SYS/broker/load/sockets/5min', ... (4 bytes))
1778190093: Sending PUBLISH to healthcheck (d0, q0, r1, m0, '$SYS/broker/load/sockets/15min', ... (4 bytes))
1778190093: Sending PUBLISH to healthcheck (d0, q0, r1, m0, '$SYS/broker/load/connections/1min', ... (4 bytes))
1778190093: Sending PUBLISH to healthcheck (d0, q0, r1, m0, '$SYS/broker/load/connections/5min', ... (4 bytes))
1778190093: Sending PUBLISH to healthcheck (d0, q0, r1, m0, '$SYS/broker/load/connections/15min', ... (4 bytes))
1778190093: Client healthcheck [127.0.0.1:50648] disconnected: connection closed by client.
1778190100: Sending PUBLISH to mqtt-explorer-5c916486 (d0, q0, r0, m0, '$SYS/broker/uptime', ... (11 bytes))
1778190100: Sending PUBLISH to mqtt-explorer-5c916486 (d0, q0, r0, m0, '$SYS/broker/load/messages/received/1min', ... (4 bytes))
1778190100: Sending PUBLISH to mqtt-explorer-5c916486 (d0, q0, r0, m0, '$SYS/broker/load/messages/received/5min', ... (4 bytes))
1778190100: Sending PUBLISH to mqtt-explorer-5c916486 (d0, q0, r0, m0, '$SYS/broker/load/messages/received/15min', ... (4 bytes))
1778190100: Sending PUBLISH to mqtt-explorer-5c916486 (d0, q0, r0, m0, '$SYS/broker/load/messages/sent/1min', ... (6 bytes))
1778190100: Sending PUBLISH to mqtt-explorer-5c916486 (d0, q0, r0, m0, '$SYS/broker/load/messages/sent/5min', ... (6 bytes))
1778190100: Sending PUBLISH to mqtt-explorer-5c916486 (d0, q0, r0, m0, '$SYS/broker/load/messages/sent/15min', ... (6 bytes))
1778190100: Sending PUBLISH to mqtt-explorer-5c916486 (d0, q0, r0, m0, '$SYS/broker/load/publish/received/1min', ... (4 bytes))
1778190100: Sending PUBLISH to mqtt-explorer-5c916486 (d0, q0, r0, m0, '$SYS/broker/load/publish/received/5min', ... (4 bytes))
1778190100: Sending PUBLISH to mqtt-explorer-5c916486 (d0, q0, r0, m0, '$SYS/broker/load/publish/sent/1min', ... (6 bytes))
1778190100: Sending PUBLISH to mqtt-explorer-5c916486 (d0, q0, r0, m0, '$SYS/broker/load/publish/sent/5min', ... (6 bytes))
1778190100: Sending PUBLISH to mqtt-explorer-5c916486 (d0, q0, r0, m0, '$SYS/broker/load/publish/sent/15min', ... (6 bytes))
1778190100: Sending PUBLISH to mqtt-explorer-5c916486 (d0, q0, r0, m0, '$SYS/broker/load/bytes/received/1min', ... (6 bytes))
1778190100: Sending PUBLISH to mqtt-explorer-5c916486 (d0, q0, r0, m0, '$SYS/broker/load/bytes/received/5min', ... (6 bytes))
1778190100: Sending PUBLISH to mqtt-explorer-5c916486 (d0, q0, r0, m0, '$SYS/broker/load/bytes/received/15min', ... (6 bytes))
1778190100: Sending PUBLISH to mqtt-explorer-5c916486 (d0, q0, r0, m0, '$SYS/broker/load/bytes/sent/1min', ... (8 bytes))
1778190100: Sending PUBLISH to mqtt-explorer-5c916486 (d0, q0, r0, m0, '$SYS/broker/load/bytes/sent/5min', ... (7 bytes))
1778190100: Sending PUBLISH to mqtt-explorer-5c916486 (d0, q0, r0, m0, '$SYS/broker/load/bytes/sent/15min', ... (7 bytes))
1778190100: Sending PUBLISH to mqtt-explorer-5c916486 (d0, q0, r0, m0, '$SYS/broker/load/sockets/1min', ... (4 bytes))
1778190100: Sending PUBLISH to mqtt-explorer-5c916486 (d0, q0, r0, m0, '$SYS/broker/load/sockets/5min', ... (4 bytes))
1778190100: Sending PUBLISH to mqtt-explorer-5c916486 (d0, q0, r0, m0, '$SYS/broker/load/sockets/15min', ... (4 bytes))
1778190100: Sending PUBLISH to mqtt-explorer-5c916486 (d0, q0, r0, m0, '$SYS/broker/load/connections/1min', ... (4 bytes))
1778190100: Sending PUBLISH to mqtt-explorer-5c916486 (d0, q0, r0, m0, '$SYS/broker/load/connections/5min', ... (4 bytes))
1778190100: Sending PUBLISH to mqtt-explorer-5c916486 (d0, q0, r0, m0, '$SYS/broker/load/connections/15min', ... (4 bytes))
1778190100: Sending PUBLISH to mqtt-explorer-5c916486 (d0, q0, r0, m0, '$SYS/broker/store/messages/bytes', ... (3 bytes))
1778190100: Sending PUBLISH to mqtt-explorer-5c916486 (d0, q0, r0, m0, '$SYS/broker/heap/current', ... (6 bytes))
1778190100: Sending PUBLISH to mqtt-explorer-5c916486 (d0, q0, r0, m0, '$SYS/broker/messages/received', ... (2 bytes))
1778190100: Sending PUBLISH to mqtt-explorer-5c916486 (d0, q0, r0, m0, '$SYS/broker/messages/sent', ... (4 bytes))
1778190100: Sending PUBLISH to mqtt-explorer-5c916486 (d0, q0, r0, m0, '$SYS/broker/bytes/received', ... (4 bytes))
1778190100: Sending PUBLISH to mqtt-explorer-5c916486 (d0, q0, r0, m0, '$SYS/broker/bytes/sent', ... (6 bytes))
1778190100: Sending PUBLISH to mqtt-explorer-5c916486 (d0, q0, r0, m0, '$SYS/broker/publish/bytes/sent', ... (5 bytes))
1778190100: Sending PUBLISH to mqtt-explorer-5c916486 (d0, q0, r0, m0, '$SYS/broker/connections/socket/count', ... (2 bytes))
1778190100: Sending PUBLISH to mqtt-explorer-5c916486 (d0, q0, r0, m0, '$SYS/broker/publish/messages/sent', ... (4 bytes))
1778190110: Sending PUBLISH to mqtt-explorer-5c916486 (d0, q0, r0, m0, '$SYS/broker/uptime', ... (11 bytes))
1778190110: Sending PUBLISH to mqtt-explorer-5c916486 (d0, q0, r0, m0, '$SYS/broker/load/messages/received/1min', ... (4 bytes))
1778190110: Sending PUBLISH to mqtt-explorer-5c916486 (d0, q0, r0, m0, '$SYS/broker/load/messages/received/5min', ... (4 bytes))
1778190110: Sending PUBLISH to mqtt-explorer-5c916486 (d0, q0, r0, m0, '$SYS/broker/load/messages/received/15min', ... (4 bytes))
1778190110: Sending PUBLISH to mqtt-explorer-5c916486 (d0, q0, r0, m0, '$SYS/broker/load/messages/sent/1min', ... (6 bytes))
1778190110: Sending PUBLISH to mqtt-explorer-5c916486 (d0, q0, r0, m0, '$SYS/broker/load/messages/sent/5min', ... (6 bytes))
1778190110: Sending PUBLISH to mqtt-explorer-5c916486 (d0, q0, r0, m0, '$SYS/broker/load/messages/sent/15min', ... (6 bytes))
1778190110: Sending PUBLISH to mqtt-explorer-5c916486 (d0, q0, r0, m0, '$SYS/broker/load/publish/received/1min', ... (4 bytes))
1778190110: Sending PUBLISH to mqtt-explorer-5c916486 (d0, q0, r0, m0, '$SYS/broker/load/publish/received/5min', ... (4 bytes))
1778190110: Sending PUBLISH to mqtt-explorer-5c916486 (d0, q0, r0, m0, '$SYS/broker/load/publish/sent/1min', ... (6 bytes))
1778190110: Sending PUBLISH to mqtt-explorer-5c916486 (d0, q0, r0, m0, '$SYS/broker/load/publish/sent/5min', ... (6 bytes))
1778190110: Sending PUBLISH to mqtt-explorer-5c916486 (d0, q0, r0, m0, '$SYS/broker/load/publish/sent/15min', ... (6 bytes))
1778190110: Sending PUBLISH to mqtt-explorer-5c916486 (d0, q0, r0, m0, '$SYS/broker/load/bytes/received/1min', ... (6 bytes))
1778190110: Sending PUBLISH to mqtt-explorer-5c916486 (d0, q0, r0, m0, '$SYS/broker/load/bytes/received/5min', ... (6 bytes))
1778190110: Sending PUBLISH to mqtt-explorer-5c916486 (d0, q0, r0, m0, '$SYS/broker/load/bytes/received/15min', ... (6 bytes))
1778190110: Sending PUBLISH to mqtt-explorer-5c916486 (d0, q0, r0, m0, '$SYS/broker/load/bytes/sent/1min', ... (7 bytes))
1778190110: Sending PUBLISH to mqtt-explorer-5c916486 (d0, q0, r0, m0, '$SYS/broker/load/bytes/sent/5min', ... (7 bytes))
1778190110: Sending PUBLISH to mqtt-explorer-5c916486 (d0, q0, r0, m0, '$SYS/broker/load/bytes/sent/15min', ... (7 bytes))
1778190110: Sending PUBLISH to mqtt-explorer-5c916486 (d0, q0, r0, m0, '$SYS/broker/load/sockets/1min', ... (4 bytes))
1778190110: Sending PUBLISH to mqtt-explorer-5c916486 (d0, q0, r0, m0, '$SYS/broker/load/sockets/5min', ... (4 bytes))
1778190110: Sending PUBLISH to mqtt-explorer-5c916486 (d0, q0, r0, m0, '$SYS/broker/load/sockets/15min', ... (4 bytes))
1778190110: Sending PUBLISH to mqtt-explorer-5c916486 (d0, q0, r0, m0, '$SYS/broker/load/connections/1min', ... (4 bytes))
1778190110: Sending PUBLISH to mqtt-explorer-5c916486 (d0, q0, r0, m0, '$SYS/broker/load/connections/5min', ... (4 bytes))
1778190110: Sending PUBLISH to mqtt-explorer-5c916486 (d0, q0, r0, m0, '$SYS/broker/load/connections/15min', ... (4 bytes))
1778190110: Sending PUBLISH to mqtt-explorer-5c916486 (d0, q0, r0, m0, '$SYS/broker/store/messages/bytes', ... (3 bytes))
1778190110: Sending PUBLISH to mqtt-explorer-5c916486 (d0, q0, r0, m0, '$SYS/broker/heap/current', ... (6 bytes))
1778190110: Sending PUBLISH to mqtt-explorer-5c916486 (d0, q0, r0, m0, '$SYS/broker/messages/sent', ... (4 bytes))
1778190110: Sending PUBLISH to mqtt-explorer-5c916486 (d0, q0, r0, m0, '$SYS/broker/bytes/sent', ... (6 bytes))
1778190110: Sending PUBLISH to mqtt-explorer-5c916486 (d0, q0, r0, m0, '$SYS/broker/publish/bytes/sent', ... (5 bytes))
1778190110: Sending PUBLISH to mqtt-explorer-5c916486 (d0, q0, r0, m0, '$SYS/broker/publish/messages/sent', ... (4 bytes))
1778190111: Received PINGREQ from ISIC-ESP8266-001
1778190111: Sending PINGRESP to ISIC-ESP8266-001
1778190120: Sending PUBLISH to mqtt-explorer-5c916486 (d0, q0, r0, m0, '$SYS/broker/uptime', ... (11 bytes))
1778190120: Sending PUBLISH to mqtt-explorer-5c916486 (d0, q0, r0, m0, '$SYS/broker/load/messages/received/1min', ... (4 bytes))
1778190120: Sending PUBLISH to mqtt-explorer-5c916486 (d0, q0, r0, m0, '$SYS/broker/load/messages/received/5min', ... (4 bytes))
1778190120: Sending PUBLISH to mqtt-explorer-5c916486 (d0, q0, r0, m0, '$SYS/broker/load/messages/received/15min', ... (4 bytes))
1778190120: Sending PUBLISH to mqtt-explorer-5c916486 (d0, q0, r0, m0, '$SYS/broker/load/messages/sent/1min', ... (6 bytes))
1778190120: Sending PUBLISH to mqtt-explorer-5c916486 (d0, q0, r0, m0, '$SYS/broker/load/messages/sent/5min', ... (6 bytes))
1778190120: Sending PUBLISH to mqtt-explorer-5c916486 (d0, q0, r0, m0, '$SYS/broker/load/messages/sent/15min', ... (6 bytes))
1778190120: Sending PUBLISH to mqtt-explorer-5c916486 (d0, q0, r0, m0, '$SYS/broker/load/publish/received/1min', ... (4 bytes))
1778190120: Sending PUBLISH to mqtt-explorer-5c916486 (d0, q0, r0, m0, '$SYS/broker/load/publish/received/5min', ... (4 bytes))
1778190120: Sending PUBLISH to mqtt-explorer-5c916486 (d0, q0, r0, m0, '$SYS/broker/load/publish/sent/1min', ... (6 bytes))
1778190120: Sending PUBLISH to mqtt-explorer-5c916486 (d0, q0, r0, m0, '$SYS/broker/load/publish/sent/5min', ... (6 bytes))
1778190120: Sending PUBLISH to mqtt-explorer-5c916486 (d0, q0, r0, m0, '$SYS/broker/load/publish/sent/15min', ... (6 bytes))
1778190120: Sending PUBLISH to mqtt-explorer-5c916486 (d0, q0, r0, m0, '$SYS/broker/load/bytes/received/1min', ... (5 bytes))
1778190120: Sending PUBLISH to mqtt-explorer-5c916486 (d0, q0, r0, m0, '$SYS/broker/load/bytes/received/5min', ... (6 bytes))
1778190120: Sending PUBLISH to mqtt-explorer-5c916486 (d0, q0, r0, m0, '$SYS/broker/load/bytes/received/15min', ... (6 bytes))
1778190120: Sending PUBLISH to mqtt-explorer-5c916486 (d0, q0, r0, m0, '$SYS/broker/load/bytes/sent/1min', ... (7 bytes))
1778190120: Sending PUBLISH to mqtt-explorer-5c916486 (d0, q0, r0, m0, '$SYS/broker/load/bytes/sent/5min', ... (7 bytes))
1778190120: Sending PUBLISH to mqtt-explorer-5c916486 (d0, q0, r0, m0, '$SYS/broker/load/bytes/sent/15min', ... (7 bytes))
1778190120: Sending PUBLISH to mqtt-explorer-5c916486 (d0, q0, r0, m0, '$SYS/broker/load/sockets/1min', ... (4 bytes))
1778190120: Sending PUBLISH to mqtt-explorer-5c916486 (d0, q0, r0, m0, '$SYS/broker/load/sockets/5min', ... (4 bytes))
1778190120: Sending PUBLISH to mqtt-explorer-5c916486 (d0, q0, r0, m0, '$SYS/broker/load/sockets/15min', ... (4 bytes))
1778190120: Sending PUBLISH to mqtt-explorer-5c916486 (d0, q0, r0, m0, '$SYS/broker/load/connections/1min', ... (4 bytes))
1778190120: Sending PUBLISH to mqtt-explorer-5c916486 (d0, q0, r0, m0, '$SYS/broker/load/connections/5min', ... (4 bytes))
1778190120: Sending PUBLISH to mqtt-explorer-5c916486 (d0, q0, r0, m0, '$SYS/broker/load/connections/15min', ... (4 bytes))
1778190120: Sending PUBLISH to mqtt-explorer-5c916486 (d0, q0, r0, m0, '$SYS/broker/store/messages/bytes', ... (3 bytes))
1778190120: Sending PUBLISH to mqtt-explorer-5c916486 (d0, q0, r0, m0, '$SYS/broker/heap/current', ... (6 bytes))
1778190120: Sending PUBLISH to mqtt-explorer-5c916486 (d0, q0, r0, m0, '$SYS/broker/messages/received', ... (2 bytes))
1778190120: Sending PUBLISH to mqtt-explorer-5c916486 (d0, q0, r0, m0, '$SYS/broker/messages/sent', ... (4 bytes))
1778190120: Sending PUBLISH to mqtt-explorer-5c916486 (d0, q0, r0, m0, '$SYS/broker/bytes/received', ... (4 bytes))
1778190120: Sending PUBLISH to mqtt-explorer-5c916486 (d0, q0, r0, m0, '$SYS/broker/bytes/sent', ... (6 bytes))
1778190120: Sending PUBLISH to mqtt-explorer-5c916486 (d0, q0, r0, m0, '$SYS/broker/publish/bytes/sent', ... (5 bytes))
1778190120: Sending PUBLISH to mqtt-explorer-5c916486 (d0, q0, r0, m0, '$SYS/broker/publish/messages/sent', ... (4 bytes))
1778190123: New connection from 127.0.0.1:42552 on port 1883.
1778190123: New client connected from 127.0.0.1:42552 as healthcheck (p4, c1, k60).
1778190123: No will message specified.
1778190123: Sending CONNACK to healthcheck (0, 0)
1778190123: Received SUBSCRIBE from healthcheck
1778190123: 	$SYS/# (QoS 0)
1778190123: healthcheck 0 $SYS/#
1778190123: Sending SUBACK to healthcheck
1778190123: Sending PUBLISH to healthcheck (d0, q0, r1, m0, '$SYS/broker/version', ... (23 bytes))
1778190123: Sending PUBLISH to healthcheck (d0, q0, r1, m0, '$SYS/broker/uptime', ... (11 bytes))
1778190123: Sending PUBLISH to healthcheck (d0, q0, r1, m0, '$SYS/broker/clients/total', ... (1 bytes))
1778190123: Sending PUBLISH to healthcheck (d0, q0, r1, m0, '$SYS/broker/clients/disconnected', ... (1 bytes))
1778190123: Sending PUBLISH to healthcheck (d0, q0, r1, m0, '$SYS/broker/clients/inactive', ... (1 bytes))
1778190123: Sending PUBLISH to healthcheck (d0, q0, r1, m0, '$SYS/broker/clients/connected', ... (1 bytes))
1778190123: Sending PUBLISH to healthcheck (d0, q0, r1, m0, '$SYS/broker/clients/active', ... (1 bytes))
1778190123: Sending PUBLISH to healthcheck (d0, q0, r1, m0, '$SYS/broker/clients/expired', ... (1 bytes))
1778190123: Sending PUBLISH to healthcheck (d0, q0, r1, m0, '$SYS/broker/clients/maximum', ... (1 bytes))
1778190123: Sending PUBLISH to healthcheck (d0, q0, r1, m0, '$SYS/broker/messages/stored', ... (2 bytes))
1778190123: Sending PUBLISH to healthcheck (d0, q0, r1, m0, '$SYS/broker/messages/received', ... (2 bytes))
1778190123: Sending PUBLISH to healthcheck (d0, q0, r1, m0, '$SYS/broker/messages/sent', ... (4 bytes))
1778190123: Sending PUBLISH to healthcheck (d0, q0, r1, m0, '$SYS/broker/store/messages/count', ... (2 bytes))
1778190123: Sending PUBLISH to healthcheck (d0, q0, r1, m0, '$SYS/broker/store/messages/bytes', ... (3 bytes))
1778190123: Sending PUBLISH to healthcheck (d0, q0, r1, m0, '$SYS/broker/subscriptions/count', ... (1 bytes))
1778190123: Sending PUBLISH to healthcheck (d0, q0, r1, m0, '$SYS/broker/shared_subscriptions/count', ... (1 bytes))
1778190123: Sending PUBLISH to healthcheck (d0, q0, r1, m0, '$SYS/broker/retained messages/count', ... (2 bytes))
1778190123: Sending PUBLISH to healthcheck (d0, q0, r1, m0, '$SYS/broker/heap/current', ... (6 bytes))
1778190123: Sending PUBLISH to healthcheck (d0, q0, r1, m0, '$SYS/broker/heap/maximum', ... (6 bytes))
1778190123: Sending PUBLISH to healthcheck (d0, q0, r1, m0, '$SYS/broker/bytes/received', ... (4 bytes))
1778190123: Sending PUBLISH to healthcheck (d0, q0, r1, m0, '$SYS/broker/bytes/sent', ... (6 bytes))
1778190123: Sending PUBLISH to healthcheck (d0, q0, r1, m0, '$SYS/broker/publish/bytes/received', ... (3 bytes))
1778190123: Sending PUBLISH to healthcheck (d0, q0, r1, m0, '$SYS/broker/publish/bytes/sent', ... (5 bytes))
1778190123: Sending PUBLISH to healthcheck (d0, q0, r1, m0, '$SYS/broker/publish/messages/dropped', ... (1 bytes))
1778190123: Sending PUBLISH to healthcheck (d0, q0, r1, m0, '$SYS/broker/publish/messages/received', ... (2 bytes))
1778190123: Sending PUBLISH to healthcheck (d0, q0, r1, m0, '$SYS/broker/publish/messages/sent', ... (4 bytes))
1778190123: Sending PUBLISH to healthcheck (d0, q0, r1, m0, '$SYS/broker/packet/out/count', ... (1 bytes))
1778190123: Sending PUBLISH to healthcheck (d0, q0, r1, m0, '$SYS/broker/packet/out/bytes', ... (1 bytes))
1778190123: Sending PUBLISH to healthcheck (d0, q0, r1, m0, '$SYS/broker/connections/socket/count', ... (2 bytes))
1778190123: Sending PUBLISH to healthcheck (d0, q0, r1, m0, '$SYS/broker/load/messages/received/1min', ... (4 bytes))
1778190123: Sending PUBLISH to healthcheck (d0, q0, r1, m0, '$SYS/broker/load/messages/received/5min', ... (4 bytes))
1778190123: Sending PUBLISH to healthcheck (d0, q0, r1, m0, '$SYS/broker/load/messages/received/15min', ... (4 bytes))
1778190123: Sending PUBLISH to healthcheck (d0, q0, r1, m0, '$SYS/broker/load/messages/sent/1min', ... (6 bytes))
1778190123: Sending PUBLISH to healthcheck (d0, q0, r1, m0, '$SYS/broker/load/messages/sent/5min', ... (6 bytes))
1778190123: Sending PUBLISH to healthcheck (d0, q0, r1, m0, '$SYS/broker/load/messages/sent/15min', ... (6 bytes))
1778190123: Sending PUBLISH to healthcheck (d0, q0, r1, m0, '$SYS/broker/load/publish/dropped/1min', ... (4 bytes))
1778190123: Sending PUBLISH to healthcheck (d0, q0, r1, m0, '$SYS/broker/load/publish/dropped/5min', ... (4 bytes))
1778190123: Sending PUBLISH to healthcheck (d0, q0, r1, m0, '$SYS/broker/load/publish/dropped/15min', ... (4 bytes))
1778190123: Sending PUBLISH to healthcheck (d0, q0, r1, m0, '$SYS/broker/load/publish/received/1min', ... (4 bytes))
1778190123: Sending PUBLISH to healthcheck (d0, q0, r1, m0, '$SYS/broker/load/publish/received/5min', ... (4 bytes))
1778190123: Sending PUBLISH to healthcheck (d0, q0, r1, m0, '$SYS/broker/load/publish/received/15min', ... (4 bytes))
1778190123: Sending PUBLISH to healthcheck (d0, q0, r1, m0, '$SYS/broker/load/publish/sent/1min', ... (6 bytes))
1778190123: Sending PUBLISH to healthcheck (d0, q0, r1, m0, '$SYS/broker/load/publish/sent/5min', ... (6 bytes))
1778190123: Sending PUBLISH to healthcheck (d0, q0, r1, m0, '$SYS/broker/load/publish/sent/15min', ... (6 bytes))
1778190123: Sending PUBLISH to healthcheck (d0, q0, r1, m0, '$SYS/broker/load/bytes/received/1min', ... (5 bytes))
1778190123: Sending PUBLISH to healthcheck (d0, q0, r1, m0, '$SYS/broker/load/bytes/received/5min', ... (6 bytes))
1778190123: Sending PUBLISH to healthcheck (d0, q0, r1, m0, '$SYS/broker/load/bytes/received/15min', ... (6 bytes))
1778190123: Sending PUBLISH to healthcheck (d0, q0, r1, m0, '$SYS/broker/load/bytes/sent/1min', ... (7 bytes))
1778190123: Sending PUBLISH to healthcheck (d0, q0, r1, m0, '$SYS/broker/load/bytes/sent/5min', ... (7 bytes))
1778190123: Sending PUBLISH to healthcheck (d0, q0, r1, m0, '$SYS/broker/load/bytes/sent/15min', ... (7 bytes))
1778190123: Sending PUBLISH to healthcheck (d0, q0, r1, m0, '$SYS/broker/load/sockets/1min', ... (4 bytes))
1778190123: Sending PUBLISH to healthcheck (d0, q0, r1, m0, '$SYS/broker/load/sockets/5min', ... (4 bytes))
1778190123: Sending PUBLISH to healthcheck (d0, q0, r1, m0, '$SYS/broker/load/sockets/15min', ... (4 bytes))
1778190123: Sending PUBLISH to healthcheck (d0, q0, r1, m0, '$SYS/broker/load/connections/1min', ... (4 bytes))
1778190123: Sending PUBLISH to healthcheck (d0, q0, r1, m0, '$SYS/broker/load/connections/5min', ... (4 bytes))
1778190123: Sending PUBLISH to healthcheck (d0, q0, r1, m0, '$SYS/broker/load/connections/15min', ... (4 bytes))
1778190123: Client healthcheck [127.0.0.1:42552] disconnected: connection closed by client.
1778190125: Received PINGREQ from mqtt-explorer-5c916486
1778190125: Sending PINGRESP to mqtt-explorer-5c916486
1778190130: Sending PUBLISH to mqtt-explorer-5c916486 (d0, q0, r0, m0, '$SYS/broker/uptime', ... (11 bytes))
1778190130: Sending PUBLISH to mqtt-explorer-5c916486 (d0, q0, r0, m0, '$SYS/broker/load/messages/received/1min', ... (4 bytes))
1778190130: Sending PUBLISH to mqtt-explorer-5c916486 (d0, q0, r0, m0, '$SYS/broker/load/messages/received/5min', ... (4 bytes))
1778190130: Sending PUBLISH to mqtt-explorer-5c916486 (d0, q0, r0, m0, '$SYS/broker/load/messages/received/15min', ... (4 bytes))
1778190130: Sending PUBLISH to mqtt-explorer-5c916486 (d0, q0, r0, m0, '$SYS/broker/load/messages/sent/1min', ... (6 bytes))
1778190130: Sending PUBLISH to mqtt-explorer-5c916486 (d0, q0, r0, m0, '$SYS/broker/load/messages/sent/5min', ... (6 bytes))
1778190130: Sending PUBLISH to mqtt-explorer-5c916486 (d0, q0, r0, m0, '$SYS/broker/load/messages/sent/15min', ... (6 bytes))
1778190130: Sending PUBLISH to mqtt-explorer-5c916486 (d0, q0, r0, m0, '$SYS/broker/load/publish/received/1min', ... (4 bytes))
1778190130: Sending PUBLISH to mqtt-explorer-5c916486 (d0, q0, r0, m0, '$SYS/broker/load/publish/received/5min', ... (4 bytes))
1778190130: Sending PUBLISH to mqtt-explorer-5c916486 (d0, q0, r0, m0, '$SYS/broker/load/publish/sent/1min', ... (6 bytes))
1778190130: Sending PUBLISH to mqtt-explorer-5c916486 (d0, q0, r0, m0, '$SYS/broker/load/publish/sent/5min', ... (6 bytes))
1778190130: Sending PUBLISH to mqtt-explorer-5c916486 (d0, q0, r0, m0, '$SYS/broker/load/publish/sent/15min', ... (6 bytes))
1778190130: Sending PUBLISH to mqtt-explorer-5c916486 (d0, q0, r0, m0, '$SYS/broker/load/bytes/received/1min', ... (6 bytes))
1778190130: Sending PUBLISH to mqtt-explorer-5c916486 (d0, q0, r0, m0, '$SYS/broker/load/bytes/received/5min', ... (6 bytes))
1778190130: Sending PUBLISH to mqtt-explorer-5c916486 (d0, q0, r0, m0, '$SYS/broker/load/bytes/received/15min', ... (6 bytes))
1778190130: Sending PUBLISH to mqtt-explorer-5c916486 (d0, q0, r0, m0, '$SYS/broker/load/bytes/sent/1min', ... (8 bytes))
1778190130: Sending PUBLISH to mqtt-explorer-5c916486 (d0, q0, r0, m0, '$SYS/broker/load/bytes/sent/5min', ... (7 bytes))
1778190130: Sending PUBLISH to mqtt-explorer-5c916486 (d0, q0, r0, m0, '$SYS/broker/load/bytes/sent/15min', ... (7 bytes))
1778190130: Sending PUBLISH to mqtt-explorer-5c916486 (d0, q0, r0, m0, '$SYS/broker/load/sockets/1min', ... (4 bytes))
1778190130: Sending PUBLISH to mqtt-explorer-5c916486 (d0, q0, r0, m0, '$SYS/broker/load/sockets/5min', ... (4 bytes))
1778190130: Sending PUBLISH to mqtt-explorer-5c916486 (d0, q0, r0, m0, '$SYS/broker/load/sockets/15min', ... (4 bytes))
1778190130: Sending PUBLISH to mqtt-explorer-5c916486 (d0, q0, r0, m0, '$SYS/broker/load/connections/1min', ... (4 bytes))
1778190130: Sending PUBLISH to mqtt-explorer-5c916486 (d0, q0, r0, m0, '$SYS/broker/load/connections/5min', ... (4 bytes))
1778190130: Sending PUBLISH to mqtt-explorer-5c916486 (d0, q0, r0, m0, '$SYS/broker/load/connections/15min', ... (4 bytes))
1778190130: Sending PUBLISH to mqtt-explorer-5c916486 (d0, q0, r0, m0, '$SYS/broker/store/messages/bytes', ... (3 bytes))
1778190130: Sending PUBLISH to mqtt-explorer-5c916486 (d0, q0, r0, m0, '$SYS/broker/heap/current', ... (6 bytes))
1778190130: Sending PUBLISH to mqtt-explorer-5c916486 (d0, q0, r0, m0, '$SYS/broker/messages/received', ... (2 bytes))
1778190130: Sending PUBLISH to mqtt-explorer-5c916486 (d0, q0, r0, m0, '$SYS/broker/messages/sent', ... (4 bytes))
1778190130: Sending PUBLISH to mqtt-explorer-5c916486 (d0, q0, r0, m0, '$SYS/broker/bytes/received', ... (4 bytes))
1778190130: Sending PUBLISH to mqtt-explorer-5c916486 (d0, q0, r0, m0, '$SYS/broker/bytes/sent', ... (6 bytes))
1778190130: Sending PUBLISH to mqtt-explorer-5c916486 (d0, q0, r0, m0, '$SYS/broker/publish/bytes/sent', ... (5 bytes))
1778190130: Sending PUBLISH to mqtt-explorer-5c916486 (d0, q0, r0, m0, '$SYS/broker/connections/socket/count', ... (2 bytes))
1778190130: Sending PUBLISH to mqtt-explorer-5c916486 (d0, q0, r0, m0, '$SYS/broker/publish/messages/sent', ... (4 bytes))
1778190140: Sending PUBLISH to mqtt-explorer-5c916486 (d0, q0, r0, m0, '$SYS/broker/uptime', ... (11 bytes))
1778190140: Sending PUBLISH to mqtt-explorer-5c916486 (d0, q0, r0, m0, '$SYS/broker/load/messages/received/1min', ... (4 bytes))
1778190140: Sending PUBLISH to mqtt-explorer-5c916486 (d0, q0, r0, m0, '$SYS/broker/load/messages/received/5min', ... (4 bytes))
1778190140: Sending PUBLISH to mqtt-explorer-5c916486 (d0, q0, r0, m0, '$SYS/broker/load/messages/received/15min', ... (4 bytes))
1778190140: Sending PUBLISH to mqtt-explorer-5c916486 (d0, q0, r0, m0, '$SYS/broker/load/messages/sent/1min', ... (6 bytes))
1778190140: Sending PUBLISH to mqtt-explorer-5c916486 (d0, q0, r0, m0, '$SYS/broker/load/messages/sent/5min', ... (6 bytes))
1778190140: Sending PUBLISH to mqtt-explorer-5c916486 (d0, q0, r0, m0, '$SYS/broker/load/messages/sent/15min', ... (6 bytes))
1778190140: Sending PUBLISH to mqtt-explorer-5c916486 (d0, q0, r0, m0, '$SYS/broker/load/publish/received/1min', ... (4 bytes))
1778190140: Sending PUBLISH to mqtt-explorer-5c916486 (d0, q0, r0, m0, '$SYS/broker/load/publish/received/5min', ... (4 bytes))
1778190140: Sending PUBLISH to mqtt-explorer-5c916486 (d0, q0, r0, m0, '$SYS/broker/load/publish/sent/1min', ... (6 bytes))
1778190140: Sending PUBLISH to mqtt-explorer-5c916486 (d0, q0, r0, m0, '$SYS/broker/load/publish/sent/5min', ... (6 bytes))
1778190140: Sending PUBLISH to mqtt-explorer-5c916486 (d0, q0, r0, m0, '$SYS/broker/load/publish/sent/15min', ... (6 bytes))
1778190140: Sending PUBLISH to mqtt-explorer-5c916486 (d0, q0, r0, m0, '$SYS/broker/load/bytes/received/1min', ... (5 bytes))
1778190140: Sending PUBLISH to mqtt-explorer-5c916486 (d0, q0, r0, m0, '$SYS/broker/load/bytes/received/5min', ... (6 bytes))
1778190140: Sending PUBLISH to mqtt-explorer-5c916486 (d0, q0, r0, m0, '$SYS/broker/load/bytes/received/15min', ... (6 bytes))
1778190140: Sending PUBLISH to mqtt-explorer-5c916486 (d0, q0, r0, m0, '$SYS/broker/load/bytes/sent/1min', ... (7 bytes))
1778190140: Sending PUBLISH to mqtt-explorer-5c916486 (d0, q0, r0, m0, '$SYS/broker/load/bytes/sent/5min', ... (7 bytes))
1778190140: Sending PUBLISH to mqtt-explorer-5c916486 (d0, q0, r0, m0, '$SYS/broker/load/bytes/sent/15min', ... (7 bytes))
1778190140: Sending PUBLISH to mqtt-explorer-5c916486 (d0, q0, r0, m0, '$SYS/broker/load/sockets/1min', ... (4 bytes))
1778190140: Sending PUBLISH to mqtt-explorer-5c916486 (d0, q0, r0, m0, '$SYS/broker/load/sockets/5min', ... (4 bytes))
1778190140: Sending PUBLISH to mqtt-explorer-5c916486 (d0, q0, r0, m0, '$SYS/broker/load/sockets/15min', ... (4 bytes))
1778190140: Sending PUBLISH to mqtt-explorer-5c916486 (d0, q0, r0, m0, '$SYS/broker/load/connections/1min', ... (4 bytes))
1778190140: Sending PUBLISH to mqtt-explorer-5c916486 (d0, q0, r0, m0, '$SYS/broker/load/connections/5min', ... (4 bytes))
1778190140: Sending PUBLISH to mqtt-explorer-5c916486 (d0, q0, r0, m0, '$SYS/broker/load/connections/15min', ... (4 bytes))
1778190140: Sending PUBLISH to mqtt-explorer-5c916486 (d0, q0, r0, m0, '$SYS/broker/store/messages/bytes', ... (3 bytes))
1778190140: Sending PUBLISH to mqtt-explorer-5c916486 (d0, q0, r0, m0, '$SYS/broker/heap/current', ... (6 bytes))
1778190140: Sending PUBLISH to mqtt-explorer-5c916486 (d0, q0, r0, m0, '$SYS/broker/messages/sent', ... (4 bytes))
1778190140: Sending PUBLISH to mqtt-explorer-5c916486 (d0, q0, r0, m0, '$SYS/broker/bytes/sent', ... (6 bytes))
1778190140: Sending PUBLISH to mqtt-explorer-5c916486 (d0, q0, r0, m0, '$SYS/broker/publish/bytes/sent', ... (5 bytes))
1778190140: Sending PUBLISH to mqtt-explorer-5c916486 (d0, q0, r0, m0, '$SYS/broker/publish/messages/sent', ... (4 bytes))
1778190150: Sending PUBLISH to mqtt-explorer-5c916486 (d0, q0, r0, m0, '$SYS/broker/uptime', ... (11 bytes))
1778190150: Sending PUBLISH to mqtt-explorer-5c916486 (d0, q0, r0, m0, '$SYS/broker/load/messages/received/1min', ... (4 bytes))
1778190150: Sending PUBLISH to mqtt-explorer-5c916486 (d0, q0, r0, m0, '$SYS/broker/load/messages/received/5min', ... (4 bytes))
1778190150: Sending PUBLISH to mqtt-explorer-5c916486 (d0, q0, r0, m0, '$SYS/broker/load/messages/received/15min', ... (4 bytes))
1778190150: Sending PUBLISH to mqtt-explorer-5c916486 (d0, q0, r0, m0, '$SYS/broker/load/messages/sent/1min', ... (6 bytes))
1778190150: Sending PUBLISH to mqtt-explorer-5c916486 (d0, q0, r0, m0, '$SYS/broker/load/messages/sent/5min', ... (6 bytes))
1778190150: Sending PUBLISH to mqtt-explorer-5c916486 (d0, q0, r0, m0, '$SYS/broker/load/messages/sent/15min', ... (6 bytes))
1778190150: Sending PUBLISH to mqtt-explorer-5c916486 (d0, q0, r0, m0, '$SYS/broker/load/publish/received/1min', ... (4 bytes))
1778190150: Sending PUBLISH to mqtt-explorer-5c916486 (d0, q0, r0, m0, '$SYS/broker/load/publish/received/5min', ... (4 bytes))
1778190150: Sending PUBLISH to mqtt-explorer-5c916486 (d0, q0, r0, m0, '$SYS/broker/load/publish/sent/1min', ... (6 bytes))
1778190150: Sending PUBLISH to mqtt-explorer-5c916486 (d0, q0, r0, m0, '$SYS/broker/load/publish/sent/5min', ... (6 bytes))
1778190150: Sending PUBLISH to mqtt-explorer-5c916486 (d0, q0, r0, m0, '$SYS/broker/load/publish/sent/15min', ... (6 bytes))
1778190150: Sending PUBLISH to mqtt-explorer-5c916486 (d0, q0, r0, m0, '$SYS/broker/load/bytes/received/1min', ... (5 bytes))
1778190150: Sending PUBLISH to mqtt-explorer-5c916486 (d0, q0, r0, m0, '$SYS/broker/load/bytes/received/5min', ... (6 bytes))
1778190150: Sending PUBLISH to mqtt-explorer-5c916486 (d0, q0, r0, m0, '$SYS/broker/load/bytes/received/15min', ... (6 bytes))
1778190150: Sending PUBLISH to mqtt-explorer-5c916486 (d0, q0, r0, m0, '$SYS/broker/load/bytes/sent/1min', ... (7 bytes))
1778190150: Sending PUBLISH to mqtt-explorer-5c916486 (d0, q0, r0, m0, '$SYS/broker/load/bytes/sent/5min', ... (7 bytes))
1778190150: Sending PUBLISH to mqtt-explorer-5c916486 (d0, q0, r0, m0, '$SYS/broker/load/bytes/sent/15min', ... (7 bytes))
1778190150: Sending PUBLISH to mqtt-explorer-5c916486 (d0, q0, r0, m0, '$SYS/broker/load/sockets/1min', ... (4 bytes))
1778190150: Sending PUBLISH to mqtt-explorer-5c916486 (d0, q0, r0, m0, '$SYS/broker/load/sockets/5min', ... (4 bytes))
1778190150: Sending PUBLISH to mqtt-explorer-5c916486 (d0, q0, r0, m0, '$SYS/broker/load/sockets/15min', ... (4 bytes))
1778190150: Sending PUBLISH to mqtt-explorer-5c916486 (d0, q0, r0, m0, '$SYS/broker/load/connections/1min', ... (4 bytes))
1778190150: Sending PUBLISH to mqtt-explorer-5c916486 (d0, q0, r0, m0, '$SYS/broker/load/connections/5min', ... (4 bytes))
1778190150: Sending PUBLISH to mqtt-explorer-5c916486 (d0, q0, r0, m0, '$SYS/broker/load/connections/15min', ... (4 bytes))
1778190150: Sending PUBLISH to mqtt-explorer-5c916486 (d0, q0, r0, m0, '$SYS/broker/store/messages/bytes', ... (3 bytes))
1778190150: Sending PUBLISH to mqtt-explorer-5c916486 (d0, q0, r0, m0, '$SYS/broker/heap/current', ... (6 bytes))
1778190150: Sending PUBLISH to mqtt-explorer-5c916486 (d0, q0, r0, m0, '$SYS/broker/messages/sent', ... (4 bytes))
1778190150: Sending PUBLISH to mqtt-explorer-5c916486 (d0, q0, r0, m0, '$SYS/broker/bytes/sent', ... (6 bytes))
1778190150: Sending PUBLISH to mqtt-explorer-5c916486 (d0, q0, r0, m0, '$SYS/broker/publish/bytes/sent', ... (5 bytes))
1778190150: Sending PUBLISH to mqtt-explorer-5c916486 (d0, q0, r0, m0, '$SYS/broker/publish/messages/sent', ... (4 bytes))
1778190153: New connection from 127.0.0.1:33850 on port 1883.
1778190153: New client connected from 127.0.0.1:33850 as healthcheck (p4, c1, k60).
1778190153: No will message specified.
1778190153: Sending CONNACK to healthcheck (0, 0)
1778190153: Received SUBSCRIBE from healthcheck
1778190153: 	$SYS/# (QoS 0)
1778190153: healthcheck 0 $SYS/#
1778190153: Sending SUBACK to healthcheck
1778190153: Sending PUBLISH to healthcheck (d0, q0, r1, m0, '$SYS/broker/version', ... (23 bytes))
1778190153: Sending PUBLISH to healthcheck (d0, q0, r1, m0, '$SYS/broker/uptime', ... (11 bytes))
1778190153: Sending PUBLISH to healthcheck (d0, q0, r1, m0, '$SYS/broker/clients/total', ... (1 bytes))
1778190153: Sending PUBLISH to healthcheck (d0, q0, r1, m0, '$SYS/broker/clients/disconnected', ... (1 bytes))
1778190153: Sending PUBLISH to healthcheck (d0, q0, r1, m0, '$SYS/broker/clients/inactive', ... (1 bytes))
1778190153: Sending PUBLISH to healthcheck (d0, q0, r1, m0, '$SYS/broker/clients/connected', ... (1 bytes))
1778190153: Sending PUBLISH to healthcheck (d0, q0, r1, m0, '$SYS/broker/clients/active', ... (1 bytes))
1778190153: Sending PUBLISH to healthcheck (d0, q0, r1, m0, '$SYS/broker/clients/expired', ... (1 bytes))
1778190153: Sending PUBLISH to healthcheck (d0, q0, r1, m0, '$SYS/broker/clients/maximum', ... (1 bytes))
1778190153: Sending PUBLISH to healthcheck (d0, q0, r1, m0, '$SYS/broker/messages/stored', ... (2 bytes))
1778190153: Sending PUBLISH to healthcheck (d0, q0, r1, m0, '$SYS/broker/messages/received', ... (2 bytes))
1778190153: Sending PUBLISH to healthcheck (d0, q0, r1, m0, '$SYS/broker/messages/sent', ... (4 bytes))
1778190153: Sending PUBLISH to healthcheck (d0, q0, r1, m0, '$SYS/broker/store/messages/count', ... (2 bytes))
1778190153: Sending PUBLISH to healthcheck (d0, q0, r1, m0, '$SYS/broker/store/messages/bytes', ... (3 bytes))
1778190153: Sending PUBLISH to healthcheck (d0, q0, r1, m0, '$SYS/broker/subscriptions/count', ... (1 bytes))
1778190153: Sending PUBLISH to healthcheck (d0, q0, r1, m0, '$SYS/broker/shared_subscriptions/count', ... (1 bytes))
1778190153: Sending PUBLISH to healthcheck (d0, q0, r1, m0, '$SYS/broker/retained messages/count', ... (2 bytes))
1778190153: Sending PUBLISH to healthcheck (d0, q0, r1, m0, '$SYS/broker/heap/current', ... (6 bytes))
1778190153: Sending PUBLISH to healthcheck (d0, q0, r1, m0, '$SYS/broker/heap/maximum', ... (6 bytes))
1778190153: Sending PUBLISH to healthcheck (d0, q0, r1, m0, '$SYS/broker/bytes/received', ... (4 bytes))
1778190153: Sending PUBLISH to healthcheck (d0, q0, r1, m0, '$SYS/broker/bytes/sent', ... (6 bytes))
1778190153: Sending PUBLISH to healthcheck (d0, q0, r1, m0, '$SYS/broker/publish/bytes/received', ... (3 bytes))
1778190153: Sending PUBLISH to healthcheck (d0, q0, r1, m0, '$SYS/broker/publish/bytes/sent', ... (5 bytes))
1778190153: Sending PUBLISH to healthcheck (d0, q0, r1, m0, '$SYS/broker/publish/messages/dropped', ... (1 bytes))
1778190153: Sending PUBLISH to healthcheck (d0, q0, r1, m0, '$SYS/broker/publish/messages/received', ... (2 bytes))
1778190153: Sending PUBLISH to healthcheck (d0, q0, r1, m0, '$SYS/broker/publish/messages/sent', ... (4 bytes))
1778190153: Sending PUBLISH to healthcheck (d0, q0, r1, m0, '$SYS/broker/packet/out/count', ... (1 bytes))
1778190153: Sending PUBLISH to healthcheck (d0, q0, r1, m0, '$SYS/broker/packet/out/bytes', ... (1 bytes))
1778190153: Sending PUBLISH to healthcheck (d0, q0, r1, m0, '$SYS/broker/connections/socket/count', ... (2 bytes))
1778190153: Sending PUBLISH to healthcheck (d0, q0, r1, m0, '$SYS/broker/load/messages/received/1min', ... (4 bytes))
1778190153: Sending PUBLISH to healthcheck (d0, q0, r1, m0, '$SYS/broker/load/messages/received/5min', ... (4 bytes))
1778190153: Sending PUBLISH to healthcheck (d0, q0, r1, m0, '$SYS/broker/load/messages/received/15min', ... (4 bytes))
1778190153: Sending PUBLISH to healthcheck (d0, q0, r1, m0, '$SYS/broker/load/messages/sent/1min', ... (6 bytes))
1778190153: Sending PUBLISH to healthcheck (d0, q0, r1, m0, '$SYS/broker/load/messages/sent/5min', ... (6 bytes))
1778190153: Sending PUBLISH to healthcheck (d0, q0, r1, m0, '$SYS/broker/load/messages/sent/15min', ... (6 bytes))
1778190153: Sending PUBLISH to healthcheck (d0, q0, r1, m0, '$SYS/broker/load/publish/dropped/1min', ... (4 bytes))
1778190153: Sending PUBLISH to healthcheck (d0, q0, r1, m0, '$SYS/broker/load/publish/dropped/5min', ... (4 bytes))
1778190153: Sending PUBLISH to healthcheck (d0, q0, r1, m0, '$SYS/broker/load/publish/dropped/15min', ... (4 bytes))
1778190153: Sending PUBLISH to healthcheck (d0, q0, r1, m0, '$SYS/broker/load/publish/received/1min', ... (4 bytes))
1778190153: Sending PUBLISH to healthcheck (d0, q0, r1, m0, '$SYS/broker/load/publish/received/5min', ... (4 bytes))
1778190153: Sending PUBLISH to healthcheck (d0, q0, r1, m0, '$SYS/broker/load/publish/received/15min', ... (4 bytes))
1778190153: Sending PUBLISH to healthcheck (d0, q0, r1, m0, '$SYS/broker/load/publish/sent/1min', ... (6 bytes))
1778190153: Sending PUBLISH to healthcheck (d0, q0, r1, m0, '$SYS/broker/load/publish/sent/5min', ... (6 bytes))
1778190153: Sending PUBLISH to healthcheck (d0, q0, r1, m0, '$SYS/broker/load/publish/sent/15min', ... (6 bytes))
1778190153: Sending PUBLISH to healthcheck (d0, q0, r1, m0, '$SYS/broker/load/bytes/received/1min', ... (5 bytes))
1778190153: Sending PUBLISH to healthcheck (d0, q0, r1, m0, '$SYS/broker/load/bytes/received/5min', ... (6 bytes))
1778190153: Sending PUBLISH to healthcheck (d0, q0, r1, m0, '$SYS/broker/load/bytes/received/15min', ... (6 bytes))
1778190153: Sending PUBLISH to healthcheck (d0, q0, r1, m0, '$SYS/broker/load/bytes/sent/1min', ... (7 bytes))
1778190153: Sending PUBLISH to healthcheck (d0, q0, r1, m0, '$SYS/broker/load/bytes/sent/5min', ... (7 bytes))
1778190153: Sending PUBLISH to healthcheck (d0, q0, r1, m0, '$SYS/broker/load/bytes/sent/15min', ... (7 bytes))
1778190153: Sending PUBLISH to healthcheck (d0, q0, r1, m0, '$SYS/broker/load/sockets/1min', ... (4 bytes))
1778190153: Sending PUBLISH to healthcheck (d0, q0, r1, m0, '$SYS/broker/load/sockets/5min', ... (4 bytes))
1778190153: Sending PUBLISH to healthcheck (d0, q0, r1, m0, '$SYS/broker/load/sockets/15min', ... (4 bytes))
1778190153: Sending PUBLISH to healthcheck (d0, q0, r1, m0, '$SYS/broker/load/connections/1min', ... (4 bytes))
1778190153: Sending PUBLISH to healthcheck (d0, q0, r1, m0, '$SYS/broker/load/connections/5min', ... (4 bytes))
1778190153: Sending PUBLISH to healthcheck (d0, q0, r1, m0, '$SYS/broker/load/connections/15min', ... (4 bytes))
1778190153: Client healthcheck [127.0.0.1:33850] disconnected: connection closed by client.
1778190160: Sending PUBLISH to mqtt-explorer-5c916486 (d0, q0, r0, m0, '$SYS/broker/uptime', ... (11 bytes))
1778190160: Sending PUBLISH to mqtt-explorer-5c916486 (d0, q0, r0, m0, '$SYS/broker/load/messages/received/1min', ... (4 bytes))
1778190160: Sending PUBLISH to mqtt-explorer-5c916486 (d0, q0, r0, m0, '$SYS/broker/load/messages/received/5min', ... (4 bytes))
1778190160: Sending PUBLISH to mqtt-explorer-5c916486 (d0, q0, r0, m0, '$SYS/broker/load/messages/received/15min', ... (4 bytes))
1778190160: Sending PUBLISH to mqtt-explorer-5c916486 (d0, q0, r0, m0, '$SYS/broker/load/messages/sent/1min', ... (6 bytes))
1778190160: Sending PUBLISH to mqtt-explorer-5c916486 (d0, q0, r0, m0, '$SYS/broker/load/messages/sent/5min', ... (6 bytes))
1778190160: Sending PUBLISH to mqtt-explorer-5c916486 (d0, q0, r0, m0, '$SYS/broker/load/messages/sent/15min', ... (6 bytes))
1778190160: Sending PUBLISH to mqtt-explorer-5c916486 (d0, q0, r0, m0, '$SYS/broker/load/publish/received/1min', ... (4 bytes))
1778190160: Sending PUBLISH to mqtt-explorer-5c916486 (d0, q0, r0, m0, '$SYS/broker/load/publish/received/5min', ... (4 bytes))
1778190160: Sending PUBLISH to mqtt-explorer-5c916486 (d0, q0, r0, m0, '$SYS/broker/load/publish/sent/1min', ... (6 bytes))
1778190160: Sending PUBLISH to mqtt-explorer-5c916486 (d0, q0, r0, m0, '$SYS/broker/load/publish/sent/5min', ... (6 bytes))
1778190160: Sending PUBLISH to mqtt-explorer-5c916486 (d0, q0, r0, m0, '$SYS/broker/load/publish/sent/15min', ... (6 bytes))
1778190160: Sending PUBLISH to mqtt-explorer-5c916486 (d0, q0, r0, m0, '$SYS/broker/load/bytes/received/1min', ... (6 bytes))
1778190160: Sending PUBLISH to mqtt-explorer-5c916486 (d0, q0, r0, m0, '$SYS/broker/load/bytes/received/5min', ... (6 bytes))
1778190160: Sending PUBLISH to mqtt-explorer-5c916486 (d0, q0, r0, m0, '$SYS/broker/load/bytes/received/15min', ... (6 bytes))
1778190160: Sending PUBLISH to mqtt-explorer-5c916486 (d0, q0, r0, m0, '$SYS/broker/load/bytes/sent/1min', ... (8 bytes))
1778190160: Sending PUBLISH to mqtt-explorer-5c916486 (d0, q0, r0, m0, '$SYS/broker/load/bytes/sent/5min', ... (7 bytes))
1778190160: Sending PUBLISH to mqtt-explorer-5c916486 (d0, q0, r0, m0, '$SYS/broker/load/bytes/sent/15min', ... (7 bytes))
1778190160: Sending PUBLISH to mqtt-explorer-5c916486 (d0, q0, r0, m0, '$SYS/broker/load/sockets/1min', ... (4 bytes))
1778190160: Sending PUBLISH to mqtt-explorer-5c916486 (d0, q0, r0, m0, '$SYS/broker/load/sockets/5min', ... (4 bytes))
1778190160: Sending PUBLISH to mqtt-explorer-5c916486 (d0, q0, r0, m0, '$SYS/broker/load/sockets/15min', ... (4 bytes))
1778190160: Sending PUBLISH to mqtt-explorer-5c916486 (d0, q0, r0, m0, '$SYS/broker/load/connections/1min', ... (4 bytes))
1778190160: Sending PUBLISH to mqtt-explorer-5c916486 (d0, q0, r0, m0, '$SYS/broker/load/connections/5min', ... (4 bytes))
1778190160: Sending PUBLISH to mqtt-explorer-5c916486 (d0, q0, r0, m0, '$SYS/broker/load/connections/15min', ... (4 bytes))
1778190160: Sending PUBLISH to mqtt-explorer-5c916486 (d0, q0, r0, m0, '$SYS/broker/messages/received', ... (3 bytes))
1778190160: Sending PUBLISH to mqtt-explorer-5c916486 (d0, q0, r0, m0, '$SYS/broker/messages/sent', ... (4 bytes))
1778190160: Sending PUBLISH to mqtt-explorer-5c916486 (d0, q0, r0, m0, '$SYS/broker/bytes/received', ... (4 bytes))
1778190160: Sending PUBLISH to mqtt-explorer-5c916486 (d0, q0, r0, m0, '$SYS/broker/bytes/sent', ... (6 bytes))
1778190160: Sending PUBLISH to mqtt-explorer-5c916486 (d0, q0, r0, m0, '$SYS/broker/publish/bytes/sent', ... (5 bytes))
1778190160: Sending PUBLISH to mqtt-explorer-5c916486 (d0, q0, r0, m0, '$SYS/broker/connections/socket/count', ... (2 bytes))
1778190160: Sending PUBLISH to mqtt-explorer-5c916486 (d0, q0, r0, m0, '$SYS/broker/publish/messages/sent', ... (4 bytes))
1778190170: Sending PUBLISH to mqtt-explorer-5c916486 (d0, q0, r0, m0, '$SYS/broker/uptime', ... (11 bytes))
1778190170: Sending PUBLISH to mqtt-explorer-5c916486 (d0, q0, r0, m0, '$SYS/broker/load/messages/received/1min', ... (4 bytes))
1778190170: Sending PUBLISH to mqtt-explorer-5c916486 (d0, q0, r0, m0, '$SYS/broker/load/messages/received/5min', ... (4 bytes))
1778190170: Sending PUBLISH to mqtt-explorer-5c916486 (d0, q0, r0, m0, '$SYS/broker/load/messages/received/15min', ... (4 bytes))
1778190170: Sending PUBLISH to mqtt-explorer-5c916486 (d0, q0, r0, m0, '$SYS/broker/load/messages/sent/1min', ... (6 bytes))
1778190170: Sending PUBLISH to mqtt-explorer-5c916486 (d0, q0, r0, m0, '$SYS/broker/load/messages/sent/5min', ... (6 bytes))
1778190170: Sending PUBLISH to mqtt-explorer-5c916486 (d0, q0, r0, m0, '$SYS/broker/load/messages/sent/15min', ... (6 bytes))
1778190170: Sending PUBLISH to mqtt-explorer-5c916486 (d0, q0, r0, m0, '$SYS/broker/load/publish/received/1min', ... (4 bytes))
1778190170: Sending PUBLISH to mqtt-explorer-5c916486 (d0, q0, r0, m0, '$SYS/broker/load/publish/received/5min', ... (4 bytes))
1778190170: Sending PUBLISH to mqtt-explorer-5c916486 (d0, q0, r0, m0, '$SYS/broker/load/publish/sent/1min', ... (6 bytes))
1778190170: Sending PUBLISH to mqtt-explorer-5c916486 (d0, q0, r0, m0, '$SYS/broker/load/publish/sent/5min', ... (6 bytes))
1778190170: Sending PUBLISH to mqtt-explorer-5c916486 (d0, q0, r0, m0, '$SYS/broker/load/publish/sent/15min', ... (6 bytes))
1778190170: Sending PUBLISH to mqtt-explorer-5c916486 (d0, q0, r0, m0, '$SYS/broker/load/bytes/received/1min', ... (5 bytes))
1778190170: Sending PUBLISH to mqtt-explorer-5c916486 (d0, q0, r0, m0, '$SYS/broker/load/bytes/received/5min', ... (6 bytes))
1778190170: Sending PUBLISH to mqtt-explorer-5c916486 (d0, q0, r0, m0, '$SYS/broker/load/bytes/received/15min', ... (6 bytes))
1778190170: Sending PUBLISH to mqtt-explorer-5c916486 (d0, q0, r0, m0, '$SYS/broker/load/bytes/sent/1min', ... (7 bytes))
1778190170: Sending PUBLISH to mqtt-explorer-5c916486 (d0, q0, r0, m0, '$SYS/broker/load/bytes/sent/5min', ... (7 bytes))
1778190170: Sending PUBLISH to mqtt-explorer-5c916486 (d0, q0, r0, m0, '$SYS/broker/load/bytes/sent/15min', ... (7 bytes))
1778190170: Sending PUBLISH to mqtt-explorer-5c916486 (d0, q0, r0, m0, '$SYS/broker/load/sockets/1min', ... (4 bytes))
1778190170: Sending PUBLISH to mqtt-explorer-5c916486 (d0, q0, r0, m0, '$SYS/broker/load/sockets/5min', ... (4 bytes))
1778190170: Sending PUBLISH to mqtt-explorer-5c916486 (d0, q0, r0, m0, '$SYS/broker/load/sockets/15min', ... (4 bytes))
1778190170: Sending PUBLISH to mqtt-explorer-5c916486 (d0, q0, r0, m0, '$SYS/broker/load/connections/1min', ... (4 bytes))
1778190170: Sending PUBLISH to mqtt-explorer-5c916486 (d0, q0, r0, m0, '$SYS/broker/load/connections/5min', ... (4 bytes))
1778190170: Sending PUBLISH to mqtt-explorer-5c916486 (d0, q0, r0, m0, '$SYS/broker/load/connections/15min', ... (4 bytes))
1778190170: Sending PUBLISH to mqtt-explorer-5c916486 (d0, q0, r0, m0, '$SYS/broker/store/messages/bytes', ... (3 bytes))
1778190170: Sending PUBLISH to mqtt-explorer-5c916486 (d0, q0, r0, m0, '$SYS/broker/heap/current', ... (6 bytes))
1778190170: Sending PUBLISH to mqtt-explorer-5c916486 (d0, q0, r0, m0, '$SYS/broker/messages/sent', ... (4 bytes))
1778190170: Sending PUBLISH to mqtt-explorer-5c916486 (d0, q0, r0, m0, '$SYS/broker/bytes/sent', ... (6 bytes))
1778190170: Sending PUBLISH to mqtt-explorer-5c916486 (d0, q0, r0, m0, '$SYS/broker/publish/bytes/sent', ... (5 bytes))
1778190170: Sending PUBLISH to mqtt-explorer-5c916486 (d0, q0, r0, m0, '$SYS/broker/publish/messages/sent', ... (4 bytes))
1778190172: Received PINGREQ from ISIC-ESP8266-001
1778190172: Sending PINGRESP to ISIC-ESP8266-001
1778190180: Sending PUBLISH to mqtt-explorer-5c916486 (d0, q0, r0, m0, '$SYS/broker/uptime', ... (11 bytes))
1778190180: Sending PUBLISH to mqtt-explorer-5c916486 (d0, q0, r0, m0, '$SYS/broker/load/messages/received/1min', ... (4 bytes))
1778190180: Sending PUBLISH to mqtt-explorer-5c916486 (d0, q0, r0, m0, '$SYS/broker/load/messages/received/5min', ... (4 bytes))
1778190180: Sending PUBLISH to mqtt-explorer-5c916486 (d0, q0, r0, m0, '$SYS/broker/load/messages/received/15min', ... (4 bytes))
1778190180: Sending PUBLISH to mqtt-explorer-5c916486 (d0, q0, r0, m0, '$SYS/broker/load/messages/sent/1min', ... (6 bytes))
1778190180: Sending PUBLISH to mqtt-explorer-5c916486 (d0, q0, r0, m0, '$SYS/broker/load/messages/sent/5min', ... (6 bytes))
1778190180: Sending PUBLISH to mqtt-explorer-5c916486 (d0, q0, r0, m0, '$SYS/broker/load/messages/sent/15min', ... (6 bytes))
1778190180: Sending PUBLISH to mqtt-explorer-5c916486 (d0, q0, r0, m0, '$SYS/broker/load/publish/received/1min', ... (4 bytes))
1778190180: Sending PUBLISH to mqtt-explorer-5c916486 (d0, q0, r0, m0, '$SYS/broker/load/publish/received/5min', ... (4 bytes))
1778190180: Sending PUBLISH to mqtt-explorer-5c916486 (d0, q0, r0, m0, '$SYS/broker/load/publish/sent/1min', ... (6 bytes))
1778190180: Sending PUBLISH to mqtt-explorer-5c916486 (d0, q0, r0, m0, '$SYS/broker/load/publish/sent/5min', ... (6 bytes))
1778190180: Sending PUBLISH to mqtt-explorer-5c916486 (d0, q0, r0, m0, '$SYS/broker/load/publish/sent/15min', ... (6 bytes))
1778190180: Sending PUBLISH to mqtt-explorer-5c916486 (d0, q0, r0, m0, '$SYS/broker/load/bytes/received/1min', ... (5 bytes))
1778190180: Sending PUBLISH to mqtt-explorer-5c916486 (d0, q0, r0, m0, '$SYS/broker/load/bytes/received/5min', ... (6 bytes))
1778190180: Sending PUBLISH to mqtt-explorer-5c916486 (d0, q0, r0, m0, '$SYS/broker/load/bytes/received/15min', ... (6 bytes))
1778190180: Sending PUBLISH to mqtt-explorer-5c916486 (d0, q0, r0, m0, '$SYS/broker/load/bytes/sent/1min', ... (7 bytes))
1778190180: Sending PUBLISH to mqtt-explorer-5c916486 (d0, q0, r0, m0, '$SYS/broker/load/bytes/sent/5min', ... (7 bytes))
1778190180: Sending PUBLISH to mqtt-explorer-5c916486 (d0, q0, r0, m0, '$SYS/broker/load/bytes/sent/15min', ... (7 bytes))
1778190180: Sending PUBLISH to mqtt-explorer-5c916486 (d0, q0, r0, m0, '$SYS/broker/load/sockets/1min', ... (4 bytes))
1778190180: Sending PUBLISH to mqtt-explorer-5c916486 (d0, q0, r0, m0, '$SYS/broker/load/sockets/5min', ... (4 bytes))
1778190180: Sending PUBLISH to mqtt-explorer-5c916486 (d0, q0, r0, m0, '$SYS/broker/load/sockets/15min', ... (4 bytes))
1778190180: Sending PUBLISH to mqtt-explorer-5c916486 (d0, q0, r0, m0, '$SYS/broker/load/connections/1min', ... (4 bytes))
1778190180: Sending PUBLISH to mqtt-explorer-5c916486 (d0, q0, r0, m0, '$SYS/broker/load/connections/5min', ... (4 bytes))
1778190180: Sending PUBLISH to mqtt-explorer-5c916486 (d0, q0, r0, m0, '$SYS/broker/load/connections/15min', ... (4 bytes))
1778190180: Sending PUBLISH to mqtt-explorer-5c916486 (d0, q0, r0, m0, '$SYS/broker/store/messages/bytes', ... (3 bytes))
1778190180: Sending PUBLISH to mqtt-explorer-5c916486 (d0, q0, r0, m0, '$SYS/broker/heap/current', ... (6 bytes))
1778190180: Sending PUBLISH to mqtt-explorer-5c916486 (d0, q0, r0, m0, '$SYS/broker/messages/received', ... (3 bytes))
1778190180: Sending PUBLISH to mqtt-explorer-5c916486 (d0, q0, r0, m0, '$SYS/broker/messages/sent', ... (4 bytes))
1778190180: Sending PUBLISH to mqtt-explorer-5c916486 (d0, q0, r0, m0, '$SYS/broker/bytes/received', ... (4 bytes))
1778190180: Sending PUBLISH to mqtt-explorer-5c916486 (d0, q0, r0, m0, '$SYS/broker/bytes/sent', ... (6 bytes))
1778190180: Sending PUBLISH to mqtt-explorer-5c916486 (d0, q0, r0, m0, '$SYS/broker/publish/bytes/sent', ... (5 bytes))
1778190180: Sending PUBLISH to mqtt-explorer-5c916486 (d0, q0, r0, m0, '$SYS/broker/publish/messages/sent', ... (4 bytes))
1778190183: New connection from 127.0.0.1:53560 on port 1883.
1778190183: New client connected from 127.0.0.1:53560 as healthcheck (p4, c1, k60).
1778190183: No will message specified.
1778190183: Sending CONNACK to healthcheck (0, 0)
1778190183: Received SUBSCRIBE from healthcheck
1778190183: 	$SYS/# (QoS 0)
1778190183: healthcheck 0 $SYS/#
1778190183: Sending SUBACK to healthcheck
1778190183: Sending PUBLISH to healthcheck (d0, q0, r1, m0, '$SYS/broker/version', ... (23 bytes))
1778190183: Sending PUBLISH to healthcheck (d0, q0, r1, m0, '$SYS/broker/uptime', ... (11 bytes))
1778190183: Sending PUBLISH to healthcheck (d0, q0, r1, m0, '$SYS/broker/clients/total', ... (1 bytes))
1778190183: Sending PUBLISH to healthcheck (d0, q0, r1, m0, '$SYS/broker/clients/disconnected', ... (1 bytes))
1778190183: Sending PUBLISH to healthcheck (d0, q0, r1, m0, '$SYS/broker/clients/inactive', ... (1 bytes))
1778190183: Sending PUBLISH to healthcheck (d0, q0, r1, m0, '$SYS/broker/clients/connected', ... (1 bytes))
1778190183: Sending PUBLISH to healthcheck (d0, q0, r1, m0, '$SYS/broker/clients/active', ... (1 bytes))
1778190183: Sending PUBLISH to healthcheck (d0, q0, r1, m0, '$SYS/broker/clients/expired', ... (1 bytes))
1778190183: Sending PUBLISH to healthcheck (d0, q0, r1, m0, '$SYS/broker/clients/maximum', ... (1 bytes))
1778190183: Sending PUBLISH to healthcheck (d0, q0, r1, m0, '$SYS/broker/messages/stored', ... (2 bytes))
1778190183: Sending PUBLISH to healthcheck (d0, q0, r1, m0, '$SYS/broker/messages/received', ... (3 bytes))
1778190183: Sending PUBLISH to healthcheck (d0, q0, r1, m0, '$SYS/broker/messages/sent', ... (4 bytes))
1778190183: Sending PUBLISH to healthcheck (d0, q0, r1, m0, '$SYS/broker/store/messages/count', ... (2 bytes))
1778190183: Sending PUBLISH to healthcheck (d0, q0, r1, m0, '$SYS/broker/store/messages/bytes', ... (3 bytes))
1778190183: Sending PUBLISH to healthcheck (d0, q0, r1, m0, '$SYS/broker/subscriptions/count', ... (1 bytes))
1778190183: Sending PUBLISH to healthcheck (d0, q0, r1, m0, '$SYS/broker/shared_subscriptions/count', ... (1 bytes))
1778190183: Sending PUBLISH to healthcheck (d0, q0, r1, m0, '$SYS/broker/retained messages/count', ... (2 bytes))
1778190183: Sending PUBLISH to healthcheck (d0, q0, r1, m0, '$SYS/broker/heap/current', ... (6 bytes))
1778190183: Sending PUBLISH to healthcheck (d0, q0, r1, m0, '$SYS/broker/heap/maximum', ... (6 bytes))
1778190183: Sending PUBLISH to healthcheck (d0, q0, r1, m0, '$SYS/broker/bytes/received', ... (4 bytes))
1778190183: Sending PUBLISH to healthcheck (d0, q0, r1, m0, '$SYS/broker/bytes/sent', ... (6 bytes))
1778190183: Sending PUBLISH to healthcheck (d0, q0, r1, m0, '$SYS/broker/publish/bytes/received', ... (3 bytes))
1778190183: Sending PUBLISH to healthcheck (d0, q0, r1, m0, '$SYS/broker/publish/bytes/sent', ... (5 bytes))
1778190183: Sending PUBLISH to healthcheck (d0, q0, r1, m0, '$SYS/broker/publish/messages/dropped', ... (1 bytes))
1778190183: Sending PUBLISH to healthcheck (d0, q0, r1, m0, '$SYS/broker/publish/messages/received', ... (2 bytes))
1778190183: Sending PUBLISH to healthcheck (d0, q0, r1, m0, '$SYS/broker/publish/messages/sent', ... (4 bytes))
1778190183: Sending PUBLISH to healthcheck (d0, q0, r1, m0, '$SYS/broker/packet/out/count', ... (1 bytes))
1778190183: Sending PUBLISH to healthcheck (d0, q0, r1, m0, '$SYS/broker/packet/out/bytes', ... (1 bytes))
1778190183: Sending PUBLISH to healthcheck (d0, q0, r1, m0, '$SYS/broker/connections/socket/count', ... (2 bytes))
1778190183: Sending PUBLISH to healthcheck (d0, q0, r1, m0, '$SYS/broker/load/messages/received/1min', ... (4 bytes))
1778190183: Sending PUBLISH to healthcheck (d0, q0, r1, m0, '$SYS/broker/load/messages/received/5min', ... (4 bytes))
1778190183: Sending PUBLISH to healthcheck (d0, q0, r1, m0, '$SYS/broker/load/messages/received/15min', ... (4 bytes))
1778190183: Sending PUBLISH to healthcheck (d0, q0, r1, m0, '$SYS/broker/load/messages/sent/1min', ... (6 bytes))
1778190183: Sending PUBLISH to healthcheck (d0, q0, r1, m0, '$SYS/broker/load/messages/sent/5min', ... (6 bytes))
1778190183: Sending PUBLISH to healthcheck (d0, q0, r1, m0, '$SYS/broker/load/messages/sent/15min', ... (6 bytes))
1778190183: Sending PUBLISH to healthcheck (d0, q0, r1, m0, '$SYS/broker/load/publish/dropped/1min', ... (4 bytes))
1778190183: Sending PUBLISH to healthcheck (d0, q0, r1, m0, '$SYS/broker/load/publish/dropped/5min', ... (4 bytes))
1778190183: Sending PUBLISH to healthcheck (d0, q0, r1, m0, '$SYS/broker/load/publish/dropped/15min', ... (4 bytes))
1778190183: Sending PUBLISH to healthcheck (d0, q0, r1, m0, '$SYS/broker/load/publish/received/1min', ... (4 bytes))
1778190183: Sending PUBLISH to healthcheck (d0, q0, r1, m0, '$SYS/broker/load/publish/received/5min', ... (4 bytes))
1778190183: Sending PUBLISH to healthcheck (d0, q0, r1, m0, '$SYS/broker/load/publish/received/15min', ... (4 bytes))
1778190183: Sending PUBLISH to healthcheck (d0, q0, r1, m0, '$SYS/broker/load/publish/sent/1min', ... (6 bytes))
1778190183: Sending PUBLISH to healthcheck (d0, q0, r1, m0, '$SYS/broker/load/publish/sent/5min', ... (6 bytes))
1778190183: Sending PUBLISH to healthcheck (d0, q0, r1, m0, '$SYS/broker/load/publish/sent/15min', ... (6 bytes))
1778190183: Sending PUBLISH to healthcheck (d0, q0, r1, m0, '$SYS/broker/load/bytes/received/1min', ... (5 bytes))
1778190183: Sending PUBLISH to healthcheck (d0, q0, r1, m0, '$SYS/broker/load/bytes/received/5min', ... (6 bytes))
1778190183: Sending PUBLISH to healthcheck (d0, q0, r1, m0, '$SYS/broker/load/bytes/received/15min', ... (6 bytes))
1778190183: Sending PUBLISH to healthcheck (d0, q0, r1, m0, '$SYS/broker/load/bytes/sent/1min', ... (7 bytes))
1778190183: Sending PUBLISH to healthcheck (d0, q0, r1, m0, '$SYS/broker/load/bytes/sent/5min', ... (7 bytes))
1778190183: Sending PUBLISH to healthcheck (d0, q0, r1, m0, '$SYS/broker/load/bytes/sent/15min', ... (7 bytes))
1778190183: Sending PUBLISH to healthcheck (d0, q0, r1, m0, '$SYS/broker/load/sockets/1min', ... (4 bytes))
1778190183: Sending PUBLISH to healthcheck (d0, q0, r1, m0, '$SYS/broker/load/sockets/5min', ... (4 bytes))
1778190183: Sending PUBLISH to healthcheck (d0, q0, r1, m0, '$SYS/broker/load/sockets/15min', ... (4 bytes))
1778190183: Sending PUBLISH to healthcheck (d0, q0, r1, m0, '$SYS/broker/load/connections/1min', ... (4 bytes))
1778190183: Sending PUBLISH to healthcheck (d0, q0, r1, m0, '$SYS/broker/load/connections/5min', ... (4 bytes))
1778190183: Sending PUBLISH to healthcheck (d0, q0, r1, m0, '$SYS/broker/load/connections/15min', ... (4 bytes))
1778190183: Client healthcheck [127.0.0.1:53560] disconnected: connection closed by client.
1778190185: Received PINGREQ from mqtt-explorer-5c916486
1778190185: Sending PINGRESP to mqtt-explorer-5c916486
1778190190: Sending PUBLISH to mqtt-explorer-5c916486 (d0, q0, r0, m0, '$SYS/broker/uptime', ... (11 bytes))
1778190190: Sending PUBLISH to mqtt-explorer-5c916486 (d0, q0, r0, m0, '$SYS/broker/load/messages/received/1min', ... (4 bytes))
1778190190: Sending PUBLISH to mqtt-explorer-5c916486 (d0, q0, r0, m0, '$SYS/broker/load/messages/received/5min', ... (4 bytes))
1778190190: Sending PUBLISH to mqtt-explorer-5c916486 (d0, q0, r0, m0, '$SYS/broker/load/messages/received/15min', ... (4 bytes))
1778190190: Sending PUBLISH to mqtt-explorer-5c916486 (d0, q0, r0, m0, '$SYS/broker/load/messages/sent/1min', ... (6 bytes))
1778190190: Sending PUBLISH to mqtt-explorer-5c916486 (d0, q0, r0, m0, '$SYS/broker/load/messages/sent/5min', ... (6 bytes))
1778190190: Sending PUBLISH to mqtt-explorer-5c916486 (d0, q0, r0, m0, '$SYS/broker/load/messages/sent/15min', ... (6 bytes))
1778190190: Sending PUBLISH to mqtt-explorer-5c916486 (d0, q0, r0, m0, '$SYS/broker/load/publish/received/1min', ... (4 bytes))
1778190190: Sending PUBLISH to mqtt-explorer-5c916486 (d0, q0, r0, m0, '$SYS/broker/load/publish/received/5min', ... (4 bytes))
1778190190: Sending PUBLISH to mqtt-explorer-5c916486 (d0, q0, r0, m0, '$SYS/broker/load/publish/sent/1min', ... (6 bytes))
1778190190: Sending PUBLISH to mqtt-explorer-5c916486 (d0, q0, r0, m0, '$SYS/broker/load/publish/sent/5min', ... (6 bytes))
1778190190: Sending PUBLISH to mqtt-explorer-5c916486 (d0, q0, r0, m0, '$SYS/broker/load/publish/sent/15min', ... (6 bytes))
1778190190: Sending PUBLISH to mqtt-explorer-5c916486 (d0, q0, r0, m0, '$SYS/broker/load/bytes/received/1min', ... (6 bytes))
1778190190: Sending PUBLISH to mqtt-explorer-5c916486 (d0, q0, r0, m0, '$SYS/broker/load/bytes/received/5min', ... (6 bytes))
1778190190: Sending PUBLISH to mqtt-explorer-5c916486 (d0, q0, r0, m0, '$SYS/broker/load/bytes/received/15min', ... (6 bytes))
1778190190: Sending PUBLISH to mqtt-explorer-5c916486 (d0, q0, r0, m0, '$SYS/broker/load/bytes/sent/1min', ... (8 bytes))
1778190190: Sending PUBLISH to mqtt-explorer-5c916486 (d0, q0, r0, m0, '$SYS/broker/load/bytes/sent/5min', ... (7 bytes))
1778190190: Sending PUBLISH to mqtt-explorer-5c916486 (d0, q0, r0, m0, '$SYS/broker/load/bytes/sent/15min', ... (7 bytes))
1778190190: Sending PUBLISH to mqtt-explorer-5c916486 (d0, q0, r0, m0, '$SYS/broker/load/sockets/1min', ... (4 bytes))
1778190190: Sending PUBLISH to mqtt-explorer-5c916486 (d0, q0, r0, m0, '$SYS/broker/load/sockets/5min', ... (4 bytes))
1778190190: Sending PUBLISH to mqtt-explorer-5c916486 (d0, q0, r0, m0, '$SYS/broker/load/sockets/15min', ... (4 bytes))
1778190190: Sending PUBLISH to mqtt-explorer-5c916486 (d0, q0, r0, m0, '$SYS/broker/load/connections/1min', ... (4 bytes))
1778190190: Sending PUBLISH to mqtt-explorer-5c916486 (d0, q0, r0, m0, '$SYS/broker/load/connections/5min', ... (4 bytes))
1778190190: Sending PUBLISH to mqtt-explorer-5c916486 (d0, q0, r0, m0, '$SYS/broker/load/connections/15min', ... (4 bytes))
1778190190: Sending PUBLISH to mqtt-explorer-5c916486 (d0, q0, r0, m0, '$SYS/broker/heap/maximum', ... (6 bytes))
1778190190: Sending PUBLISH to mqtt-explorer-5c916486 (d0, q0, r0, m0, '$SYS/broker/messages/received', ... (3 bytes))
1778190190: Sending PUBLISH to mqtt-explorer-5c916486 (d0, q0, r0, m0, '$SYS/broker/messages/sent', ... (4 bytes))
1778190190: Sending PUBLISH to mqtt-explorer-5c916486 (d0, q0, r0, m0, '$SYS/broker/bytes/received', ... (4 bytes))
1778190190: Sending PUBLISH to mqtt-explorer-5c916486 (d0, q0, r0, m0, '$SYS/broker/bytes/sent', ... (6 bytes))
1778190190: Sending PUBLISH to mqtt-explorer-5c916486 (d0, q0, r0, m0, '$SYS/broker/publish/bytes/sent', ... (5 bytes))
1778190190: Sending PUBLISH to mqtt-explorer-5c916486 (d0, q0, r0, m0, '$SYS/broker/connections/socket/count', ... (2 bytes))
1778190190: Sending PUBLISH to mqtt-explorer-5c916486 (d0, q0, r0, m0, '$SYS/broker/publish/messages/sent', ... (4 bytes))
1778190200: Sending PUBLISH to mqtt-explorer-5c916486 (d0, q0, r0, m0, '$SYS/broker/uptime', ... (11 bytes))
1778190200: Sending PUBLISH to mqtt-explorer-5c916486 (d0, q0, r0, m0, '$SYS/broker/load/messages/received/1min', ... (4 bytes))
1778190200: Sending PUBLISH to mqtt-explorer-5c916486 (d0, q0, r0, m0, '$SYS/broker/load/messages/received/5min', ... (4 bytes))
1778190200: Sending PUBLISH to mqtt-explorer-5c916486 (d0, q0, r0, m0, '$SYS/broker/load/messages/received/15min', ... (4 bytes))
1778190200: Sending PUBLISH to mqtt-explorer-5c916486 (d0, q0, r0, m0, '$SYS/broker/load/messages/sent/1min', ... (6 bytes))
1778190200: Sending PUBLISH to mqtt-explorer-5c916486 (d0, q0, r0, m0, '$SYS/broker/load/messages/sent/5min', ... (6 bytes))
1778190200: Sending PUBLISH to mqtt-explorer-5c916486 (d0, q0, r0, m0, '$SYS/broker/load/messages/sent/15min', ... (6 bytes))
1778190200: Sending PUBLISH to mqtt-explorer-5c916486 (d0, q0, r0, m0, '$SYS/broker/load/publish/received/1min', ... (4 bytes))
1778190200: Sending PUBLISH to mqtt-explorer-5c916486 (d0, q0, r0, m0, '$SYS/broker/load/publish/received/5min', ... (4 bytes))
1778190200: Sending PUBLISH to mqtt-explorer-5c916486 (d0, q0, r0, m0, '$SYS/broker/load/publish/sent/1min', ... (6 bytes))
1778190200: Sending PUBLISH to mqtt-explorer-5c916486 (d0, q0, r0, m0, '$SYS/broker/load/publish/sent/5min', ... (6 bytes))
1778190200: Sending PUBLISH to mqtt-explorer-5c916486 (d0, q0, r0, m0, '$SYS/broker/load/publish/sent/15min', ... (6 bytes))
1778190200: Sending PUBLISH to mqtt-explorer-5c916486 (d0, q0, r0, m0, '$SYS/broker/load/bytes/received/1min', ... (5 bytes))
1778190200: Sending PUBLISH to mqtt-explorer-5c916486 (d0, q0, r0, m0, '$SYS/broker/load/bytes/received/5min', ... (6 bytes))
1778190200: Sending PUBLISH to mqtt-explorer-5c916486 (d0, q0, r0, m0, '$SYS/broker/load/bytes/received/15min', ... (6 bytes))
1778190200: Sending PUBLISH to mqtt-explorer-5c916486 (d0, q0, r0, m0, '$SYS/broker/load/bytes/sent/1min', ... (7 bytes))
1778190200: Sending PUBLISH to mqtt-explorer-5c916486 (d0, q0, r0, m0, '$SYS/broker/load/bytes/sent/5min', ... (7 bytes))
1778190200: Sending PUBLISH to mqtt-explorer-5c916486 (d0, q0, r0, m0, '$SYS/broker/load/bytes/sent/15min', ... (7 bytes))
1778190200: Sending PUBLISH to mqtt-explorer-5c916486 (d0, q0, r0, m0, '$SYS/broker/load/sockets/1min', ... (4 bytes))
1778190200: Sending PUBLISH to mqtt-explorer-5c916486 (d0, q0, r0, m0, '$SYS/broker/load/sockets/5min', ... (4 bytes))
1778190200: Sending PUBLISH to mqtt-explorer-5c916486 (d0, q0, r0, m0, '$SYS/broker/load/sockets/15min', ... (4 bytes))
1778190200: Sending PUBLISH to mqtt-explorer-5c916486 (d0, q0, r0, m0, '$SYS/broker/load/connections/1min', ... (4 bytes))
1778190200: Sending PUBLISH to mqtt-explorer-5c916486 (d0, q0, r0, m0, '$SYS/broker/load/connections/5min', ... (4 bytes))
1778190200: Sending PUBLISH to mqtt-explorer-5c916486 (d0, q0, r0, m0, '$SYS/broker/load/connections/15min', ... (4 bytes))
1778190200: Sending PUBLISH to mqtt-explorer-5c916486 (d0, q0, r0, m0, '$SYS/broker/store/messages/bytes', ... (3 bytes))
1778190200: Sending PUBLISH to mqtt-explorer-5c916486 (d0, q0, r0, m0, '$SYS/broker/heap/current', ... (6 bytes))
1778190200: Sending PUBLISH to mqtt-explorer-5c916486 (d0, q0, r0, m0, '$SYS/broker/messages/sent', ... (4 bytes))
1778190200: Sending PUBLISH to mqtt-explorer-5c916486 (d0, q0, r0, m0, '$SYS/broker/bytes/sent', ... (6 bytes))
1778190200: Sending PUBLISH to mqtt-explorer-5c916486 (d0, q0, r0, m0, '$SYS/broker/publish/bytes/sent', ... (5 bytes))
1778190200: Sending PUBLISH to mqtt-explorer-5c916486 (d0, q0, r0, m0, '$SYS/broker/publish/messages/sent', ... (4 bytes))
1778190210: Sending PUBLISH to mqtt-explorer-5c916486 (d0, q0, r0, m0, '$SYS/broker/uptime', ... (11 bytes))
1778190210: Sending PUBLISH to mqtt-explorer-5c916486 (d0, q0, r0, m0, '$SYS/broker/load/messages/received/1min', ... (4 bytes))
1778190210: Sending PUBLISH to mqtt-explorer-5c916486 (d0, q0, r0, m0, '$SYS/broker/load/messages/received/5min', ... (4 bytes))
1778190210: Sending PUBLISH to mqtt-explorer-5c916486 (d0, q0, r0, m0, '$SYS/broker/load/messages/received/15min', ... (4 bytes))
1778190210: Sending PUBLISH to mqtt-explorer-5c916486 (d0, q0, r0, m0, '$SYS/broker/load/messages/sent/1min', ... (6 bytes))
1778190210: Sending PUBLISH to mqtt-explorer-5c916486 (d0, q0, r0, m0, '$SYS/broker/load/messages/sent/5min', ... (6 bytes))
1778190210: Sending PUBLISH to mqtt-explorer-5c916486 (d0, q0, r0, m0, '$SYS/broker/load/messages/sent/15min', ... (6 bytes))
1778190210: Sending PUBLISH to mqtt-explorer-5c916486 (d0, q0, r0, m0, '$SYS/broker/load/publish/received/1min', ... (4 bytes))
1778190210: Sending PUBLISH to mqtt-explorer-5c916486 (d0, q0, r0, m0, '$SYS/broker/load/publish/received/5min', ... (4 bytes))
1778190210: Sending PUBLISH to mqtt-explorer-5c916486 (d0, q0, r0, m0, '$SYS/broker/load/publish/sent/1min', ... (6 bytes))
1778190210: Sending PUBLISH to mqtt-explorer-5c916486 (d0, q0, r0, m0, '$SYS/broker/load/publish/sent/5min', ... (6 bytes))
1778190210: Sending PUBLISH to mqtt-explorer-5c916486 (d0, q0, r0, m0, '$SYS/broker/load/publish/sent/15min', ... (6 bytes))
1778190210: Sending PUBLISH to mqtt-explorer-5c916486 (d0, q0, r0, m0, '$SYS/broker/load/bytes/received/1min', ... (5 bytes))
1778190210: Sending PUBLISH to mqtt-explorer-5c916486 (d0, q0, r0, m0, '$SYS/broker/load/bytes/received/5min', ... (6 bytes))
1778190210: Sending PUBLISH to mqtt-explorer-5c916486 (d0, q0, r0, m0, '$SYS/broker/load/bytes/received/15min', ... (6 bytes))
1778190210: Sending PUBLISH to mqtt-explorer-5c916486 (d0, q0, r0, m0, '$SYS/broker/load/bytes/sent/1min', ... (7 bytes))
1778190210: Sending PUBLISH to mqtt-explorer-5c916486 (d0, q0, r0, m0, '$SYS/broker/load/bytes/sent/5min', ... (7 bytes))
1778190210: Sending PUBLISH to mqtt-explorer-5c916486 (d0, q0, r0, m0, '$SYS/broker/load/bytes/sent/15min', ... (7 bytes))
1778190210: Sending PUBLISH to mqtt-explorer-5c916486 (d0, q0, r0, m0, '$SYS/broker/load/sockets/1min', ... (4 bytes))
1778190210: Sending PUBLISH to mqtt-explorer-5c916486 (d0, q0, r0, m0, '$SYS/broker/load/sockets/5min', ... (4 bytes))
1778190210: Sending PUBLISH to mqtt-explorer-5c916486 (d0, q0, r0, m0, '$SYS/broker/load/sockets/15min', ... (4 bytes))
1778190210: Sending PUBLISH to mqtt-explorer-5c916486 (d0, q0, r0, m0, '$SYS/broker/load/connections/1min', ... (4 bytes))
1778190210: Sending PUBLISH to mqtt-explorer-5c916486 (d0, q0, r0, m0, '$SYS/broker/load/connections/5min', ... (4 bytes))
1778190210: Sending PUBLISH to mqtt-explorer-5c916486 (d0, q0, r0, m0, '$SYS/broker/load/connections/15min', ... (4 bytes))
1778190210: Sending PUBLISH to mqtt-explorer-5c916486 (d0, q0, r0, m0, '$SYS/broker/store/messages/bytes', ... (3 bytes))
1778190210: Sending PUBLISH to mqtt-explorer-5c916486 (d0, q0, r0, m0, '$SYS/broker/heap/current', ... (6 bytes))
1778190210: Sending PUBLISH to mqtt-explorer-5c916486 (d0, q0, r0, m0, '$SYS/broker/messages/sent', ... (4 bytes))
1778190210: Sending PUBLISH to mqtt-explorer-5c916486 (d0, q0, r0, m0, '$SYS/broker/bytes/sent', ... (6 bytes))
1778190210: Sending PUBLISH to mqtt-explorer-5c916486 (d0, q0, r0, m0, '$SYS/broker/publish/bytes/sent', ... (5 bytes))
1778190210: Sending PUBLISH to mqtt-explorer-5c916486 (d0, q0, r0, m0, '$SYS/broker/publish/messages/sent', ... (4 bytes))
1778190213: New connection from 127.0.0.1:40560 on port 1883.
1778190213: New client connected from 127.0.0.1:40560 as healthcheck (p4, c1, k60).
1778190213: No will message specified.
1778190213: Sending CONNACK to healthcheck (0, 0)
1778190213: Received SUBSCRIBE from healthcheck
1778190213: 	$SYS/# (QoS 0)
1778190213: healthcheck 0 $SYS/#
1778190213: Sending SUBACK to healthcheck
1778190213: Sending PUBLISH to healthcheck (d0, q0, r1, m0, '$SYS/broker/version', ... (23 bytes))
1778190213: Sending PUBLISH to healthcheck (d0, q0, r1, m0, '$SYS/broker/uptime', ... (11 bytes))
1778190213: Sending PUBLISH to healthcheck (d0, q0, r1, m0, '$SYS/broker/clients/total', ... (1 bytes))
1778190213: Sending PUBLISH to healthcheck (d0, q0, r1, m0, '$SYS/broker/clients/disconnected', ... (1 bytes))
1778190213: Sending PUBLISH to healthcheck (d0, q0, r1, m0, '$SYS/broker/clients/inactive', ... (1 bytes))
1778190213: Sending PUBLISH to healthcheck (d0, q0, r1, m0, '$SYS/broker/clients/connected', ... (1 bytes))
1778190213: Sending PUBLISH to healthcheck (d0, q0, r1, m0, '$SYS/broker/clients/active', ... (1 bytes))
1778190213: Sending PUBLISH to healthcheck (d0, q0, r1, m0, '$SYS/broker/clients/expired', ... (1 bytes))
1778190213: Sending PUBLISH to healthcheck (d0, q0, r1, m0, '$SYS/broker/clients/maximum', ... (1 bytes))
1778190213: Sending PUBLISH to healthcheck (d0, q0, r1, m0, '$SYS/broker/messages/stored', ... (2 bytes))
1778190213: Sending PUBLISH to healthcheck (d0, q0, r1, m0, '$SYS/broker/messages/received', ... (3 bytes))
1778190213: Sending PUBLISH to healthcheck (d0, q0, r1, m0, '$SYS/broker/messages/sent', ... (4 bytes))
1778190213: Sending PUBLISH to healthcheck (d0, q0, r1, m0, '$SYS/broker/store/messages/count', ... (2 bytes))
1778190213: Sending PUBLISH to healthcheck (d0, q0, r1, m0, '$SYS/broker/store/messages/bytes', ... (3 bytes))
1778190213: Sending PUBLISH to healthcheck (d0, q0, r1, m0, '$SYS/broker/subscriptions/count', ... (1 bytes))
1778190213: Sending PUBLISH to healthcheck (d0, q0, r1, m0, '$SYS/broker/shared_subscriptions/count', ... (1 bytes))
1778190213: Sending PUBLISH to healthcheck (d0, q0, r1, m0, '$SYS/broker/retained messages/count', ... (2 bytes))
1778190213: Sending PUBLISH to healthcheck (d0, q0, r1, m0, '$SYS/broker/heap/current', ... (6 bytes))
1778190213: Sending PUBLISH to healthcheck (d0, q0, r1, m0, '$SYS/broker/heap/maximum', ... (6 bytes))
1778190213: Sending PUBLISH to healthcheck (d0, q0, r1, m0, '$SYS/broker/bytes/received', ... (4 bytes))
1778190213: Sending PUBLISH to healthcheck (d0, q0, r1, m0, '$SYS/broker/bytes/sent', ... (6 bytes))
1778190213: Sending PUBLISH to healthcheck (d0, q0, r1, m0, '$SYS/broker/publish/bytes/received', ... (3 bytes))
1778190213: Sending PUBLISH to healthcheck (d0, q0, r1, m0, '$SYS/broker/publish/bytes/sent', ... (5 bytes))
1778190213: Sending PUBLISH to healthcheck (d0, q0, r1, m0, '$SYS/broker/publish/messages/dropped', ... (1 bytes))
1778190213: Sending PUBLISH to healthcheck (d0, q0, r1, m0, '$SYS/broker/publish/messages/received', ... (2 bytes))
1778190213: Sending PUBLISH to healthcheck (d0, q0, r1, m0, '$SYS/broker/publish/messages/sent', ... (4 bytes))
1778190213: Sending PUBLISH to healthcheck (d0, q0, r1, m0, '$SYS/broker/packet/out/count', ... (1 bytes))
1778190213: Sending PUBLISH to healthcheck (d0, q0, r1, m0, '$SYS/broker/packet/out/bytes', ... (1 bytes))
1778190213: Sending PUBLISH to healthcheck (d0, q0, r1, m0, '$SYS/broker/connections/socket/count', ... (2 bytes))
1778190213: Sending PUBLISH to healthcheck (d0, q0, r1, m0, '$SYS/broker/load/messages/received/1min', ... (4 bytes))
1778190213: Sending PUBLISH to healthcheck (d0, q0, r1, m0, '$SYS/broker/load/messages/received/5min', ... (4 bytes))
1778190213: Sending PUBLISH to healthcheck (d0, q0, r1, m0, '$SYS/broker/load/messages/received/15min', ... (4 bytes))
1778190213: Sending PUBLISH to healthcheck (d0, q0, r1, m0, '$SYS/broker/load/messages/sent/1min', ... (6 bytes))
1778190213: Sending PUBLISH to healthcheck (d0, q0, r1, m0, '$SYS/broker/load/messages/sent/5min', ... (6 bytes))
1778190213: Sending PUBLISH to healthcheck (d0, q0, r1, m0, '$SYS/broker/load/messages/sent/15min', ... (6 bytes))
1778190213: Sending PUBLISH to healthcheck (d0, q0, r1, m0, '$SYS/broker/load/publish/dropped/1min', ... (4 bytes))
1778190213: Sending PUBLISH to healthcheck (d0, q0, r1, m0, '$SYS/broker/load/publish/dropped/5min', ... (4 bytes))
1778190213: Sending PUBLISH to healthcheck (d0, q0, r1, m0, '$SYS/broker/load/publish/dropped/15min', ... (4 bytes))
1778190213: Sending PUBLISH to healthcheck (d0, q0, r1, m0, '$SYS/broker/load/publish/received/1min', ... (4 bytes))
1778190213: Sending PUBLISH to healthcheck (d0, q0, r1, m0, '$SYS/broker/load/publish/received/5min', ... (4 bytes))
1778190213: Sending PUBLISH to healthcheck (d0, q0, r1, m0, '$SYS/broker/load/publish/received/15min', ... (4 bytes))
1778190213: Sending PUBLISH to healthcheck (d0, q0, r1, m0, '$SYS/broker/load/publish/sent/1min', ... (6 bytes))
1778190213: Sending PUBLISH to healthcheck (d0, q0, r1, m0, '$SYS/broker/load/publish/sent/5min', ... (6 bytes))
1778190213: Sending PUBLISH to healthcheck (d0, q0, r1, m0, '$SYS/broker/load/publish/sent/15min', ... (6 bytes))
1778190213: Sending PUBLISH to healthcheck (d0, q0, r1, m0, '$SYS/broker/load/bytes/received/1min', ... (5 bytes))
1778190213: Sending PUBLISH to healthcheck (d0, q0, r1, m0, '$SYS/broker/load/bytes/received/5min', ... (6 bytes))
1778190213: Sending PUBLISH to healthcheck (d0, q0, r1, m0, '$SYS/broker/load/bytes/received/15min', ... (6 bytes))
1778190213: Sending PUBLISH to healthcheck (d0, q0, r1, m0, '$SYS/broker/load/bytes/sent/1min', ... (7 bytes))
1778190213: Sending PUBLISH to healthcheck (d0, q0, r1, m0, '$SYS/broker/load/bytes/sent/5min', ... (7 bytes))
1778190213: Sending PUBLISH to healthcheck (d0, q0, r1, m0, '$SYS/broker/load/bytes/sent/15min', ... (7 bytes))
1778190213: Sending PUBLISH to healthcheck (d0, q0, r1, m0, '$SYS/broker/load/sockets/1min', ... (4 bytes))
1778190213: Sending PUBLISH to healthcheck (d0, q0, r1, m0, '$SYS/broker/load/sockets/5min', ... (4 bytes))
1778190213: Sending PUBLISH to healthcheck (d0, q0, r1, m0, '$SYS/broker/load/sockets/15min', ... (4 bytes))
1778190213: Sending PUBLISH to healthcheck (d0, q0, r1, m0, '$SYS/broker/load/connections/1min', ... (4 bytes))
1778190213: Sending PUBLISH to healthcheck (d0, q0, r1, m0, '$SYS/broker/load/connections/5min', ... (4 bytes))
1778190213: Sending PUBLISH to healthcheck (d0, q0, r1, m0, '$SYS/broker/load/connections/15min', ... (4 bytes))
1778190213: Client healthcheck [127.0.0.1:40560] disconnected: connection closed by client.
1778190220: Sending PUBLISH to mqtt-explorer-5c916486 (d0, q0, r0, m0, '$SYS/broker/uptime', ... (11 bytes))
1778190220: Sending PUBLISH to mqtt-explorer-5c916486 (d0, q0, r0, m0, '$SYS/broker/load/messages/received/1min', ... (4 bytes))
1778190220: Sending PUBLISH to mqtt-explorer-5c916486 (d0, q0, r0, m0, '$SYS/broker/load/messages/received/5min', ... (4 bytes))
1778190220: Sending PUBLISH to mqtt-explorer-5c916486 (d0, q0, r0, m0, '$SYS/broker/load/messages/received/15min', ... (4 bytes))
1778190220: Sending PUBLISH to mqtt-explorer-5c916486 (d0, q0, r0, m0, '$SYS/broker/load/messages/sent/1min', ... (6 bytes))
1778190220: Sending PUBLISH to mqtt-explorer-5c916486 (d0, q0, r0, m0, '$SYS/broker/load/messages/sent/5min', ... (6 bytes))
1778190220: Sending PUBLISH to mqtt-explorer-5c916486 (d0, q0, r0, m0, '$SYS/broker/load/messages/sent/15min', ... (6 bytes))
1778190220: Sending PUBLISH to mqtt-explorer-5c916486 (d0, q0, r0, m0, '$SYS/broker/load/publish/received/5min', ... (4 bytes))
1778190220: Sending PUBLISH to mqtt-explorer-5c916486 (d0, q0, r0, m0, '$SYS/broker/load/publish/sent/1min', ... (6 bytes))
1778190220: Sending PUBLISH to mqtt-explorer-5c916486 (d0, q0, r0, m0, '$SYS/broker/load/publish/sent/5min', ... (6 bytes))
1778190220: Sending PUBLISH to mqtt-explorer-5c916486 (d0, q0, r0, m0, '$SYS/broker/load/publish/sent/15min', ... (6 bytes))
1778190220: Sending PUBLISH to mqtt-explorer-5c916486 (d0, q0, r0, m0, '$SYS/broker/load/bytes/received/1min', ... (5 bytes))
1778190220: Sending PUBLISH to mqtt-explorer-5c916486 (d0, q0, r0, m0, '$SYS/broker/load/bytes/received/5min', ... (6 bytes))
1778190220: Sending PUBLISH to mqtt-explorer-5c916486 (d0, q0, r0, m0, '$SYS/broker/load/bytes/received/15min', ... (6 bytes))
1778190220: Sending PUBLISH to mqtt-explorer-5c916486 (d0, q0, r0, m0, '$SYS/broker/load/bytes/sent/1min', ... (8 bytes))
1778190220: Sending PUBLISH to mqtt-explorer-5c916486 (d0, q0, r0, m0, '$SYS/broker/load/bytes/sent/5min', ... (7 bytes))
1778190220: Sending PUBLISH to mqtt-explorer-5c916486 (d0, q0, r0, m0, '$SYS/broker/load/bytes/sent/15min', ... (7 bytes))
1778190220: Sending PUBLISH to mqtt-explorer-5c916486 (d0, q0, r0, m0, '$SYS/broker/load/sockets/1min', ... (4 bytes))
1778190220: Sending PUBLISH to mqtt-explorer-5c916486 (d0, q0, r0, m0, '$SYS/broker/load/sockets/5min', ... (4 bytes))
1778190220: Sending PUBLISH to mqtt-explorer-5c916486 (d0, q0, r0, m0, '$SYS/broker/load/sockets/15min', ... (4 bytes))
1778190220: Sending PUBLISH to mqtt-explorer-5c916486 (d0, q0, r0, m0, '$SYS/broker/load/connections/1min', ... (4 bytes))
1778190220: Sending PUBLISH to mqtt-explorer-5c916486 (d0, q0, r0, m0, '$SYS/broker/load/connections/5min', ... (4 bytes))
1778190220: Sending PUBLISH to mqtt-explorer-5c916486 (d0, q0, r0, m0, '$SYS/broker/load/connections/15min', ... (4 bytes))
1778190220: Sending PUBLISH to mqtt-explorer-5c916486 (d0, q0, r0, m0, '$SYS/broker/messages/received', ... (3 bytes))
1778190220: Sending PUBLISH to mqtt-explorer-5c916486 (d0, q0, r0, m0, '$SYS/broker/messages/sent', ... (4 bytes))
1778190220: Sending PUBLISH to mqtt-explorer-5c916486 (d0, q0, r0, m0, '$SYS/broker/bytes/received', ... (4 bytes))
1778190220: Sending PUBLISH to mqtt-explorer-5c916486 (d0, q0, r0, m0, '$SYS/broker/bytes/sent', ... (6 bytes))
1778190220: Sending PUBLISH to mqtt-explorer-5c916486 (d0, q0, r0, m0, '$SYS/broker/publish/bytes/sent', ... (5 bytes))
1778190220: Sending PUBLISH to mqtt-explorer-5c916486 (d0, q0, r0, m0, '$SYS/broker/connections/socket/count', ... (2 bytes))
1778190220: Sending PUBLISH to mqtt-explorer-5c916486 (d0, q0, r0, m0, '$SYS/broker/publish/messages/sent', ... (4 bytes))
1778190230: Sending PUBLISH to mqtt-explorer-5c916486 (d0, q0, r0, m0, '$SYS/broker/uptime', ... (11 bytes))
1778190230: Sending PUBLISH to mqtt-explorer-5c916486 (d0, q0, r0, m0, '$SYS/broker/load/messages/received/1min', ... (4 bytes))
1778190230: Sending PUBLISH to mqtt-explorer-5c916486 (d0, q0, r0, m0, '$SYS/broker/load/messages/received/5min', ... (4 bytes))
1778190230: Sending PUBLISH to mqtt-explorer-5c916486 (d0, q0, r0, m0, '$SYS/broker/load/messages/received/15min', ... (4 bytes))
1778190230: Sending PUBLISH to mqtt-explorer-5c916486 (d0, q0, r0, m0, '$SYS/broker/load/messages/sent/1min', ... (6 bytes))
1778190230: Sending PUBLISH to mqtt-explorer-5c916486 (d0, q0, r0, m0, '$SYS/broker/load/messages/sent/5min', ... (6 bytes))
1778190230: Sending PUBLISH to mqtt-explorer-5c916486 (d0, q0, r0, m0, '$SYS/broker/load/messages/sent/15min', ... (6 bytes))
1778190230: Sending PUBLISH to mqtt-explorer-5c916486 (d0, q0, r0, m0, '$SYS/broker/load/publish/received/5min', ... (4 bytes))
1778190230: Sending PUBLISH to mqtt-explorer-5c916486 (d0, q0, r0, m0, '$SYS/broker/load/publish/sent/1min', ... (6 bytes))
1778190230: Sending PUBLISH to mqtt-explorer-5c916486 (d0, q0, r0, m0, '$SYS/broker/load/publish/sent/5min', ... (6 bytes))
1778190230: Sending PUBLISH to mqtt-explorer-5c916486 (d0, q0, r0, m0, '$SYS/broker/load/publish/sent/15min', ... (6 bytes))
1778190230: Sending PUBLISH to mqtt-explorer-5c916486 (d0, q0, r0, m0, '$SYS/broker/load/bytes/received/1min', ... (5 bytes))
1778190230: Sending PUBLISH to mqtt-explorer-5c916486 (d0, q0, r0, m0, '$SYS/broker/load/bytes/received/5min', ... (6 bytes))
1778190230: Sending PUBLISH to mqtt-explorer-5c916486 (d0, q0, r0, m0, '$SYS/broker/load/bytes/received/15min', ... (6 bytes))
1778190230: Sending PUBLISH to mqtt-explorer-5c916486 (d0, q0, r0, m0, '$SYS/broker/load/bytes/sent/1min', ... (7 bytes))
1778190230: Sending PUBLISH to mqtt-explorer-5c916486 (d0, q0, r0, m0, '$SYS/broker/load/bytes/sent/5min', ... (7 bytes))
1778190230: Sending PUBLISH to mqtt-explorer-5c916486 (d0, q0, r0, m0, '$SYS/broker/load/bytes/sent/15min', ... (7 bytes))
1778190230: Sending PUBLISH to mqtt-explorer-5c916486 (d0, q0, r0, m0, '$SYS/broker/load/sockets/1min', ... (4 bytes))
1778190230: Sending PUBLISH to mqtt-explorer-5c916486 (d0, q0, r0, m0, '$SYS/broker/load/sockets/5min', ... (4 bytes))
1778190230: Sending PUBLISH to mqtt-explorer-5c916486 (d0, q0, r0, m0, '$SYS/broker/load/sockets/15min', ... (4 bytes))
1778190230: Sending PUBLISH to mqtt-explorer-5c916486 (d0, q0, r0, m0, '$SYS/broker/load/connections/1min', ... (4 bytes))
1778190230: Sending PUBLISH to mqtt-explorer-5c916486 (d0, q0, r0, m0, '$SYS/broker/load/connections/5min', ... (4 bytes))
1778190230: Sending PUBLISH to mqtt-explorer-5c916486 (d0, q0, r0, m0, '$SYS/broker/load/connections/15min', ... (4 bytes))
1778190230: Sending PUBLISH to mqtt-explorer-5c916486 (d0, q0, r0, m0, '$SYS/broker/store/messages/bytes', ... (3 bytes))
1778190230: Sending PUBLISH to mqtt-explorer-5c916486 (d0, q0, r0, m0, '$SYS/broker/heap/current', ... (6 bytes))
1778190230: Sending PUBLISH to mqtt-explorer-5c916486 (d0, q0, r0, m0, '$SYS/broker/messages/sent', ... (4 bytes))
1778190230: Sending PUBLISH to mqtt-explorer-5c916486 (d0, q0, r0, m0, '$SYS/broker/bytes/sent', ... (6 bytes))
1778190230: Sending PUBLISH to mqtt-explorer-5c916486 (d0, q0, r0, m0, '$SYS/broker/publish/bytes/sent', ... (5 bytes))
1778190230: Sending PUBLISH to mqtt-explorer-5c916486 (d0, q0, r0, m0, '$SYS/broker/publish/messages/sent', ... (4 bytes))
1778190233: Received PINGREQ from ISIC-ESP8266-001
1778190233: Sending PINGRESP to ISIC-ESP8266-001
1778190240: Sending PUBLISH to mqtt-explorer-5c916486 (d0, q0, r0, m0, '$SYS/broker/uptime', ... (11 bytes))
1778190240: Sending PUBLISH to mqtt-explorer-5c916486 (d0, q0, r0, m0, '$SYS/broker/load/messages/received/1min', ... (4 bytes))
1778190240: Sending PUBLISH to mqtt-explorer-5c916486 (d0, q0, r0, m0, '$SYS/broker/load/messages/received/5min', ... (4 bytes))
1778190240: Sending PUBLISH to mqtt-explorer-5c916486 (d0, q0, r0, m0, '$SYS/broker/load/messages/received/15min', ... (4 bytes))
1778190240: Sending PUBLISH to mqtt-explorer-5c916486 (d0, q0, r0, m0, '$SYS/broker/load/messages/sent/1min', ... (6 bytes))
1778190240: Sending PUBLISH to mqtt-explorer-5c916486 (d0, q0, r0, m0, '$SYS/broker/load/messages/sent/5min', ... (6 bytes))
1778190240: Sending PUBLISH to mqtt-explorer-5c916486 (d0, q0, r0, m0, '$SYS/broker/load/messages/sent/15min', ... (6 bytes))
1778190240: Sending PUBLISH to mqtt-explorer-5c916486 (d0, q0, r0, m0, '$SYS/broker/load/publish/received/5min', ... (4 bytes))
1778190240: Sending PUBLISH to mqtt-explorer-5c916486 (d0, q0, r0, m0, '$SYS/broker/load/publish/sent/1min', ... (6 bytes))
1778190240: Sending PUBLISH to mqtt-explorer-5c916486 (d0, q0, r0, m0, '$SYS/broker/load/publish/sent/5min', ... (6 bytes))
1778190240: Sending PUBLISH to mqtt-explorer-5c916486 (d0, q0, r0, m0, '$SYS/broker/load/publish/sent/15min', ... (6 bytes))
1778190240: Sending PUBLISH to mqtt-explorer-5c916486 (d0, q0, r0, m0, '$SYS/broker/load/bytes/received/1min', ... (5 bytes))
1778190240: Sending PUBLISH to mqtt-explorer-5c916486 (d0, q0, r0, m0, '$SYS/broker/load/bytes/received/5min', ... (6 bytes))
1778190240: Sending PUBLISH to mqtt-explorer-5c916486 (d0, q0, r0, m0, '$SYS/broker/load/bytes/received/15min', ... (6 bytes))
1778190240: Sending PUBLISH to mqtt-explorer-5c916486 (d0, q0, r0, m0, '$SYS/broker/load/bytes/sent/1min', ... (7 bytes))
1778190240: Sending PUBLISH to mqtt-explorer-5c916486 (d0, q0, r0, m0, '$SYS/broker/load/bytes/sent/5min', ... (7 bytes))
1778190240: Sending PUBLISH to mqtt-explorer-5c916486 (d0, q0, r0, m0, '$SYS/broker/load/bytes/sent/15min', ... (7 bytes))
1778190240: Sending PUBLISH to mqtt-explorer-5c916486 (d0, q0, r0, m0, '$SYS/broker/load/sockets/1min', ... (4 bytes))
1778190240: Sending PUBLISH to mqtt-explorer-5c916486 (d0, q0, r0, m0, '$SYS/broker/load/sockets/5min', ... (4 bytes))
1778190240: Sending PUBLISH to mqtt-explorer-5c916486 (d0, q0, r0, m0, '$SYS/broker/load/sockets/15min', ... (4 bytes))
1778190240: Sending PUBLISH to mqtt-explorer-5c916486 (d0, q0, r0, m0, '$SYS/broker/load/connections/1min', ... (4 bytes))
1778190240: Sending PUBLISH to mqtt-explorer-5c916486 (d0, q0, r0, m0, '$SYS/broker/load/connections/5min', ... (4 bytes))
1778190240: Sending PUBLISH to mqtt-explorer-5c916486 (d0, q0, r0, m0, '$SYS/broker/load/connections/15min', ... (4 bytes))
1778190240: Sending PUBLISH to mqtt-explorer-5c916486 (d0, q0, r0, m0, '$SYS/broker/store/messages/bytes', ... (3 bytes))
1778190240: Sending PUBLISH to mqtt-explorer-5c916486 (d0, q0, r0, m0, '$SYS/broker/heap/current', ... (6 bytes))
1778190240: Sending PUBLISH to mqtt-explorer-5c916486 (d0, q0, r0, m0, '$SYS/broker/messages/received', ... (3 bytes))
1778190240: Sending PUBLISH to mqtt-explorer-5c916486 (d0, q0, r0, m0, '$SYS/broker/messages/sent', ... (4 bytes))
1778190240: Sending PUBLISH to mqtt-explorer-5c916486 (d0, q0, r0, m0, '$SYS/broker/bytes/received', ... (4 bytes))
1778190240: Sending PUBLISH to mqtt-explorer-5c916486 (d0, q0, r0, m0, '$SYS/broker/bytes/sent', ... (6 bytes))
1778190240: Sending PUBLISH to mqtt-explorer-5c916486 (d0, q0, r0, m0, '$SYS/broker/publish/bytes/sent', ... (5 bytes))
1778190240: Sending PUBLISH to mqtt-explorer-5c916486 (d0, q0, r0, m0, '$SYS/broker/publish/messages/sent', ... (4 bytes))
1778190243: New connection from 127.0.0.1:34084 on port 1883.
1778190243: New client connected from 127.0.0.1:34084 as healthcheck (p4, c1, k60).
1778190243: No will message specified.
1778190243: Sending CONNACK to healthcheck (0, 0)
1778190243: Received SUBSCRIBE from healthcheck
1778190243: 	$SYS/# (QoS 0)
1778190243: healthcheck 0 $SYS/#
1778190243: Sending SUBACK to healthcheck
1778190243: Sending PUBLISH to healthcheck (d0, q0, r1, m0, '$SYS/broker/version', ... (23 bytes))
1778190243: Sending PUBLISH to healthcheck (d0, q0, r1, m0, '$SYS/broker/uptime', ... (11 bytes))
1778190243: Sending PUBLISH to healthcheck (d0, q0, r1, m0, '$SYS/broker/clients/total', ... (1 bytes))
1778190243: Sending PUBLISH to healthcheck (d0, q0, r1, m0, '$SYS/broker/clients/disconnected', ... (1 bytes))
1778190243: Sending PUBLISH to healthcheck (d0, q0, r1, m0, '$SYS/broker/clients/inactive', ... (1 bytes))
1778190243: Sending PUBLISH to healthcheck (d0, q0, r1, m0, '$SYS/broker/clients/connected', ... (1 bytes))
1778190243: Sending PUBLISH to healthcheck (d0, q0, r1, m0, '$SYS/broker/clients/active', ... (1 bytes))
1778190243: Sending PUBLISH to healthcheck (d0, q0, r1, m0, '$SYS/broker/clients/expired', ... (1 bytes))
1778190243: Sending PUBLISH to healthcheck (d0, q0, r1, m0, '$SYS/broker/clients/maximum', ... (1 bytes))
1778190243: Sending PUBLISH to healthcheck (d0, q0, r1, m0, '$SYS/broker/messages/stored', ... (2 bytes))
1778190243: Sending PUBLISH to healthcheck (d0, q0, r1, m0, '$SYS/broker/messages/received', ... (3 bytes))
1778190243: Sending PUBLISH to healthcheck (d0, q0, r1, m0, '$SYS/broker/messages/sent', ... (4 bytes))
1778190243: Sending PUBLISH to healthcheck (d0, q0, r1, m0, '$SYS/broker/store/messages/count', ... (2 bytes))
1778190243: Sending PUBLISH to healthcheck (d0, q0, r1, m0, '$SYS/broker/store/messages/bytes', ... (3 bytes))
1778190243: Sending PUBLISH to healthcheck (d0, q0, r1, m0, '$SYS/broker/subscriptions/count', ... (1 bytes))
1778190243: Sending PUBLISH to healthcheck (d0, q0, r1, m0, '$SYS/broker/shared_subscriptions/count', ... (1 bytes))
1778190243: Sending PUBLISH to healthcheck (d0, q0, r1, m0, '$SYS/broker/retained messages/count', ... (2 bytes))
1778190243: Sending PUBLISH to healthcheck (d0, q0, r1, m0, '$SYS/broker/heap/current', ... (6 bytes))
1778190243: Sending PUBLISH to healthcheck (d0, q0, r1, m0, '$SYS/broker/heap/maximum', ... (6 bytes))
1778190243: Sending PUBLISH to healthcheck (d0, q0, r1, m0, '$SYS/broker/bytes/received', ... (4 bytes))
1778190243: Sending PUBLISH to healthcheck (d0, q0, r1, m0, '$SYS/broker/bytes/sent', ... (6 bytes))
1778190243: Sending PUBLISH to healthcheck (d0, q0, r1, m0, '$SYS/broker/publish/bytes/received', ... (3 bytes))
1778190243: Sending PUBLISH to healthcheck (d0, q0, r1, m0, '$SYS/broker/publish/bytes/sent', ... (5 bytes))
1778190243: Sending PUBLISH to healthcheck (d0, q0, r1, m0, '$SYS/broker/publish/messages/dropped', ... (1 bytes))
1778190243: Sending PUBLISH to healthcheck (d0, q0, r1, m0, '$SYS/broker/publish/messages/received', ... (2 bytes))
1778190243: Sending PUBLISH to healthcheck (d0, q0, r1, m0, '$SYS/broker/publish/messages/sent', ... (4 bytes))
1778190243: Sending PUBLISH to healthcheck (d0, q0, r1, m0, '$SYS/broker/packet/out/count', ... (1 bytes))
1778190243: Sending PUBLISH to healthcheck (d0, q0, r1, m0, '$SYS/broker/packet/out/bytes', ... (1 bytes))
1778190243: Sending PUBLISH to healthcheck (d0, q0, r1, m0, '$SYS/broker/connections/socket/count', ... (2 bytes))
1778190243: Sending PUBLISH to healthcheck (d0, q0, r1, m0, '$SYS/broker/load/messages/received/1min', ... (4 bytes))
1778190243: Sending PUBLISH to healthcheck (d0, q0, r1, m0, '$SYS/broker/load/messages/received/5min', ... (4 bytes))
1778190243: Sending PUBLISH to healthcheck (d0, q0, r1, m0, '$SYS/broker/load/messages/received/15min', ... (4 bytes))
1778190243: Sending PUBLISH to healthcheck (d0, q0, r1, m0, '$SYS/broker/load/messages/sent/1min', ... (6 bytes))
1778190243: Sending PUBLISH to healthcheck (d0, q0, r1, m0, '$SYS/broker/load/messages/sent/5min', ... (6 bytes))
1778190243: Sending PUBLISH to healthcheck (d0, q0, r1, m0, '$SYS/broker/load/messages/sent/15min', ... (6 bytes))
1778190243: Sending PUBLISH to healthcheck (d0, q0, r1, m0, '$SYS/broker/load/publish/dropped/1min', ... (4 bytes))
1778190243: Sending PUBLISH to healthcheck (d0, q0, r1, m0, '$SYS/broker/load/publish/dropped/5min', ... (4 bytes))
1778190243: Sending PUBLISH to healthcheck (d0, q0, r1, m0, '$SYS/broker/load/publish/dropped/15min', ... (4 bytes))
1778190243: Sending PUBLISH to healthcheck (d0, q0, r1, m0, '$SYS/broker/load/publish/received/1min', ... (4 bytes))
1778190243: Sending PUBLISH to healthcheck (d0, q0, r1, m0, '$SYS/broker/load/publish/received/5min', ... (4 bytes))
1778190243: Sending PUBLISH to healthcheck (d0, q0, r1, m0, '$SYS/broker/load/publish/received/15min', ... (4 bytes))
1778190243: Sending PUBLISH to healthcheck (d0, q0, r1, m0, '$SYS/broker/load/publish/sent/1min', ... (6 bytes))
1778190243: Sending PUBLISH to healthcheck (d0, q0, r1, m0, '$SYS/broker/load/publish/sent/5min', ... (6 bytes))
1778190243: Sending PUBLISH to healthcheck (d0, q0, r1, m0, '$SYS/broker/load/publish/sent/15min', ... (6 bytes))
1778190243: Sending PUBLISH to healthcheck (d0, q0, r1, m0, '$SYS/broker/load/bytes/received/1min', ... (5 bytes))
1778190243: Sending PUBLISH to healthcheck (d0, q0, r1, m0, '$SYS/broker/load/bytes/received/5min', ... (6 bytes))
1778190243: Sending PUBLISH to healthcheck (d0, q0, r1, m0, '$SYS/broker/load/bytes/received/15min', ... (6 bytes))
1778190243: Sending PUBLISH to healthcheck (d0, q0, r1, m0, '$SYS/broker/load/bytes/sent/1min', ... (7 bytes))
1778190243: Sending PUBLISH to healthcheck (d0, q0, r1, m0, '$SYS/broker/load/bytes/sent/5min', ... (7 bytes))
1778190243: Sending PUBLISH to healthcheck (d0, q0, r1, m0, '$SYS/broker/load/bytes/sent/15min', ... (7 bytes))
1778190243: Sending PUBLISH to healthcheck (d0, q0, r1, m0, '$SYS/broker/load/sockets/1min', ... (4 bytes))
1778190243: Sending PUBLISH to healthcheck (d0, q0, r1, m0, '$SYS/broker/load/sockets/5min', ... (4 bytes))
1778190243: Sending PUBLISH to healthcheck (d0, q0, r1, m0, '$SYS/broker/load/sockets/15min', ... (4 bytes))
1778190243: Sending PUBLISH to healthcheck (d0, q0, r1, m0, '$SYS/broker/load/connections/1min', ... (4 bytes))
1778190243: Sending PUBLISH to healthcheck (d0, q0, r1, m0, '$SYS/broker/load/connections/5min', ... (4 bytes))
1778190243: Sending PUBLISH to healthcheck (d0, q0, r1, m0, '$SYS/broker/load/connections/15min', ... (4 bytes))
1778190243: Client healthcheck [127.0.0.1:34084] disconnected: connection closed by client.
1778190245: Received PINGREQ from mqtt-explorer-5c916486
1778190245: Sending PINGRESP to mqtt-explorer-5c916486
1778190250: Sending PUBLISH to mqtt-explorer-5c916486 (d0, q0, r0, m0, '$SYS/broker/uptime', ... (11 bytes))
1778190250: Sending PUBLISH to mqtt-explorer-5c916486 (d0, q0, r0, m0, '$SYS/broker/load/messages/received/1min', ... (4 bytes))
1778190250: Sending PUBLISH to mqtt-explorer-5c916486 (d0, q0, r0, m0, '$SYS/broker/load/messages/received/5min', ... (4 bytes))
1778190250: Sending PUBLISH to mqtt-explorer-5c916486 (d0, q0, r0, m0, '$SYS/broker/load/messages/received/15min', ... (4 bytes))
1778190250: Sending PUBLISH to mqtt-explorer-5c916486 (d0, q0, r0, m0, '$SYS/broker/load/messages/sent/1min', ... (6 bytes))
1778190250: Sending PUBLISH to mqtt-explorer-5c916486 (d0, q0, r0, m0, '$SYS/broker/load/messages/sent/5min', ... (6 bytes))
1778190250: Sending PUBLISH to mqtt-explorer-5c916486 (d0, q0, r0, m0, '$SYS/broker/load/messages/sent/15min', ... (6 bytes))
1778190250: Sending PUBLISH to mqtt-explorer-5c916486 (d0, q0, r0, m0, '$SYS/broker/load/publish/received/5min', ... (4 bytes))
1778190250: Sending PUBLISH to mqtt-explorer-5c916486 (d0, q0, r0, m0, '$SYS/broker/load/publish/sent/1min', ... (6 bytes))
1778190250: Sending PUBLISH to mqtt-explorer-5c916486 (d0, q0, r0, m0, '$SYS/broker/load/publish/sent/5min', ... (6 bytes))
1778190250: Sending PUBLISH to mqtt-explorer-5c916486 (d0, q0, r0, m0, '$SYS/broker/load/publish/sent/15min', ... (6 bytes))
1778190250: Sending PUBLISH to mqtt-explorer-5c916486 (d0, q0, r0, m0, '$SYS/broker/load/bytes/received/1min', ... (5 bytes))
1778190250: Sending PUBLISH to mqtt-explorer-5c916486 (d0, q0, r0, m0, '$SYS/broker/load/bytes/received/5min', ... (6 bytes))
1778190250: Sending PUBLISH to mqtt-explorer-5c916486 (d0, q0, r0, m0, '$SYS/broker/load/bytes/received/15min', ... (6 bytes))
1778190250: Sending PUBLISH to mqtt-explorer-5c916486 (d0, q0, r0, m0, '$SYS/broker/load/bytes/sent/1min', ... (7 bytes))
1778190250: Sending PUBLISH to mqtt-explorer-5c916486 (d0, q0, r0, m0, '$SYS/broker/load/bytes/sent/5min', ... (7 bytes))
1778190250: Sending PUBLISH to mqtt-explorer-5c916486 (d0, q0, r0, m0, '$SYS/broker/load/bytes/sent/15min', ... (7 bytes))
1778190250: Sending PUBLISH to mqtt-explorer-5c916486 (d0, q0, r0, m0, '$SYS/broker/load/sockets/1min', ... (4 bytes))
1778190250: Sending PUBLISH to mqtt-explorer-5c916486 (d0, q0, r0, m0, '$SYS/broker/load/sockets/5min', ... (4 bytes))
1778190250: Sending PUBLISH to mqtt-explorer-5c916486 (d0, q0, r0, m0, '$SYS/broker/load/sockets/15min', ... (4 bytes))
1778190250: Sending PUBLISH to mqtt-explorer-5c916486 (d0, q0, r0, m0, '$SYS/broker/load/connections/1min', ... (4 bytes))
1778190250: Sending PUBLISH to mqtt-explorer-5c916486 (d0, q0, r0, m0, '$SYS/broker/load/connections/5min', ... (4 bytes))
1778190250: Sending PUBLISH to mqtt-explorer-5c916486 (d0, q0, r0, m0, '$SYS/broker/load/connections/15min', ... (4 bytes))
1778190250: Sending PUBLISH to mqtt-explorer-5c916486 (d0, q0, r0, m0, '$SYS/broker/messages/received', ... (3 bytes))
1778190250: Sending PUBLISH to mqtt-explorer-5c916486 (d0, q0, r0, m0, '$SYS/broker/messages/sent', ... (4 bytes))
1778190250: Sending PUBLISH to mqtt-explorer-5c916486 (d0, q0, r0, m0, '$SYS/broker/bytes/received', ... (4 bytes))
1778190250: Sending PUBLISH to mqtt-explorer-5c916486 (d0, q0, r0, m0, '$SYS/broker/bytes/sent', ... (6 bytes))
1778190250: Sending PUBLISH to mqtt-explorer-5c916486 (d0, q0, r0, m0, '$SYS/broker/publish/bytes/sent', ... (5 bytes))
1778190250: Sending PUBLISH to mqtt-explorer-5c916486 (d0, q0, r0, m0, '$SYS/broker/connections/socket/count', ... (2 bytes))
1778190250: Sending PUBLISH to mqtt-explorer-5c916486 (d0, q0, r0, m0, '$SYS/broker/publish/messages/sent', ... (4 bytes))
1778190260: Sending PUBLISH to mqtt-explorer-5c916486 (d0, q0, r0, m0, '$SYS/broker/uptime', ... (11 bytes))
1778190260: Sending PUBLISH to mqtt-explorer-5c916486 (d0, q0, r0, m0, '$SYS/broker/load/messages/received/1min', ... (4 bytes))
1778190260: Sending PUBLISH to mqtt-explorer-5c916486 (d0, q0, r0, m0, '$SYS/broker/load/messages/received/5min', ... (4 bytes))
1778190260: Sending PUBLISH to mqtt-explorer-5c916486 (d0, q0, r0, m0, '$SYS/broker/load/messages/received/15min', ... (4 bytes))
1778190260: Sending PUBLISH to mqtt-explorer-5c916486 (d0, q0, r0, m0, '$SYS/broker/load/messages/sent/1min', ... (6 bytes))
1778190260: Sending PUBLISH to mqtt-explorer-5c916486 (d0, q0, r0, m0, '$SYS/broker/load/messages/sent/5min', ... (6 bytes))
1778190260: Sending PUBLISH to mqtt-explorer-5c916486 (d0, q0, r0, m0, '$SYS/broker/load/messages/sent/15min', ... (6 bytes))
1778190260: Sending PUBLISH to mqtt-explorer-5c916486 (d0, q0, r0, m0, '$SYS/broker/load/publish/received/5min', ... (4 bytes))
1778190260: Sending PUBLISH to mqtt-explorer-5c916486 (d0, q0, r0, m0, '$SYS/broker/load/publish/sent/1min', ... (6 bytes))
1778190260: Sending PUBLISH to mqtt-explorer-5c916486 (d0, q0, r0, m0, '$SYS/broker/load/publish/sent/5min', ... (6 bytes))
1778190260: Sending PUBLISH to mqtt-explorer-5c916486 (d0, q0, r0, m0, '$SYS/broker/load/publish/sent/15min', ... (6 bytes))
1778190260: Sending PUBLISH to mqtt-explorer-5c916486 (d0, q0, r0, m0, '$SYS/broker/load/bytes/received/1min', ... (5 bytes))
1778190260: Sending PUBLISH to mqtt-explorer-5c916486 (d0, q0, r0, m0, '$SYS/broker/load/bytes/received/5min', ... (6 bytes))
1778190260: Sending PUBLISH to mqtt-explorer-5c916486 (d0, q0, r0, m0, '$SYS/broker/load/bytes/received/15min', ... (6 bytes))
1778190260: Sending PUBLISH to mqtt-explorer-5c916486 (d0, q0, r0, m0, '$SYS/broker/load/bytes/sent/1min', ... (7 bytes))
1778190260: Sending PUBLISH to mqtt-explorer-5c916486 (d0, q0, r0, m0, '$SYS/broker/load/bytes/sent/5min', ... (7 bytes))
1778190260: Sending PUBLISH to mqtt-explorer-5c916486 (d0, q0, r0, m0, '$SYS/broker/load/bytes/sent/15min', ... (7 bytes))
1778190260: Sending PUBLISH to mqtt-explorer-5c916486 (d0, q0, r0, m0, '$SYS/broker/load/sockets/1min', ... (4 bytes))
1778190260: Sending PUBLISH to mqtt-explorer-5c916486 (d0, q0, r0, m0, '$SYS/broker/load/sockets/5min', ... (4 bytes))
1778190260: Sending PUBLISH to mqtt-explorer-5c916486 (d0, q0, r0, m0, '$SYS/broker/load/sockets/15min', ... (4 bytes))
1778190260: Sending PUBLISH to mqtt-explorer-5c916486 (d0, q0, r0, m0, '$SYS/broker/load/connections/1min', ... (4 bytes))
1778190260: Sending PUBLISH to mqtt-explorer-5c916486 (d0, q0, r0, m0, '$SYS/broker/load/connections/5min', ... (4 bytes))
1778190260: Sending PUBLISH to mqtt-explorer-5c916486 (d0, q0, r0, m0, '$SYS/broker/load/connections/15min', ... (4 bytes))
1778190260: Sending PUBLISH to mqtt-explorer-5c916486 (d0, q0, r0, m0, '$SYS/broker/messages/sent', ... (4 bytes))
1778190260: Sending PUBLISH to mqtt-explorer-5c916486 (d0, q0, r0, m0, '$SYS/broker/bytes/sent', ... (6 bytes))
1778190260: Sending PUBLISH to mqtt-explorer-5c916486 (d0, q0, r0, m0, '$SYS/broker/publish/bytes/sent', ... (5 bytes))
1778190260: Sending PUBLISH to mqtt-explorer-5c916486 (d0, q0, r0, m0, '$SYS/broker/publish/messages/sent', ... (4 bytes))
1778190270: Sending PUBLISH to mqtt-explorer-5c916486 (d0, q0, r0, m0, '$SYS/broker/uptime', ... (11 bytes))
1778190270: Sending PUBLISH to mqtt-explorer-5c916486 (d0, q0, r0, m0, '$SYS/broker/load/messages/received/1min', ... (4 bytes))
1778190270: Sending PUBLISH to mqtt-explorer-5c916486 (d0, q0, r0, m0, '$SYS/broker/load/messages/received/5min', ... (4 bytes))
1778190270: Sending PUBLISH to mqtt-explorer-5c916486 (d0, q0, r0, m0, '$SYS/broker/load/messages/received/15min', ... (4 bytes))
1778190270: Sending PUBLISH to mqtt-explorer-5c916486 (d0, q0, r0, m0, '$SYS/broker/load/messages/sent/1min', ... (6 bytes))
1778190270: Sending PUBLISH to mqtt-explorer-5c916486 (d0, q0, r0, m0, '$SYS/broker/load/messages/sent/5min', ... (6 bytes))
1778190270: Sending PUBLISH to mqtt-explorer-5c916486 (d0, q0, r0, m0, '$SYS/broker/load/messages/sent/15min', ... (6 bytes))
1778190270: Sending PUBLISH to mqtt-explorer-5c916486 (d0, q0, r0, m0, '$SYS/broker/load/publish/received/5min', ... (4 bytes))
1778190270: Sending PUBLISH to mqtt-explorer-5c916486 (d0, q0, r0, m0, '$SYS/broker/load/publish/sent/1min', ... (6 bytes))
1778190270: Sending PUBLISH to mqtt-explorer-5c916486 (d0, q0, r0, m0, '$SYS/broker/load/publish/sent/5min', ... (6 bytes))
1778190270: Sending PUBLISH to mqtt-explorer-5c916486 (d0, q0, r0, m0, '$SYS/broker/load/publish/sent/15min', ... (6 bytes))
1778190270: Sending PUBLISH to mqtt-explorer-5c916486 (d0, q0, r0, m0, '$SYS/broker/load/bytes/received/1min', ... (5 bytes))
1778190270: Sending PUBLISH to mqtt-explorer-5c916486 (d0, q0, r0, m0, '$SYS/broker/load/bytes/received/5min', ... (6 bytes))
1778190270: Sending PUBLISH to mqtt-explorer-5c916486 (d0, q0, r0, m0, '$SYS/broker/load/bytes/received/15min', ... (6 bytes))
1778190270: Sending PUBLISH to mqtt-explorer-5c916486 (d0, q0, r0, m0, '$SYS/broker/load/bytes/sent/1min', ... (7 bytes))
1778190270: Sending PUBLISH to mqtt-explorer-5c916486 (d0, q0, r0, m0, '$SYS/broker/load/bytes/sent/5min', ... (7 bytes))
1778190270: Sending PUBLISH to mqtt-explorer-5c916486 (d0, q0, r0, m0, '$SYS/broker/load/bytes/sent/15min', ... (7 bytes))
1778190270: Sending PUBLISH to mqtt-explorer-5c916486 (d0, q0, r0, m0, '$SYS/broker/load/sockets/1min', ... (4 bytes))
1778190270: Sending PUBLISH to mqtt-explorer-5c916486 (d0, q0, r0, m0, '$SYS/broker/load/sockets/5min', ... (4 bytes))
1778190270: Sending PUBLISH to mqtt-explorer-5c916486 (d0, q0, r0, m0, '$SYS/broker/load/sockets/15min', ... (4 bytes))
1778190270: Sending PUBLISH to mqtt-explorer-5c916486 (d0, q0, r0, m0, '$SYS/broker/load/connections/1min', ... (4 bytes))
1778190270: Sending PUBLISH to mqtt-explorer-5c916486 (d0, q0, r0, m0, '$SYS/broker/load/connections/5min', ... (4 bytes))
1778190270: Sending PUBLISH to mqtt-explorer-5c916486 (d0, q0, r0, m0, '$SYS/broker/load/connections/15min', ... (4 bytes))
1778190270: Sending PUBLISH to mqtt-explorer-5c916486 (d0, q0, r0, m0, '$SYS/broker/messages/sent', ... (4 bytes))
1778190270: Sending PUBLISH to mqtt-explorer-5c916486 (d0, q0, r0, m0, '$SYS/broker/bytes/sent', ... (6 bytes))
1778190270: Sending PUBLISH to mqtt-explorer-5c916486 (d0, q0, r0, m0, '$SYS/broker/publish/bytes/sent', ... (5 bytes))
1778190270: Sending PUBLISH to mqtt-explorer-5c916486 (d0, q0, r0, m0, '$SYS/broker/publish/messages/sent', ... (4 bytes))
1778190273: New connection from 127.0.0.1:55476 on port 1883.
1778190273: New client connected from 127.0.0.1:55476 as healthcheck (p4, c1, k60).
1778190273: No will message specified.
1778190273: Sending CONNACK to healthcheck (0, 0)
1778190273: Received SUBSCRIBE from healthcheck
1778190273: 	$SYS/# (QoS 0)
1778190273: healthcheck 0 $SYS/#
1778190273: Sending SUBACK to healthcheck
1778190273: Sending PUBLISH to healthcheck (d0, q0, r1, m0, '$SYS/broker/version', ... (23 bytes))
1778190273: Sending PUBLISH to healthcheck (d0, q0, r1, m0, '$SYS/broker/uptime', ... (11 bytes))
1778190273: Sending PUBLISH to healthcheck (d0, q0, r1, m0, '$SYS/broker/clients/total', ... (1 bytes))
1778190273: Sending PUBLISH to healthcheck (d0, q0, r1, m0, '$SYS/broker/clients/disconnected', ... (1 bytes))
1778190273: Sending PUBLISH to healthcheck (d0, q0, r1, m0, '$SYS/broker/clients/inactive', ... (1 bytes))
1778190273: Sending PUBLISH to healthcheck (d0, q0, r1, m0, '$SYS/broker/clients/connected', ... (1 bytes))
1778190273: Sending PUBLISH to healthcheck (d0, q0, r1, m0, '$SYS/broker/clients/active', ... (1 bytes))
1778190273: Sending PUBLISH to healthcheck (d0, q0, r1, m0, '$SYS/broker/clients/expired', ... (1 bytes))
1778190273: Sending PUBLISH to healthcheck (d0, q0, r1, m0, '$SYS/broker/clients/maximum', ... (1 bytes))
1778190273: Sending PUBLISH to healthcheck (d0, q0, r1, m0, '$SYS/broker/messages/stored', ... (2 bytes))
1778190273: Sending PUBLISH to healthcheck (d0, q0, r1, m0, '$SYS/broker/messages/received', ... (3 bytes))
1778190273: Sending PUBLISH to healthcheck (d0, q0, r1, m0, '$SYS/broker/messages/sent', ... (4 bytes))
1778190273: Sending PUBLISH to healthcheck (d0, q0, r1, m0, '$SYS/broker/store/messages/count', ... (2 bytes))
1778190273: Sending PUBLISH to healthcheck (d0, q0, r1, m0, '$SYS/broker/store/messages/bytes', ... (3 bytes))
1778190273: Sending PUBLISH to healthcheck (d0, q0, r1, m0, '$SYS/broker/subscriptions/count', ... (1 bytes))
1778190273: Sending PUBLISH to healthcheck (d0, q0, r1, m0, '$SYS/broker/shared_subscriptions/count', ... (1 bytes))
1778190273: Sending PUBLISH to healthcheck (d0, q0, r1, m0, '$SYS/broker/retained messages/count', ... (2 bytes))
1778190273: Sending PUBLISH to healthcheck (d0, q0, r1, m0, '$SYS/broker/heap/current', ... (6 bytes))
1778190273: Sending PUBLISH to healthcheck (d0, q0, r1, m0, '$SYS/broker/heap/maximum', ... (6 bytes))
1778190273: Sending PUBLISH to healthcheck (d0, q0, r1, m0, '$SYS/broker/bytes/received', ... (4 bytes))
1778190273: Sending PUBLISH to healthcheck (d0, q0, r1, m0, '$SYS/broker/bytes/sent', ... (6 bytes))
1778190273: Sending PUBLISH to healthcheck (d0, q0, r1, m0, '$SYS/broker/publish/bytes/received', ... (3 bytes))
1778190273: Sending PUBLISH to healthcheck (d0, q0, r1, m0, '$SYS/broker/publish/bytes/sent', ... (5 bytes))
1778190273: Sending PUBLISH to healthcheck (d0, q0, r1, m0, '$SYS/broker/publish/messages/dropped', ... (1 bytes))
1778190273: Sending PUBLISH to healthcheck (d0, q0, r1, m0, '$SYS/broker/publish/messages/received', ... (2 bytes))
1778190273: Sending PUBLISH to healthcheck (d0, q0, r1, m0, '$SYS/broker/publish/messages/sent', ... (4 bytes))
1778190273: Sending PUBLISH to healthcheck (d0, q0, r1, m0, '$SYS/broker/packet/out/count', ... (1 bytes))
1778190273: Sending PUBLISH to healthcheck (d0, q0, r1, m0, '$SYS/broker/packet/out/bytes', ... (1 bytes))
1778190273: Sending PUBLISH to healthcheck (d0, q0, r1, m0, '$SYS/broker/connections/socket/count', ... (2 bytes))
1778190273: Sending PUBLISH to healthcheck (d0, q0, r1, m0, '$SYS/broker/load/messages/received/1min', ... (4 bytes))
1778190273: Sending PUBLISH to healthcheck (d0, q0, r1, m0, '$SYS/broker/load/messages/received/5min', ... (4 bytes))
1778190273: Sending PUBLISH to healthcheck (d0, q0, r1, m0, '$SYS/broker/load/messages/received/15min', ... (4 bytes))
1778190273: Sending PUBLISH to healthcheck (d0, q0, r1, m0, '$SYS/broker/load/messages/sent/1min', ... (6 bytes))
1778190273: Sending PUBLISH to healthcheck (d0, q0, r1, m0, '$SYS/broker/load/messages/sent/5min', ... (6 bytes))
1778190273: Sending PUBLISH to healthcheck (d0, q0, r1, m0, '$SYS/broker/load/messages/sent/15min', ... (6 bytes))
1778190273: Sending PUBLISH to healthcheck (d0, q0, r1, m0, '$SYS/broker/load/publish/dropped/1min', ... (4 bytes))
1778190273: Sending PUBLISH to healthcheck (d0, q0, r1, m0, '$SYS/broker/load/publish/dropped/5min', ... (4 bytes))
1778190273: Sending PUBLISH to healthcheck (d0, q0, r1, m0, '$SYS/broker/load/publish/dropped/15min', ... (4 bytes))
1778190273: Sending PUBLISH to healthcheck (d0, q0, r1, m0, '$SYS/broker/load/publish/received/1min', ... (4 bytes))
1778190273: Sending PUBLISH to healthcheck (d0, q0, r1, m0, '$SYS/broker/load/publish/received/5min', ... (4 bytes))
1778190273: Sending PUBLISH to healthcheck (d0, q0, r1, m0, '$SYS/broker/load/publish/received/15min', ... (4 bytes))
1778190273: Sending PUBLISH to healthcheck (d0, q0, r1, m0, '$SYS/broker/load/publish/sent/1min', ... (6 bytes))
1778190273: Sending PUBLISH to healthcheck (d0, q0, r1, m0, '$SYS/broker/load/publish/sent/5min', ... (6 bytes))
1778190273: Sending PUBLISH to healthcheck (d0, q0, r1, m0, '$SYS/broker/load/publish/sent/15min', ... (6 bytes))
1778190273: Sending PUBLISH to healthcheck (d0, q0, r1, m0, '$SYS/broker/load/bytes/received/1min', ... (5 bytes))
1778190273: Sending PUBLISH to healthcheck (d0, q0, r1, m0, '$SYS/broker/load/bytes/received/5min', ... (6 bytes))
1778190273: Sending PUBLISH to healthcheck (d0, q0, r1, m0, '$SYS/broker/load/bytes/received/15min', ... (6 bytes))
1778190273: Sending PUBLISH to healthcheck (d0, q0, r1, m0, '$SYS/broker/load/bytes/sent/1min', ... (7 bytes))
1778190273: Sending PUBLISH to healthcheck (d0, q0, r1, m0, '$SYS/broker/load/bytes/sent/5min', ... (7 bytes))
1778190273: Sending PUBLISH to healthcheck (d0, q0, r1, m0, '$SYS/broker/load/bytes/sent/15min', ... (7 bytes))
1778190273: Sending PUBLISH to healthcheck (d0, q0, r1, m0, '$SYS/broker/load/sockets/1min', ... (4 bytes))
1778190273: Sending PUBLISH to healthcheck (d0, q0, r1, m0, '$SYS/broker/load/sockets/5min', ... (4 bytes))
1778190273: Sending PUBLISH to healthcheck (d0, q0, r1, m0, '$SYS/broker/load/sockets/15min', ... (4 bytes))
1778190273: Sending PUBLISH to healthcheck (d0, q0, r1, m0, '$SYS/broker/load/connections/1min', ... (4 bytes))
1778190273: Sending PUBLISH to healthcheck (d0, q0, r1, m0, '$SYS/broker/load/connections/5min', ... (4 bytes))
1778190273: Sending PUBLISH to healthcheck (d0, q0, r1, m0, '$SYS/broker/load/connections/15min', ... (4 bytes))
1778190273: Client healthcheck [127.0.0.1:55476] disconnected: connection closed by client.
1778190280: Sending PUBLISH to mqtt-explorer-5c916486 (d0, q0, r0, m0, '$SYS/broker/uptime', ... (11 bytes))
1778190280: Sending PUBLISH to mqtt-explorer-5c916486 (d0, q0, r0, m0, '$SYS/broker/load/messages/received/1min', ... (4 bytes))
1778190280: Sending PUBLISH to mqtt-explorer-5c916486 (d0, q0, r0, m0, '$SYS/broker/load/messages/received/5min', ... (4 bytes))
1778190280: Sending PUBLISH to mqtt-explorer-5c916486 (d0, q0, r0, m0, '$SYS/broker/load/messages/received/15min', ... (4 bytes))
1778190280: Sending PUBLISH to mqtt-explorer-5c916486 (d0, q0, r0, m0, '$SYS/broker/load/messages/sent/1min', ... (6 bytes))
1778190280: Sending PUBLISH to mqtt-explorer-5c916486 (d0, q0, r0, m0, '$SYS/broker/load/messages/sent/5min', ... (6 bytes))
1778190280: Sending PUBLISH to mqtt-explorer-5c916486 (d0, q0, r0, m0, '$SYS/broker/load/messages/sent/15min', ... (6 bytes))
1778190280: Sending PUBLISH to mqtt-explorer-5c916486 (d0, q0, r0, m0, '$SYS/broker/load/publish/received/5min', ... (4 bytes))
1778190280: Sending PUBLISH to mqtt-explorer-5c916486 (d0, q0, r0, m0, '$SYS/broker/load/publish/sent/1min', ... (6 bytes))
1778190280: Sending PUBLISH to mqtt-explorer-5c916486 (d0, q0, r0, m0, '$SYS/broker/load/publish/sent/5min', ... (6 bytes))
1778190280: Sending PUBLISH to mqtt-explorer-5c916486 (d0, q0, r0, m0, '$SYS/broker/load/publish/sent/15min', ... (6 bytes))
1778190280: Sending PUBLISH to mqtt-explorer-5c916486 (d0, q0, r0, m0, '$SYS/broker/load/bytes/received/1min', ... (5 bytes))
1778190280: Sending PUBLISH to mqtt-explorer-5c916486 (d0, q0, r0, m0, '$SYS/broker/load/bytes/received/5min', ... (6 bytes))
1778190280: Sending PUBLISH to mqtt-explorer-5c916486 (d0, q0, r0, m0, '$SYS/broker/load/bytes/received/15min', ... (6 bytes))
1778190280: Sending PUBLISH to mqtt-explorer-5c916486 (d0, q0, r0, m0, '$SYS/broker/load/bytes/sent/1min', ... (7 bytes))
1778190280: Sending PUBLISH to mqtt-explorer-5c916486 (d0, q0, r0, m0, '$SYS/broker/load/bytes/sent/5min', ... (7 bytes))
1778190280: Sending PUBLISH to mqtt-explorer-5c916486 (d0, q0, r0, m0, '$SYS/broker/load/bytes/sent/15min', ... (7 bytes))
1778190280: Sending PUBLISH to mqtt-explorer-5c916486 (d0, q0, r0, m0, '$SYS/broker/load/sockets/1min', ... (4 bytes))
1778190280: Sending PUBLISH to mqtt-explorer-5c916486 (d0, q0, r0, m0, '$SYS/broker/load/sockets/5min', ... (4 bytes))
1778190280: Sending PUBLISH to mqtt-explorer-5c916486 (d0, q0, r0, m0, '$SYS/broker/load/sockets/15min', ... (4 bytes))
1778190280: Sending PUBLISH to mqtt-explorer-5c916486 (d0, q0, r0, m0, '$SYS/broker/load/connections/1min', ... (4 bytes))
1778190280: Sending PUBLISH to mqtt-explorer-5c916486 (d0, q0, r0, m0, '$SYS/broker/load/connections/5min', ... (4 bytes))
1778190280: Sending PUBLISH to mqtt-explorer-5c916486 (d0, q0, r0, m0, '$SYS/broker/load/connections/15min', ... (4 bytes))
1778190280: Sending PUBLISH to mqtt-explorer-5c916486 (d0, q0, r0, m0, '$SYS/broker/messages/received', ... (3 bytes))
1778190280: Sending PUBLISH to mqtt-explorer-5c916486 (d0, q0, r0, m0, '$SYS/broker/messages/sent', ... (4 bytes))
1778190280: Sending PUBLISH to mqtt-explorer-5c916486 (d0, q0, r0, m0, '$SYS/broker/bytes/received', ... (4 bytes))
1778190280: Sending PUBLISH to mqtt-explorer-5c916486 (d0, q0, r0, m0, '$SYS/broker/bytes/sent', ... (6 bytes))
1778190280: Sending PUBLISH to mqtt-explorer-5c916486 (d0, q0, r0, m0, '$SYS/broker/publish/bytes/sent', ... (5 bytes))
1778190280: Sending PUBLISH to mqtt-explorer-5c916486 (d0, q0, r0, m0, '$SYS/broker/connections/socket/count', ... (2 bytes))
1778190280: Sending PUBLISH to mqtt-explorer-5c916486 (d0, q0, r0, m0, '$SYS/broker/publish/messages/sent', ... (4 bytes))
1778190290: Sending PUBLISH to mqtt-explorer-5c916486 (d0, q0, r0, m0, '$SYS/broker/uptime', ... (11 bytes))
1778190290: Sending PUBLISH to mqtt-explorer-5c916486 (d0, q0, r0, m0, '$SYS/broker/load/messages/received/1min', ... (4 bytes))
1778190290: Sending PUBLISH to mqtt-explorer-5c916486 (d0, q0, r0, m0, '$SYS/broker/load/messages/received/5min', ... (4 bytes))
1778190290: Sending PUBLISH to mqtt-explorer-5c916486 (d0, q0, r0, m0, '$SYS/broker/load/messages/received/15min', ... (4 bytes))
1778190290: Sending PUBLISH to mqtt-explorer-5c916486 (d0, q0, r0, m0, '$SYS/broker/load/messages/sent/1min', ... (6 bytes))
1778190290: Sending PUBLISH to mqtt-explorer-5c916486 (d0, q0, r0, m0, '$SYS/broker/load/messages/sent/5min', ... (6 bytes))
1778190290: Sending PUBLISH to mqtt-explorer-5c916486 (d0, q0, r0, m0, '$SYS/broker/load/messages/sent/15min', ... (6 bytes))
1778190290: Sending PUBLISH to mqtt-explorer-5c916486 (d0, q0, r0, m0, '$SYS/broker/load/publish/received/5min', ... (4 bytes))
1778190290: Sending PUBLISH to mqtt-explorer-5c916486 (d0, q0, r0, m0, '$SYS/broker/load/publish/sent/1min', ... (6 bytes))
1778190290: Sending PUBLISH to mqtt-explorer-5c916486 (d0, q0, r0, m0, '$SYS/broker/load/publish/sent/5min', ... (6 bytes))
1778190290: Sending PUBLISH to mqtt-explorer-5c916486 (d0, q0, r0, m0, '$SYS/broker/load/publish/sent/15min', ... (6 bytes))
1778190290: Sending PUBLISH to mqtt-explorer-5c916486 (d0, q0, r0, m0, '$SYS/broker/load/bytes/received/1min', ... (5 bytes))
1778190290: Sending PUBLISH to mqtt-explorer-5c916486 (d0, q0, r0, m0, '$SYS/broker/load/bytes/received/5min', ... (6 bytes))
1778190290: Sending PUBLISH to mqtt-explorer-5c916486 (d0, q0, r0, m0, '$SYS/broker/load/bytes/received/15min', ... (6 bytes))
1778190290: Sending PUBLISH to mqtt-explorer-5c916486 (d0, q0, r0, m0, '$SYS/broker/load/bytes/sent/1min', ... (7 bytes))
1778190290: Sending PUBLISH to mqtt-explorer-5c916486 (d0, q0, r0, m0, '$SYS/broker/load/bytes/sent/5min', ... (7 bytes))
1778190290: Sending PUBLISH to mqtt-explorer-5c916486 (d0, q0, r0, m0, '$SYS/broker/load/bytes/sent/15min', ... (7 bytes))
1778190290: Sending PUBLISH to mqtt-explorer-5c916486 (d0, q0, r0, m0, '$SYS/broker/load/sockets/1min', ... (4 bytes))
1778190290: Sending PUBLISH to mqtt-explorer-5c916486 (d0, q0, r0, m0, '$SYS/broker/load/sockets/5min', ... (4 bytes))
1778190290: Sending PUBLISH to mqtt-explorer-5c916486 (d0, q0, r0, m0, '$SYS/broker/load/sockets/15min', ... (4 bytes))
1778190290: Sending PUBLISH to mqtt-explorer-5c916486 (d0, q0, r0, m0, '$SYS/broker/load/connections/1min', ... (4 bytes))
1778190290: Sending PUBLISH to mqtt-explorer-5c916486 (d0, q0, r0, m0, '$SYS/broker/load/connections/5min', ... (4 bytes))
1778190290: Sending PUBLISH to mqtt-explorer-5c916486 (d0, q0, r0, m0, '$SYS/broker/load/connections/15min', ... (4 bytes))
1778190290: Sending PUBLISH to mqtt-explorer-5c916486 (d0, q0, r0, m0, '$SYS/broker/messages/sent', ... (4 bytes))
1778190290: Sending PUBLISH to mqtt-explorer-5c916486 (d0, q0, r0, m0, '$SYS/broker/bytes/sent', ... (6 bytes))
1778190290: Sending PUBLISH to mqtt-explorer-5c916486 (d0, q0, r0, m0, '$SYS/broker/publish/bytes/sent', ... (5 bytes))
1778190290: Sending PUBLISH to mqtt-explorer-5c916486 (d0, q0, r0, m0, '$SYS/broker/publish/messages/sent', ... (4 bytes))
1778190294: Received PINGREQ from ISIC-ESP8266-001
1778190294: Sending PINGRESP to ISIC-ESP8266-001
1778190300: Sending PUBLISH to mqtt-explorer-5c916486 (d0, q0, r0, m0, '$SYS/broker/uptime', ... (11 bytes))
1778190300: Sending PUBLISH to mqtt-explorer-5c916486 (d0, q0, r0, m0, '$SYS/broker/load/messages/received/1min', ... (4 bytes))
1778190300: Sending PUBLISH to mqtt-explorer-5c916486 (d0, q0, r0, m0, '$SYS/broker/load/messages/received/5min', ... (4 bytes))
1778190300: Sending PUBLISH to mqtt-explorer-5c916486 (d0, q0, r0, m0, '$SYS/broker/load/messages/received/15min', ... (4 bytes))
1778190300: Sending PUBLISH to mqtt-explorer-5c916486 (d0, q0, r0, m0, '$SYS/broker/load/messages/sent/1min', ... (6 bytes))
1778190300: Sending PUBLISH to mqtt-explorer-5c916486 (d0, q0, r0, m0, '$SYS/broker/load/messages/sent/5min', ... (6 bytes))
1778190300: Sending PUBLISH to mqtt-explorer-5c916486 (d0, q0, r0, m0, '$SYS/broker/load/messages/sent/15min', ... (6 bytes))
1778190300: Sending PUBLISH to mqtt-explorer-5c916486 (d0, q0, r0, m0, '$SYS/broker/load/publish/received/5min', ... (4 bytes))
1778190300: Sending PUBLISH to mqtt-explorer-5c916486 (d0, q0, r0, m0, '$SYS/broker/load/publish/sent/1min', ... (6 bytes))
1778190300: Sending PUBLISH to mqtt-explorer-5c916486 (d0, q0, r0, m0, '$SYS/broker/load/publish/sent/5min', ... (6 bytes))
1778190300: Sending PUBLISH to mqtt-explorer-5c916486 (d0, q0, r0, m0, '$SYS/broker/load/publish/sent/15min', ... (6 bytes))
1778190300: Sending PUBLISH to mqtt-explorer-5c916486 (d0, q0, r0, m0, '$SYS/broker/load/bytes/received/1min', ... (5 bytes))
1778190300: Sending PUBLISH to mqtt-explorer-5c916486 (d0, q0, r0, m0, '$SYS/broker/load/bytes/received/5min', ... (6 bytes))
1778190300: Sending PUBLISH to mqtt-explorer-5c916486 (d0, q0, r0, m0, '$SYS/broker/load/bytes/received/15min', ... (6 bytes))
1778190300: Sending PUBLISH to mqtt-explorer-5c916486 (d0, q0, r0, m0, '$SYS/broker/load/bytes/sent/1min', ... (7 bytes))
1778190300: Sending PUBLISH to mqtt-explorer-5c916486 (d0, q0, r0, m0, '$SYS/broker/load/bytes/sent/5min', ... (7 bytes))
1778190300: Sending PUBLISH to mqtt-explorer-5c916486 (d0, q0, r0, m0, '$SYS/broker/load/bytes/sent/15min', ... (7 bytes))
1778190300: Sending PUBLISH to mqtt-explorer-5c916486 (d0, q0, r0, m0, '$SYS/broker/load/sockets/1min', ... (4 bytes))
1778190300: Sending PUBLISH to mqtt-explorer-5c916486 (d0, q0, r0, m0, '$SYS/broker/load/sockets/5min', ... (4 bytes))
1778190300: Sending PUBLISH to mqtt-explorer-5c916486 (d0, q0, r0, m0, '$SYS/broker/load/sockets/15min', ... (4 bytes))
1778190300: Sending PUBLISH to mqtt-explorer-5c916486 (d0, q0, r0, m0, '$SYS/broker/load/connections/1min', ... (4 bytes))
1778190300: Sending PUBLISH to mqtt-explorer-5c916486 (d0, q0, r0, m0, '$SYS/broker/load/connections/5min', ... (4 bytes))
1778190300: Sending PUBLISH to mqtt-explorer-5c916486 (d0, q0, r0, m0, '$SYS/broker/load/connections/15min', ... (4 bytes))
1778190300: Sending PUBLISH to mqtt-explorer-5c916486 (d0, q0, r0, m0, '$SYS/broker/messages/received', ... (3 bytes))
1778190300: Sending PUBLISH to mqtt-explorer-5c916486 (d0, q0, r0, m0, '$SYS/broker/messages/sent', ... (4 bytes))
1778190300: Sending PUBLISH to mqtt-explorer-5c916486 (d0, q0, r0, m0, '$SYS/broker/bytes/received', ... (4 bytes))
1778190300: Sending PUBLISH to mqtt-explorer-5c916486 (d0, q0, r0, m0, '$SYS/broker/bytes/sent', ... (6 bytes))
1778190300: Sending PUBLISH to mqtt-explorer-5c916486 (d0, q0, r0, m0, '$SYS/broker/publish/bytes/sent', ... (5 bytes))
1778190300: Sending PUBLISH to mqtt-explorer-5c916486 (d0, q0, r0, m0, '$SYS/broker/publish/messages/sent', ... (4 bytes))
1778190303: New connection from 127.0.0.1:42468 on port 1883.
1778190303: New client connected from 127.0.0.1:42468 as healthcheck (p4, c1, k60).
1778190303: No will message specified.
1778190303: Sending CONNACK to healthcheck (0, 0)
1778190303: Received SUBSCRIBE from healthcheck
1778190303: 	$SYS/# (QoS 0)
1778190303: healthcheck 0 $SYS/#
1778190303: Sending SUBACK to healthcheck
1778190303: Sending PUBLISH to healthcheck (d0, q0, r1, m0, '$SYS/broker/version', ... (23 bytes))
1778190303: Sending PUBLISH to healthcheck (d0, q0, r1, m0, '$SYS/broker/uptime', ... (11 bytes))
1778190303: Sending PUBLISH to healthcheck (d0, q0, r1, m0, '$SYS/broker/clients/total', ... (1 bytes))
1778190303: Sending PUBLISH to healthcheck (d0, q0, r1, m0, '$SYS/broker/clients/disconnected', ... (1 bytes))
1778190303: Sending PUBLISH to healthcheck (d0, q0, r1, m0, '$SYS/broker/clients/inactive', ... (1 bytes))
1778190303: Sending PUBLISH to healthcheck (d0, q0, r1, m0, '$SYS/broker/clients/connected', ... (1 bytes))
1778190303: Sending PUBLISH to healthcheck (d0, q0, r1, m0, '$SYS/broker/clients/active', ... (1 bytes))
1778190303: Sending PUBLISH to healthcheck (d0, q0, r1, m0, '$SYS/broker/clients/expired', ... (1 bytes))
1778190303: Sending PUBLISH to healthcheck (d0, q0, r1, m0, '$SYS/broker/clients/maximum', ... (1 bytes))
1778190303: Sending PUBLISH to healthcheck (d0, q0, r1, m0, '$SYS/broker/messages/stored', ... (2 bytes))
1778190303: Sending PUBLISH to healthcheck (d0, q0, r1, m0, '$SYS/broker/messages/received', ... (3 bytes))
1778190303: Sending PUBLISH to healthcheck (d0, q0, r1, m0, '$SYS/broker/messages/sent', ... (4 bytes))
1778190303: Sending PUBLISH to healthcheck (d0, q0, r1, m0, '$SYS/broker/store/messages/count', ... (2 bytes))
1778190303: Sending PUBLISH to healthcheck (d0, q0, r1, m0, '$SYS/broker/store/messages/bytes', ... (3 bytes))
1778190303: Sending PUBLISH to healthcheck (d0, q0, r1, m0, '$SYS/broker/subscriptions/count', ... (1 bytes))
1778190303: Sending PUBLISH to healthcheck (d0, q0, r1, m0, '$SYS/broker/shared_subscriptions/count', ... (1 bytes))
1778190303: Sending PUBLISH to healthcheck (d0, q0, r1, m0, '$SYS/broker/retained messages/count', ... (2 bytes))
1778190303: Sending PUBLISH to healthcheck (d0, q0, r1, m0, '$SYS/broker/heap/current', ... (6 bytes))
1778190303: Sending PUBLISH to healthcheck (d0, q0, r1, m0, '$SYS/broker/heap/maximum', ... (6 bytes))
1778190303: Sending PUBLISH to healthcheck (d0, q0, r1, m0, '$SYS/broker/bytes/received', ... (4 bytes))
1778190303: Sending PUBLISH to healthcheck (d0, q0, r1, m0, '$SYS/broker/bytes/sent', ... (6 bytes))
1778190303: Sending PUBLISH to healthcheck (d0, q0, r1, m0, '$SYS/broker/publish/bytes/received', ... (3 bytes))
1778190303: Sending PUBLISH to healthcheck (d0, q0, r1, m0, '$SYS/broker/publish/bytes/sent', ... (5 bytes))
1778190303: Sending PUBLISH to healthcheck (d0, q0, r1, m0, '$SYS/broker/publish/messages/dropped', ... (1 bytes))
1778190303: Sending PUBLISH to healthcheck (d0, q0, r1, m0, '$SYS/broker/publish/messages/received', ... (2 bytes))
1778190303: Sending PUBLISH to healthcheck (d0, q0, r1, m0, '$SYS/broker/publish/messages/sent', ... (4 bytes))
1778190303: Sending PUBLISH to healthcheck (d0, q0, r1, m0, '$SYS/broker/packet/out/count', ... (1 bytes))
1778190303: Sending PUBLISH to healthcheck (d0, q0, r1, m0, '$SYS/broker/packet/out/bytes', ... (1 bytes))
1778190303: Sending PUBLISH to healthcheck (d0, q0, r1, m0, '$SYS/broker/connections/socket/count', ... (2 bytes))
1778190303: Sending PUBLISH to healthcheck (d0, q0, r1, m0, '$SYS/broker/load/messages/received/1min', ... (4 bytes))
1778190303: Sending PUBLISH to healthcheck (d0, q0, r1, m0, '$SYS/broker/load/messages/received/5min', ... (4 bytes))
1778190303: Sending PUBLISH to healthcheck (d0, q0, r1, m0, '$SYS/broker/load/messages/received/15min', ... (4 bytes))
1778190303: Sending PUBLISH to healthcheck (d0, q0, r1, m0, '$SYS/broker/load/messages/sent/1min', ... (6 bytes))
1778190303: Sending PUBLISH to healthcheck (d0, q0, r1, m0, '$SYS/broker/load/messages/sent/5min', ... (6 bytes))
1778190303: Sending PUBLISH to healthcheck (d0, q0, r1, m0, '$SYS/broker/load/messages/sent/15min', ... (6 bytes))
1778190303: Sending PUBLISH to healthcheck (d0, q0, r1, m0, '$SYS/broker/load/publish/dropped/1min', ... (4 bytes))
1778190303: Sending PUBLISH to healthcheck (d0, q0, r1, m0, '$SYS/broker/load/publish/dropped/5min', ... (4 bytes))
1778190303: Sending PUBLISH to healthcheck (d0, q0, r1, m0, '$SYS/broker/load/publish/dropped/15min', ... (4 bytes))
1778190303: Sending PUBLISH to healthcheck (d0, q0, r1, m0, '$SYS/broker/load/publish/received/1min', ... (4 bytes))
1778190303: Sending PUBLISH to healthcheck (d0, q0, r1, m0, '$SYS/broker/load/publish/received/5min', ... (4 bytes))
1778190303: Sending PUBLISH to healthcheck (d0, q0, r1, m0, '$SYS/broker/load/publish/received/15min', ... (4 bytes))
1778190303: Sending PUBLISH to healthcheck (d0, q0, r1, m0, '$SYS/broker/load/publish/sent/1min', ... (6 bytes))
1778190303: Sending PUBLISH to healthcheck (d0, q0, r1, m0, '$SYS/broker/load/publish/sent/5min', ... (6 bytes))
1778190303: Sending PUBLISH to healthcheck (d0, q0, r1, m0, '$SYS/broker/load/publish/sent/15min', ... (6 bytes))
1778190303: Sending PUBLISH to healthcheck (d0, q0, r1, m0, '$SYS/broker/load/bytes/received/1min', ... (5 bytes))
1778190303: Sending PUBLISH to healthcheck (d0, q0, r1, m0, '$SYS/broker/load/bytes/received/5min', ... (6 bytes))
1778190303: Sending PUBLISH to healthcheck (d0, q0, r1, m0, '$SYS/broker/load/bytes/received/15min', ... (6 bytes))
1778190303: Sending PUBLISH to healthcheck (d0, q0, r1, m0, '$SYS/broker/load/bytes/sent/1min', ... (7 bytes))
1778190303: Sending PUBLISH to healthcheck (d0, q0, r1, m0, '$SYS/broker/load/bytes/sent/5min', ... (7 bytes))
1778190303: Sending PUBLISH to healthcheck (d0, q0, r1, m0, '$SYS/broker/load/bytes/sent/15min', ... (7 bytes))
1778190303: Sending PUBLISH to healthcheck (d0, q0, r1, m0, '$SYS/broker/load/sockets/1min', ... (4 bytes))
1778190303: Sending PUBLISH to healthcheck (d0, q0, r1, m0, '$SYS/broker/load/sockets/5min', ... (4 bytes))
1778190303: Sending PUBLISH to healthcheck (d0, q0, r1, m0, '$SYS/broker/load/sockets/15min', ... (4 bytes))
1778190303: Sending PUBLISH to healthcheck (d0, q0, r1, m0, '$SYS/broker/load/connections/1min', ... (4 bytes))
1778190303: Sending PUBLISH to healthcheck (d0, q0, r1, m0, '$SYS/broker/load/connections/5min', ... (4 bytes))
1778190303: Sending PUBLISH to healthcheck (d0, q0, r1, m0, '$SYS/broker/load/connections/15min', ... (4 bytes))
1778190303: Client healthcheck [127.0.0.1:42468] disconnected: connection closed by client.
1778190305: Received PINGREQ from mqtt-explorer-5c916486
1778190305: Sending PINGRESP to mqtt-explorer-5c916486
1778190310: Sending PUBLISH to mqtt-explorer-5c916486 (d0, q0, r0, m0, '$SYS/broker/uptime', ... (11 bytes))
1778190310: Sending PUBLISH to mqtt-explorer-5c916486 (d0, q0, r0, m0, '$SYS/broker/load/messages/received/1min', ... (4 bytes))
1778190310: Sending PUBLISH to mqtt-explorer-5c916486 (d0, q0, r0, m0, '$SYS/broker/load/messages/received/5min', ... (4 bytes))
1778190310: Sending PUBLISH to mqtt-explorer-5c916486 (d0, q0, r0, m0, '$SYS/broker/load/messages/received/15min', ... (4 bytes))
1778190310: Sending PUBLISH to mqtt-explorer-5c916486 (d0, q0, r0, m0, '$SYS/broker/load/messages/sent/1min', ... (6 bytes))
1778190310: Sending PUBLISH to mqtt-explorer-5c916486 (d0, q0, r0, m0, '$SYS/broker/load/messages/sent/5min', ... (6 bytes))
1778190310: Sending PUBLISH to mqtt-explorer-5c916486 (d0, q0, r0, m0, '$SYS/broker/load/messages/sent/15min', ... (6 bytes))
1778190310: Sending PUBLISH to mqtt-explorer-5c916486 (d0, q0, r0, m0, '$SYS/broker/load/publish/received/5min', ... (4 bytes))
1778190310: Sending PUBLISH to mqtt-explorer-5c916486 (d0, q0, r0, m0, '$SYS/broker/load/publish/sent/1min', ... (6 bytes))
1778190310: Sending PUBLISH to mqtt-explorer-5c916486 (d0, q0, r0, m0, '$SYS/broker/load/publish/sent/5min', ... (6 bytes))
1778190310: Sending PUBLISH to mqtt-explorer-5c916486 (d0, q0, r0, m0, '$SYS/broker/load/publish/sent/15min', ... (6 bytes))
1778190310: Sending PUBLISH to mqtt-explorer-5c916486 (d0, q0, r0, m0, '$SYS/broker/load/bytes/received/1min', ... (5 bytes))
1778190310: Sending PUBLISH to mqtt-explorer-5c916486 (d0, q0, r0, m0, '$SYS/broker/load/bytes/received/5min', ... (6 bytes))
1778190310: Sending PUBLISH to mqtt-explorer-5c916486 (d0, q0, r0, m0, '$SYS/broker/load/bytes/received/15min', ... (6 bytes))
1778190310: Sending PUBLISH to mqtt-explorer-5c916486 (d0, q0, r0, m0, '$SYS/broker/load/bytes/sent/1min', ... (7 bytes))
1778190310: Sending PUBLISH to mqtt-explorer-5c916486 (d0, q0, r0, m0, '$SYS/broker/load/bytes/sent/5min', ... (7 bytes))
1778190310: Sending PUBLISH to mqtt-explorer-5c916486 (d0, q0, r0, m0, '$SYS/broker/load/bytes/sent/15min', ... (7 bytes))
1778190310: Sending PUBLISH to mqtt-explorer-5c916486 (d0, q0, r0, m0, '$SYS/broker/load/sockets/1min', ... (4 bytes))
1778190310: Sending PUBLISH to mqtt-explorer-5c916486 (d0, q0, r0, m0, '$SYS/broker/load/sockets/5min', ... (4 bytes))
1778190310: Sending PUBLISH to mqtt-explorer-5c916486 (d0, q0, r0, m0, '$SYS/broker/load/sockets/15min', ... (4 bytes))
1778190310: Sending PUBLISH to mqtt-explorer-5c916486 (d0, q0, r0, m0, '$SYS/broker/load/connections/1min', ... (4 bytes))
1778190310: Sending PUBLISH to mqtt-explorer-5c916486 (d0, q0, r0, m0, '$SYS/broker/load/connections/5min', ... (4 bytes))
1778190310: Sending PUBLISH to mqtt-explorer-5c916486 (d0, q0, r0, m0, '$SYS/broker/load/connections/15min', ... (4 bytes))
1778190310: Sending PUBLISH to mqtt-explorer-5c916486 (d0, q0, r0, m0, '$SYS/broker/messages/received', ... (3 bytes))
1778190310: Sending PUBLISH to mqtt-explorer-5c916486 (d0, q0, r0, m0, '$SYS/broker/messages/sent', ... (4 bytes))
1778190310: Sending PUBLISH to mqtt-explorer-5c916486 (d0, q0, r0, m0, '$SYS/broker/bytes/received', ... (4 bytes))
1778190310: Sending PUBLISH to mqtt-explorer-5c916486 (d0, q0, r0, m0, '$SYS/broker/bytes/sent', ... (6 bytes))
1778190310: Sending PUBLISH to mqtt-explorer-5c916486 (d0, q0, r0, m0, '$SYS/broker/publish/bytes/sent', ... (5 bytes))
1778190310: Sending PUBLISH to mqtt-explorer-5c916486 (d0, q0, r0, m0, '$SYS/broker/connections/socket/count', ... (2 bytes))
1778190310: Sending PUBLISH to mqtt-explorer-5c916486 (d0, q0, r0, m0, '$SYS/broker/publish/messages/sent', ... (4 bytes))
1778190320: Sending PUBLISH to mqtt-explorer-5c916486 (d0, q0, r0, m0, '$SYS/broker/uptime', ... (11 bytes))
1778190320: Sending PUBLISH to mqtt-explorer-5c916486 (d0, q0, r0, m0, '$SYS/broker/load/messages/received/1min', ... (4 bytes))
1778190320: Sending PUBLISH to mqtt-explorer-5c916486 (d0, q0, r0, m0, '$SYS/broker/load/messages/received/5min', ... (4 bytes))
1778190320: Sending PUBLISH to mqtt-explorer-5c916486 (d0, q0, r0, m0, '$SYS/broker/load/messages/received/15min', ... (4 bytes))
1778190320: Sending PUBLISH to mqtt-explorer-5c916486 (d0, q0, r0, m0, '$SYS/broker/load/messages/sent/1min', ... (6 bytes))
1778190320: Sending PUBLISH to mqtt-explorer-5c916486 (d0, q0, r0, m0, '$SYS/broker/load/messages/sent/5min', ... (6 bytes))
1778190320: Sending PUBLISH to mqtt-explorer-5c916486 (d0, q0, r0, m0, '$SYS/broker/load/messages/sent/15min', ... (6 bytes))
1778190320: Sending PUBLISH to mqtt-explorer-5c916486 (d0, q0, r0, m0, '$SYS/broker/load/publish/received/5min', ... (4 bytes))
1778190320: Sending PUBLISH to mqtt-explorer-5c916486 (d0, q0, r0, m0, '$SYS/broker/load/publish/sent/1min', ... (6 bytes))
1778190320: Sending PUBLISH to mqtt-explorer-5c916486 (d0, q0, r0, m0, '$SYS/broker/load/publish/sent/5min', ... (6 bytes))
1778190320: Sending PUBLISH to mqtt-explorer-5c916486 (d0, q0, r0, m0, '$SYS/broker/load/publish/sent/15min', ... (6 bytes))
1778190320: Sending PUBLISH to mqtt-explorer-5c916486 (d0, q0, r0, m0, '$SYS/broker/load/bytes/received/1min', ... (5 bytes))
1778190320: Sending PUBLISH to mqtt-explorer-5c916486 (d0, q0, r0, m0, '$SYS/broker/load/bytes/received/5min', ... (6 bytes))
1778190320: Sending PUBLISH to mqtt-explorer-5c916486 (d0, q0, r0, m0, '$SYS/broker/load/bytes/received/15min', ... (6 bytes))
1778190320: Sending PUBLISH to mqtt-explorer-5c916486 (d0, q0, r0, m0, '$SYS/broker/load/bytes/sent/1min', ... (7 bytes))
1778190320: Sending PUBLISH to mqtt-explorer-5c916486 (d0, q0, r0, m0, '$SYS/broker/load/bytes/sent/5min', ... (7 bytes))
1778190320: Sending PUBLISH to mqtt-explorer-5c916486 (d0, q0, r0, m0, '$SYS/broker/load/bytes/sent/15min', ... (7 bytes))
1778190320: Sending PUBLISH to mqtt-explorer-5c916486 (d0, q0, r0, m0, '$SYS/broker/load/sockets/1min', ... (4 bytes))
1778190320: Sending PUBLISH to mqtt-explorer-5c916486 (d0, q0, r0, m0, '$SYS/broker/load/sockets/5min', ... (4 bytes))
1778190320: Sending PUBLISH to mqtt-explorer-5c916486 (d0, q0, r0, m0, '$SYS/broker/load/sockets/15min', ... (4 bytes))
1778190320: Sending PUBLISH to mqtt-explorer-5c916486 (d0, q0, r0, m0, '$SYS/broker/load/connections/1min', ... (4 bytes))
1778190320: Sending PUBLISH to mqtt-explorer-5c916486 (d0, q0, r0, m0, '$SYS/broker/load/connections/5min', ... (4 bytes))
1778190320: Sending PUBLISH to mqtt-explorer-5c916486 (d0, q0, r0, m0, '$SYS/broker/load/connections/15min', ... (4 bytes))
1778190320: Sending PUBLISH to mqtt-explorer-5c916486 (d0, q0, r0, m0, '$SYS/broker/messages/sent', ... (4 bytes))
1778190320: Sending PUBLISH to mqtt-explorer-5c916486 (d0, q0, r0, m0, '$SYS/broker/bytes/sent', ... (6 bytes))
1778190320: Sending PUBLISH to mqtt-explorer-5c916486 (d0, q0, r0, m0, '$SYS/broker/publish/bytes/sent', ... (5 bytes))
1778190320: Sending PUBLISH to mqtt-explorer-5c916486 (d0, q0, r0, m0, '$SYS/broker/publish/messages/sent', ... (4 bytes))
1778190330: Sending PUBLISH to mqtt-explorer-5c916486 (d0, q0, r0, m0, '$SYS/broker/uptime', ... (11 bytes))
1778190330: Sending PUBLISH to mqtt-explorer-5c916486 (d0, q0, r0, m0, '$SYS/broker/load/messages/received/1min', ... (4 bytes))
1778190330: Sending PUBLISH to mqtt-explorer-5c916486 (d0, q0, r0, m0, '$SYS/broker/load/messages/received/5min', ... (4 bytes))
1778190330: Sending PUBLISH to mqtt-explorer-5c916486 (d0, q0, r0, m0, '$SYS/broker/load/messages/received/15min', ... (4 bytes))
1778190330: Sending PUBLISH to mqtt-explorer-5c916486 (d0, q0, r0, m0, '$SYS/broker/load/messages/sent/1min', ... (6 bytes))
1778190330: Sending PUBLISH to mqtt-explorer-5c916486 (d0, q0, r0, m0, '$SYS/broker/load/messages/sent/5min', ... (6 bytes))
1778190330: Sending PUBLISH to mqtt-explorer-5c916486 (d0, q0, r0, m0, '$SYS/broker/load/messages/sent/15min', ... (6 bytes))
1778190330: Sending PUBLISH to mqtt-explorer-5c916486 (d0, q0, r0, m0, '$SYS/broker/load/publish/received/5min', ... (4 bytes))
1778190330: Sending PUBLISH to mqtt-explorer-5c916486 (d0, q0, r0, m0, '$SYS/broker/load/publish/sent/1min', ... (6 bytes))
1778190330: Sending PUBLISH to mqtt-explorer-5c916486 (d0, q0, r0, m0, '$SYS/broker/load/publish/sent/5min', ... (6 bytes))
1778190330: Sending PUBLISH to mqtt-explorer-5c916486 (d0, q0, r0, m0, '$SYS/broker/load/publish/sent/15min', ... (6 bytes))
1778190330: Sending PUBLISH to mqtt-explorer-5c916486 (d0, q0, r0, m0, '$SYS/broker/load/bytes/received/1min', ... (5 bytes))
1778190330: Sending PUBLISH to mqtt-explorer-5c916486 (d0, q0, r0, m0, '$SYS/broker/load/bytes/received/5min', ... (6 bytes))
1778190330: Sending PUBLISH to mqtt-explorer-5c916486 (d0, q0, r0, m0, '$SYS/broker/load/bytes/received/15min', ... (6 bytes))
1778190330: Sending PUBLISH to mqtt-explorer-5c916486 (d0, q0, r0, m0, '$SYS/broker/load/bytes/sent/1min', ... (7 bytes))
1778190330: Sending PUBLISH to mqtt-explorer-5c916486 (d0, q0, r0, m0, '$SYS/broker/load/bytes/sent/5min', ... (7 bytes))
1778190330: Sending PUBLISH to mqtt-explorer-5c916486 (d0, q0, r0, m0, '$SYS/broker/load/bytes/sent/15min', ... (7 bytes))
1778190330: Sending PUBLISH to mqtt-explorer-5c916486 (d0, q0, r0, m0, '$SYS/broker/load/sockets/1min', ... (4 bytes))
1778190330: Sending PUBLISH to mqtt-explorer-5c916486 (d0, q0, r0, m0, '$SYS/broker/load/sockets/5min', ... (4 bytes))
1778190330: Sending PUBLISH to mqtt-explorer-5c916486 (d0, q0, r0, m0, '$SYS/broker/load/sockets/15min', ... (4 bytes))
1778190330: Sending PUBLISH to mqtt-explorer-5c916486 (d0, q0, r0, m0, '$SYS/broker/load/connections/1min', ... (4 bytes))
1778190330: Sending PUBLISH to mqtt-explorer-5c916486 (d0, q0, r0, m0, '$SYS/broker/load/connections/5min', ... (4 bytes))
1778190330: Sending PUBLISH to mqtt-explorer-5c916486 (d0, q0, r0, m0, '$SYS/broker/load/connections/15min', ... (4 bytes))
1778190330: Sending PUBLISH to mqtt-explorer-5c916486 (d0, q0, r0, m0, '$SYS/broker/messages/sent', ... (4 bytes))
1778190330: Sending PUBLISH to mqtt-explorer-5c916486 (d0, q0, r0, m0, '$SYS/broker/bytes/sent', ... (6 bytes))
1778190330: Sending PUBLISH to mqtt-explorer-5c916486 (d0, q0, r0, m0, '$SYS/broker/publish/bytes/sent', ... (5 bytes))
1778190330: Sending PUBLISH to mqtt-explorer-5c916486 (d0, q0, r0, m0, '$SYS/broker/publish/messages/sent', ... (4 bytes))
1778190333: New connection from 127.0.0.1:52842 on port 1883.
1778190333: New client connected from 127.0.0.1:52842 as healthcheck (p4, c1, k60).
1778190333: No will message specified.
1778190333: Sending CONNACK to healthcheck (0, 0)
1778190333: Received SUBSCRIBE from healthcheck
1778190333: 	$SYS/# (QoS 0)
1778190333: healthcheck 0 $SYS/#
1778190333: Sending SUBACK to healthcheck
1778190333: Sending PUBLISH to healthcheck (d0, q0, r1, m0, '$SYS/broker/version', ... (23 bytes))
1778190333: Sending PUBLISH to healthcheck (d0, q0, r1, m0, '$SYS/broker/uptime', ... (11 bytes))
1778190333: Sending PUBLISH to healthcheck (d0, q0, r1, m0, '$SYS/broker/clients/total', ... (1 bytes))
1778190333: Sending PUBLISH to healthcheck (d0, q0, r1, m0, '$SYS/broker/clients/disconnected', ... (1 bytes))
1778190333: Sending PUBLISH to healthcheck (d0, q0, r1, m0, '$SYS/broker/clients/inactive', ... (1 bytes))
1778190333: Sending PUBLISH to healthcheck (d0, q0, r1, m0, '$SYS/broker/clients/connected', ... (1 bytes))
1778190333: Sending PUBLISH to healthcheck (d0, q0, r1, m0, '$SYS/broker/clients/active', ... (1 bytes))
1778190333: Sending PUBLISH to healthcheck (d0, q0, r1, m0, '$SYS/broker/clients/expired', ... (1 bytes))
1778190333: Sending PUBLISH to healthcheck (d0, q0, r1, m0, '$SYS/broker/clients/maximum', ... (1 bytes))
1778190333: Sending PUBLISH to healthcheck (d0, q0, r1, m0, '$SYS/broker/messages/stored', ... (2 bytes))
1778190333: Sending PUBLISH to healthcheck (d0, q0, r1, m0, '$SYS/broker/messages/received', ... (3 bytes))
1778190333: Sending PUBLISH to healthcheck (d0, q0, r1, m0, '$SYS/broker/messages/sent', ... (4 bytes))
1778190333: Sending PUBLISH to healthcheck (d0, q0, r1, m0, '$SYS/broker/store/messages/count', ... (2 bytes))
1778190333: Sending PUBLISH to healthcheck (d0, q0, r1, m0, '$SYS/broker/store/messages/bytes', ... (3 bytes))
1778190333: Sending PUBLISH to healthcheck (d0, q0, r1, m0, '$SYS/broker/subscriptions/count', ... (1 bytes))
1778190333: Sending PUBLISH to healthcheck (d0, q0, r1, m0, '$SYS/broker/shared_subscriptions/count', ... (1 bytes))
1778190333: Sending PUBLISH to healthcheck (d0, q0, r1, m0, '$SYS/broker/retained messages/count', ... (2 bytes))
1778190333: Sending PUBLISH to healthcheck (d0, q0, r1, m0, '$SYS/broker/heap/current', ... (6 bytes))
1778190333: Sending PUBLISH to healthcheck (d0, q0, r1, m0, '$SYS/broker/heap/maximum', ... (6 bytes))
1778190333: Sending PUBLISH to healthcheck (d0, q0, r1, m0, '$SYS/broker/bytes/received', ... (4 bytes))
1778190333: Sending PUBLISH to healthcheck (d0, q0, r1, m0, '$SYS/broker/bytes/sent', ... (6 bytes))
1778190333: Sending PUBLISH to healthcheck (d0, q0, r1, m0, '$SYS/broker/publish/bytes/received', ... (3 bytes))
1778190333: Sending PUBLISH to healthcheck (d0, q0, r1, m0, '$SYS/broker/publish/bytes/sent', ... (5 bytes))
1778190333: Sending PUBLISH to healthcheck (d0, q0, r1, m0, '$SYS/broker/publish/messages/dropped', ... (1 bytes))
1778190333: Sending PUBLISH to healthcheck (d0, q0, r1, m0, '$SYS/broker/publish/messages/received', ... (2 bytes))
1778190333: Sending PUBLISH to healthcheck (d0, q0, r1, m0, '$SYS/broker/publish/messages/sent', ... (4 bytes))
1778190333: Sending PUBLISH to healthcheck (d0, q0, r1, m0, '$SYS/broker/packet/out/count', ... (1 bytes))
1778190333: Sending PUBLISH to healthcheck (d0, q0, r1, m0, '$SYS/broker/packet/out/bytes', ... (1 bytes))
1778190333: Sending PUBLISH to healthcheck (d0, q0, r1, m0, '$SYS/broker/connections/socket/count', ... (2 bytes))
1778190333: Sending PUBLISH to healthcheck (d0, q0, r1, m0, '$SYS/broker/load/messages/received/1min', ... (4 bytes))
1778190333: Sending PUBLISH to healthcheck (d0, q0, r1, m0, '$SYS/broker/load/messages/received/5min', ... (4 bytes))
1778190333: Sending PUBLISH to healthcheck (d0, q0, r1, m0, '$SYS/broker/load/messages/received/15min', ... (4 bytes))
1778190333: Sending PUBLISH to healthcheck (d0, q0, r1, m0, '$SYS/broker/load/messages/sent/1min', ... (6 bytes))
1778190333: Sending PUBLISH to healthcheck (d0, q0, r1, m0, '$SYS/broker/load/messages/sent/5min', ... (6 bytes))
1778190333: Sending PUBLISH to healthcheck (d0, q0, r1, m0, '$SYS/broker/load/messages/sent/15min', ... (6 bytes))
1778190333: Sending PUBLISH to healthcheck (d0, q0, r1, m0, '$SYS/broker/load/publish/dropped/1min', ... (4 bytes))
1778190333: Sending PUBLISH to healthcheck (d0, q0, r1, m0, '$SYS/broker/load/publish/dropped/5min', ... (4 bytes))
1778190333: Sending PUBLISH to healthcheck (d0, q0, r1, m0, '$SYS/broker/load/publish/dropped/15min', ... (4 bytes))
1778190333: Sending PUBLISH to healthcheck (d0, q0, r1, m0, '$SYS/broker/load/publish/received/1min', ... (4 bytes))
1778190333: Sending PUBLISH to healthcheck (d0, q0, r1, m0, '$SYS/broker/load/publish/received/5min', ... (4 bytes))
1778190333: Sending PUBLISH to healthcheck (d0, q0, r1, m0, '$SYS/broker/load/publish/received/15min', ... (4 bytes))
1778190333: Sending PUBLISH to healthcheck (d0, q0, r1, m0, '$SYS/broker/load/publish/sent/1min', ... (6 bytes))
1778190333: Sending PUBLISH to healthcheck (d0, q0, r1, m0, '$SYS/broker/load/publish/sent/5min', ... (6 bytes))
1778190333: Sending PUBLISH to healthcheck (d0, q0, r1, m0, '$SYS/broker/load/publish/sent/15min', ... (6 bytes))
1778190333: Sending PUBLISH to healthcheck (d0, q0, r1, m0, '$SYS/broker/load/bytes/received/1min', ... (5 bytes))
1778190333: Sending PUBLISH to healthcheck (d0, q0, r1, m0, '$SYS/broker/load/bytes/received/5min', ... (6 bytes))
1778190333: Sending PUBLISH to healthcheck (d0, q0, r1, m0, '$SYS/broker/load/bytes/received/15min', ... (6 bytes))
1778190333: Sending PUBLISH to healthcheck (d0, q0, r1, m0, '$SYS/broker/load/bytes/sent/1min', ... (7 bytes))
1778190333: Sending PUBLISH to healthcheck (d0, q0, r1, m0, '$SYS/broker/load/bytes/sent/5min', ... (7 bytes))
1778190333: Sending PUBLISH to healthcheck (d0, q0, r1, m0, '$SYS/broker/load/bytes/sent/15min', ... (7 bytes))
1778190333: Sending PUBLISH to healthcheck (d0, q0, r1, m0, '$SYS/broker/load/sockets/1min', ... (4 bytes))
1778190333: Sending PUBLISH to healthcheck (d0, q0, r1, m0, '$SYS/broker/load/sockets/5min', ... (4 bytes))
1778190333: Sending PUBLISH to healthcheck (d0, q0, r1, m0, '$SYS/broker/load/sockets/15min', ... (4 bytes))
1778190333: Sending PUBLISH to healthcheck (d0, q0, r1, m0, '$SYS/broker/load/connections/1min', ... (4 bytes))
1778190333: Sending PUBLISH to healthcheck (d0, q0, r1, m0, '$SYS/broker/load/connections/5min', ... (4 bytes))
1778190333: Sending PUBLISH to healthcheck (d0, q0, r1, m0, '$SYS/broker/load/connections/15min', ... (4 bytes))
1778190333: Client healthcheck [127.0.0.1:52842] disconnected: connection closed by client.
1778190340: Sending PUBLISH to mqtt-explorer-5c916486 (d0, q0, r0, m0, '$SYS/broker/uptime', ... (11 bytes))
1778190340: Sending PUBLISH to mqtt-explorer-5c916486 (d0, q0, r0, m0, '$SYS/broker/load/messages/received/1min', ... (4 bytes))
1778190340: Sending PUBLISH to mqtt-explorer-5c916486 (d0, q0, r0, m0, '$SYS/broker/load/messages/received/5min', ... (4 bytes))
1778190340: Sending PUBLISH to mqtt-explorer-5c916486 (d0, q0, r0, m0, '$SYS/broker/load/messages/received/15min', ... (4 bytes))
1778190340: Sending PUBLISH to mqtt-explorer-5c916486 (d0, q0, r0, m0, '$SYS/broker/load/messages/sent/1min', ... (6 bytes))
1778190340: Sending PUBLISH to mqtt-explorer-5c916486 (d0, q0, r0, m0, '$SYS/broker/load/messages/sent/5min', ... (6 bytes))
1778190340: Sending PUBLISH to mqtt-explorer-5c916486 (d0, q0, r0, m0, '$SYS/broker/load/messages/sent/15min', ... (6 bytes))
1778190340: Sending PUBLISH to mqtt-explorer-5c916486 (d0, q0, r0, m0, '$SYS/broker/load/publish/received/5min', ... (4 bytes))
1778190340: Sending PUBLISH to mqtt-explorer-5c916486 (d0, q0, r0, m0, '$SYS/broker/load/publish/sent/1min', ... (6 bytes))
1778190340: Sending PUBLISH to mqtt-explorer-5c916486 (d0, q0, r0, m0, '$SYS/broker/load/publish/sent/5min', ... (6 bytes))
1778190340: Sending PUBLISH to mqtt-explorer-5c916486 (d0, q0, r0, m0, '$SYS/broker/load/publish/sent/15min', ... (6 bytes))
1778190340: Sending PUBLISH to mqtt-explorer-5c916486 (d0, q0, r0, m0, '$SYS/broker/load/bytes/received/1min', ... (5 bytes))
1778190340: Sending PUBLISH to mqtt-explorer-5c916486 (d0, q0, r0, m0, '$SYS/broker/load/bytes/received/5min', ... (6 bytes))
1778190340: Sending PUBLISH to mqtt-explorer-5c916486 (d0, q0, r0, m0, '$SYS/broker/load/bytes/received/15min', ... (6 bytes))
1778190340: Sending PUBLISH to mqtt-explorer-5c916486 (d0, q0, r0, m0, '$SYS/broker/load/bytes/sent/1min', ... (7 bytes))
1778190340: Sending PUBLISH to mqtt-explorer-5c916486 (d0, q0, r0, m0, '$SYS/broker/load/bytes/sent/5min', ... (7 bytes))
1778190340: Sending PUBLISH to mqtt-explorer-5c916486 (d0, q0, r0, m0, '$SYS/broker/load/bytes/sent/15min', ... (7 bytes))
1778190340: Sending PUBLISH to mqtt-explorer-5c916486 (d0, q0, r0, m0, '$SYS/broker/load/sockets/1min', ... (4 bytes))
1778190340: Sending PUBLISH to mqtt-explorer-5c916486 (d0, q0, r0, m0, '$SYS/broker/load/sockets/5min', ... (4 bytes))
1778190340: Sending PUBLISH to mqtt-explorer-5c916486 (d0, q0, r0, m0, '$SYS/broker/load/sockets/15min', ... (4 bytes))
1778190340: Sending PUBLISH to mqtt-explorer-5c916486 (d0, q0, r0, m0, '$SYS/broker/load/connections/1min', ... (4 bytes))
1778190340: Sending PUBLISH to mqtt-explorer-5c916486 (d0, q0, r0, m0, '$SYS/broker/load/connections/5min', ... (4 bytes))
1778190340: Sending PUBLISH to mqtt-explorer-5c916486 (d0, q0, r0, m0, '$SYS/broker/load/connections/15min', ... (4 bytes))
1778190340: Sending PUBLISH to mqtt-explorer-5c916486 (d0, q0, r0, m0, '$SYS/broker/messages/received', ... (3 bytes))
1778190340: Sending PUBLISH to mqtt-explorer-5c916486 (d0, q0, r0, m0, '$SYS/broker/messages/sent', ... (4 bytes))
1778190340: Sending PUBLISH to mqtt-explorer-5c916486 (d0, q0, r0, m0, '$SYS/broker/bytes/received', ... (4 bytes))
1778190340: Sending PUBLISH to mqtt-explorer-5c916486 (d0, q0, r0, m0, '$SYS/broker/bytes/sent', ... (6 bytes))
1778190340: Sending PUBLISH to mqtt-explorer-5c916486 (d0, q0, r0, m0, '$SYS/broker/publish/bytes/sent', ... (5 bytes))
1778190340: Sending PUBLISH to mqtt-explorer-5c916486 (d0, q0, r0, m0, '$SYS/broker/connections/socket/count', ... (2 bytes))
1778190340: Sending PUBLISH to mqtt-explorer-5c916486 (d0, q0, r0, m0, '$SYS/broker/publish/messages/sent', ... (4 bytes))
1778190350: Sending PUBLISH to mqtt-explorer-5c916486 (d0, q0, r0, m0, '$SYS/broker/uptime', ... (11 bytes))
1778190350: Sending PUBLISH to mqtt-explorer-5c916486 (d0, q0, r0, m0, '$SYS/broker/load/messages/received/1min', ... (4 bytes))
1778190350: Sending PUBLISH to mqtt-explorer-5c916486 (d0, q0, r0, m0, '$SYS/broker/load/messages/received/5min', ... (4 bytes))
1778190350: Sending PUBLISH to mqtt-explorer-5c916486 (d0, q0, r0, m0, '$SYS/broker/load/messages/received/15min', ... (4 bytes))
1778190350: Sending PUBLISH to mqtt-explorer-5c916486 (d0, q0, r0, m0, '$SYS/broker/load/messages/sent/1min', ... (6 bytes))
1778190350: Sending PUBLISH to mqtt-explorer-5c916486 (d0, q0, r0, m0, '$SYS/broker/load/messages/sent/5min', ... (6 bytes))
1778190350: Sending PUBLISH to mqtt-explorer-5c916486 (d0, q0, r0, m0, '$SYS/broker/load/messages/sent/15min', ... (6 bytes))
1778190350: Sending PUBLISH to mqtt-explorer-5c916486 (d0, q0, r0, m0, '$SYS/broker/load/publish/received/5min', ... (4 bytes))
1778190350: Sending PUBLISH to mqtt-explorer-5c916486 (d0, q0, r0, m0, '$SYS/broker/load/publish/sent/1min', ... (6 bytes))
1778190350: Sending PUBLISH to mqtt-explorer-5c916486 (d0, q0, r0, m0, '$SYS/broker/load/publish/sent/5min', ... (6 bytes))
1778190350: Sending PUBLISH to mqtt-explorer-5c916486 (d0, q0, r0, m0, '$SYS/broker/load/publish/sent/15min', ... (6 bytes))
1778190350: Sending PUBLISH to mqtt-explorer-5c916486 (d0, q0, r0, m0, '$SYS/broker/load/bytes/received/1min', ... (5 bytes))
1778190350: Sending PUBLISH to mqtt-explorer-5c916486 (d0, q0, r0, m0, '$SYS/broker/load/bytes/received/5min', ... (6 bytes))
1778190350: Sending PUBLISH to mqtt-explorer-5c916486 (d0, q0, r0, m0, '$SYS/broker/load/bytes/received/15min', ... (6 bytes))
1778190350: Sending PUBLISH to mqtt-explorer-5c916486 (d0, q0, r0, m0, '$SYS/broker/load/bytes/sent/1min', ... (7 bytes))
1778190350: Sending PUBLISH to mqtt-explorer-5c916486 (d0, q0, r0, m0, '$SYS/broker/load/bytes/sent/5min', ... (7 bytes))
1778190350: Sending PUBLISH to mqtt-explorer-5c916486 (d0, q0, r0, m0, '$SYS/broker/load/bytes/sent/15min', ... (7 bytes))
1778190350: Sending PUBLISH to mqtt-explorer-5c916486 (d0, q0, r0, m0, '$SYS/broker/load/sockets/1min', ... (4 bytes))
1778190350: Sending PUBLISH to mqtt-explorer-5c916486 (d0, q0, r0, m0, '$SYS/broker/load/sockets/5min', ... (4 bytes))
1778190350: Sending PUBLISH to mqtt-explorer-5c916486 (d0, q0, r0, m0, '$SYS/broker/load/sockets/15min', ... (4 bytes))
1778190350: Sending PUBLISH to mqtt-explorer-5c916486 (d0, q0, r0, m0, '$SYS/broker/load/connections/1min', ... (4 bytes))
1778190350: Sending PUBLISH to mqtt-explorer-5c916486 (d0, q0, r0, m0, '$SYS/broker/load/connections/5min', ... (4 bytes))
1778190350: Sending PUBLISH to mqtt-explorer-5c916486 (d0, q0, r0, m0, '$SYS/broker/load/connections/15min', ... (4 bytes))
1778190350: Sending PUBLISH to mqtt-explorer-5c916486 (d0, q0, r0, m0, '$SYS/broker/messages/sent', ... (4 bytes))
1778190350: Sending PUBLISH to mqtt-explorer-5c916486 (d0, q0, r0, m0, '$SYS/broker/bytes/sent', ... (6 bytes))
1778190350: Sending PUBLISH to mqtt-explorer-5c916486 (d0, q0, r0, m0, '$SYS/broker/publish/bytes/sent', ... (5 bytes))
1778190350: Sending PUBLISH to mqtt-explorer-5c916486 (d0, q0, r0, m0, '$SYS/broker/publish/messages/sent', ... (4 bytes))
1778190355: Received PINGREQ from ISIC-ESP8266-001
1778190355: Sending PINGRESP to ISIC-ESP8266-001
1778190360: Sending PUBLISH to mqtt-explorer-5c916486 (d0, q0, r0, m0, '$SYS/broker/uptime', ... (11 bytes))
1778190360: Sending PUBLISH to mqtt-explorer-5c916486 (d0, q0, r0, m0, '$SYS/broker/load/messages/received/1min', ... (4 bytes))
1778190360: Sending PUBLISH to mqtt-explorer-5c916486 (d0, q0, r0, m0, '$SYS/broker/load/messages/received/15min', ... (4 bytes))
1778190360: Sending PUBLISH to mqtt-explorer-5c916486 (d0, q0, r0, m0, '$SYS/broker/load/messages/sent/1min', ... (6 bytes))
1778190360: Sending PUBLISH to mqtt-explorer-5c916486 (d0, q0, r0, m0, '$SYS/broker/load/messages/sent/5min', ... (6 bytes))
1778190360: Sending PUBLISH to mqtt-explorer-5c916486 (d0, q0, r0, m0, '$SYS/broker/load/messages/sent/15min', ... (6 bytes))
1778190360: Sending PUBLISH to mqtt-explorer-5c916486 (d0, q0, r0, m0, '$SYS/broker/load/publish/received/5min', ... (4 bytes))
1778190360: Sending PUBLISH to mqtt-explorer-5c916486 (d0, q0, r0, m0, '$SYS/broker/load/publish/sent/1min', ... (6 bytes))
1778190360: Sending PUBLISH to mqtt-explorer-5c916486 (d0, q0, r0, m0, '$SYS/broker/load/publish/sent/5min', ... (6 bytes))
1778190360: Sending PUBLISH to mqtt-explorer-5c916486 (d0, q0, r0, m0, '$SYS/broker/load/publish/sent/15min', ... (6 bytes))
1778190360: Sending PUBLISH to mqtt-explorer-5c916486 (d0, q0, r0, m0, '$SYS/broker/load/bytes/received/1min', ... (5 bytes))
1778190360: Sending PUBLISH to mqtt-explorer-5c916486 (d0, q0, r0, m0, '$SYS/broker/load/bytes/received/5min', ... (6 bytes))
1778190360: Sending PUBLISH to mqtt-explorer-5c916486 (d0, q0, r0, m0, '$SYS/broker/load/bytes/received/15min', ... (6 bytes))
1778190360: Sending PUBLISH to mqtt-explorer-5c916486 (d0, q0, r0, m0, '$SYS/broker/load/bytes/sent/1min', ... (7 bytes))
1778190360: Sending PUBLISH to mqtt-explorer-5c916486 (d0, q0, r0, m0, '$SYS/broker/load/bytes/sent/5min', ... (7 bytes))
1778190360: Sending PUBLISH to mqtt-explorer-5c916486 (d0, q0, r0, m0, '$SYS/broker/load/bytes/sent/15min', ... (7 bytes))
1778190360: Sending PUBLISH to mqtt-explorer-5c916486 (d0, q0, r0, m0, '$SYS/broker/load/sockets/1min', ... (4 bytes))
1778190360: Sending PUBLISH to mqtt-explorer-5c916486 (d0, q0, r0, m0, '$SYS/broker/load/sockets/5min', ... (4 bytes))
1778190360: Sending PUBLISH to mqtt-explorer-5c916486 (d0, q0, r0, m0, '$SYS/broker/load/sockets/15min', ... (4 bytes))
1778190360: Sending PUBLISH to mqtt-explorer-5c916486 (d0, q0, r0, m0, '$SYS/broker/load/connections/1min', ... (4 bytes))
1778190360: Sending PUBLISH to mqtt-explorer-5c916486 (d0, q0, r0, m0, '$SYS/broker/load/connections/5min', ... (4 bytes))
1778190360: Sending PUBLISH to mqtt-explorer-5c916486 (d0, q0, r0, m0, '$SYS/broker/load/connections/15min', ... (4 bytes))
1778190360: Sending PUBLISH to mqtt-explorer-5c916486 (d0, q0, r0, m0, '$SYS/broker/messages/received', ... (3 bytes))
1778190360: Sending PUBLISH to mqtt-explorer-5c916486 (d0, q0, r0, m0, '$SYS/broker/messages/sent', ... (4 bytes))
1778190360: Sending PUBLISH to mqtt-explorer-5c916486 (d0, q0, r0, m0, '$SYS/broker/bytes/received', ... (4 bytes))
1778190360: Sending PUBLISH to mqtt-explorer-5c916486 (d0, q0, r0, m0, '$SYS/broker/bytes/sent', ... (6 bytes))
1778190360: Sending PUBLISH to mqtt-explorer-5c916486 (d0, q0, r0, m0, '$SYS/broker/publish/bytes/sent', ... (5 bytes))
1778190360: Sending PUBLISH to mqtt-explorer-5c916486 (d0, q0, r0, m0, '$SYS/broker/publish/messages/sent', ... (4 bytes))
1778190364: New connection from 127.0.0.1:47364 on port 1883.
1778190364: New client connected from 127.0.0.1:47364 as healthcheck (p4, c1, k60).
1778190364: No will message specified.
1778190364: Sending CONNACK to healthcheck (0, 0)
1778190364: Received SUBSCRIBE from healthcheck
1778190364: 	$SYS/# (QoS 0)
1778190364: healthcheck 0 $SYS/#
1778190364: Sending SUBACK to healthcheck
1778190364: Sending PUBLISH to healthcheck (d0, q0, r1, m0, '$SYS/broker/version', ... (23 bytes))
1778190364: Sending PUBLISH to healthcheck (d0, q0, r1, m0, '$SYS/broker/uptime', ... (11 bytes))
1778190364: Sending PUBLISH to healthcheck (d0, q0, r1, m0, '$SYS/broker/clients/total', ... (1 bytes))
1778190364: Sending PUBLISH to healthcheck (d0, q0, r1, m0, '$SYS/broker/clients/disconnected', ... (1 bytes))
1778190364: Sending PUBLISH to healthcheck (d0, q0, r1, m0, '$SYS/broker/clients/inactive', ... (1 bytes))
1778190364: Sending PUBLISH to healthcheck (d0, q0, r1, m0, '$SYS/broker/clients/connected', ... (1 bytes))
1778190364: Sending PUBLISH to healthcheck (d0, q0, r1, m0, '$SYS/broker/clients/active', ... (1 bytes))
1778190364: Sending PUBLISH to healthcheck (d0, q0, r1, m0, '$SYS/broker/clients/expired', ... (1 bytes))
1778190364: Sending PUBLISH to healthcheck (d0, q0, r1, m0, '$SYS/broker/clients/maximum', ... (1 bytes))
1778190364: Sending PUBLISH to healthcheck (d0, q0, r1, m0, '$SYS/broker/messages/stored', ... (2 bytes))
1778190364: Sending PUBLISH to healthcheck (d0, q0, r1, m0, '$SYS/broker/messages/received', ... (3 bytes))
1778190364: Sending PUBLISH to healthcheck (d0, q0, r1, m0, '$SYS/broker/messages/sent', ... (4 bytes))
1778190364: Sending PUBLISH to healthcheck (d0, q0, r1, m0, '$SYS/broker/store/messages/count', ... (2 bytes))
1778190364: Sending PUBLISH to healthcheck (d0, q0, r1, m0, '$SYS/broker/store/messages/bytes', ... (3 bytes))
1778190364: Sending PUBLISH to healthcheck (d0, q0, r1, m0, '$SYS/broker/subscriptions/count', ... (1 bytes))
1778190364: Sending PUBLISH to healthcheck (d0, q0, r1, m0, '$SYS/broker/shared_subscriptions/count', ... (1 bytes))
1778190364: Sending PUBLISH to healthcheck (d0, q0, r1, m0, '$SYS/broker/retained messages/count', ... (2 bytes))
1778190364: Sending PUBLISH to healthcheck (d0, q0, r1, m0, '$SYS/broker/heap/current', ... (6 bytes))
1778190364: Sending PUBLISH to healthcheck (d0, q0, r1, m0, '$SYS/broker/heap/maximum', ... (6 bytes))
1778190364: Sending PUBLISH to healthcheck (d0, q0, r1, m0, '$SYS/broker/bytes/received', ... (4 bytes))
1778190364: Sending PUBLISH to healthcheck (d0, q0, r1, m0, '$SYS/broker/bytes/sent', ... (6 bytes))
1778190364: Sending PUBLISH to healthcheck (d0, q0, r1, m0, '$SYS/broker/publish/bytes/received', ... (3 bytes))
1778190364: Sending PUBLISH to healthcheck (d0, q0, r1, m0, '$SYS/broker/publish/bytes/sent', ... (5 bytes))
1778190364: Sending PUBLISH to healthcheck (d0, q0, r1, m0, '$SYS/broker/publish/messages/dropped', ... (1 bytes))
1778190364: Sending PUBLISH to healthcheck (d0, q0, r1, m0, '$SYS/broker/publish/messages/received', ... (2 bytes))
1778190364: Sending PUBLISH to healthcheck (d0, q0, r1, m0, '$SYS/broker/publish/messages/sent', ... (4 bytes))
1778190364: Sending PUBLISH to healthcheck (d0, q0, r1, m0, '$SYS/broker/packet/out/count', ... (1 bytes))
1778190364: Sending PUBLISH to healthcheck (d0, q0, r1, m0, '$SYS/broker/packet/out/bytes', ... (1 bytes))
1778190364: Sending PUBLISH to healthcheck (d0, q0, r1, m0, '$SYS/broker/connections/socket/count', ... (2 bytes))
1778190364: Sending PUBLISH to healthcheck (d0, q0, r1, m0, '$SYS/broker/load/messages/received/1min', ... (4 bytes))
1778190364: Sending PUBLISH to healthcheck (d0, q0, r1, m0, '$SYS/broker/load/messages/received/5min', ... (4 bytes))
1778190364: Sending PUBLISH to healthcheck (d0, q0, r1, m0, '$SYS/broker/load/messages/received/15min', ... (4 bytes))
1778190364: Sending PUBLISH to healthcheck (d0, q0, r1, m0, '$SYS/broker/load/messages/sent/1min', ... (6 bytes))
1778190364: Sending PUBLISH to healthcheck (d0, q0, r1, m0, '$SYS/broker/load/messages/sent/5min', ... (6 bytes))
1778190364: Sending PUBLISH to healthcheck (d0, q0, r1, m0, '$SYS/broker/load/messages/sent/15min', ... (6 bytes))
1778190364: Sending PUBLISH to healthcheck (d0, q0, r1, m0, '$SYS/broker/load/publish/dropped/1min', ... (4 bytes))
1778190364: Sending PUBLISH to healthcheck (d0, q0, r1, m0, '$SYS/broker/load/publish/dropped/5min', ... (4 bytes))
1778190364: Sending PUBLISH to healthcheck (d0, q0, r1, m0, '$SYS/broker/load/publish/dropped/15min', ... (4 bytes))
1778190364: Sending PUBLISH to healthcheck (d0, q0, r1, m0, '$SYS/broker/load/publish/received/1min', ... (4 bytes))
1778190364: Sending PUBLISH to healthcheck (d0, q0, r1, m0, '$SYS/broker/load/publish/received/5min', ... (4 bytes))
1778190364: Sending PUBLISH to healthcheck (d0, q0, r1, m0, '$SYS/broker/load/publish/received/15min', ... (4 bytes))
1778190364: Sending PUBLISH to healthcheck (d0, q0, r1, m0, '$SYS/broker/load/publish/sent/1min', ... (6 bytes))
1778190364: Sending PUBLISH to healthcheck (d0, q0, r1, m0, '$SYS/broker/load/publish/sent/5min', ... (6 bytes))
1778190364: Sending PUBLISH to healthcheck (d0, q0, r1, m0, '$SYS/broker/load/publish/sent/15min', ... (6 bytes))
1778190364: Sending PUBLISH to healthcheck (d0, q0, r1, m0, '$SYS/broker/load/bytes/received/1min', ... (5 bytes))
1778190364: Sending PUBLISH to healthcheck (d0, q0, r1, m0, '$SYS/broker/load/bytes/received/5min', ... (6 bytes))
1778190364: Sending PUBLISH to healthcheck (d0, q0, r1, m0, '$SYS/broker/load/bytes/received/15min', ... (6 bytes))
1778190364: Sending PUBLISH to healthcheck (d0, q0, r1, m0, '$SYS/broker/load/bytes/sent/1min', ... (7 bytes))
1778190364: Sending PUBLISH to healthcheck (d0, q0, r1, m0, '$SYS/broker/load/bytes/sent/5min', ... (7 bytes))
1778190364: Sending PUBLISH to healthcheck (d0, q0, r1, m0, '$SYS/broker/load/bytes/sent/15min', ... (7 bytes))
1778190364: Sending PUBLISH to healthcheck (d0, q0, r1, m0, '$SYS/broker/load/sockets/1min', ... (4 bytes))
1778190364: Sending PUBLISH to healthcheck (d0, q0, r1, m0, '$SYS/broker/load/sockets/5min', ... (4 bytes))
1778190364: Sending PUBLISH to healthcheck (d0, q0, r1, m0, '$SYS/broker/load/sockets/15min', ... (4 bytes))
1778190364: Sending PUBLISH to healthcheck (d0, q0, r1, m0, '$SYS/broker/load/connections/1min', ... (4 bytes))
1778190364: Sending PUBLISH to healthcheck (d0, q0, r1, m0, '$SYS/broker/load/connections/5min', ... (4 bytes))
1778190364: Sending PUBLISH to healthcheck (d0, q0, r1, m0, '$SYS/broker/load/connections/15min', ... (4 bytes))
1778190364: Client healthcheck [127.0.0.1:47364] disconnected: connection closed by client.
1778190365: Received PINGREQ from mqtt-explorer-5c916486
1778190365: Sending PINGRESP to mqtt-explorer-5c916486
1778190370: Sending PUBLISH to mqtt-explorer-5c916486 (d0, q0, r0, m0, '$SYS/broker/uptime', ... (12 bytes))
1778190370: Sending PUBLISH to mqtt-explorer-5c916486 (d0, q0, r0, m0, '$SYS/broker/load/messages/received/1min', ... (4 bytes))
1778190370: Sending PUBLISH to mqtt-explorer-5c916486 (d0, q0, r0, m0, '$SYS/broker/load/messages/received/5min', ... (4 bytes))
1778190370: Sending PUBLISH to mqtt-explorer-5c916486 (d0, q0, r0, m0, '$SYS/broker/load/messages/received/15min', ... (4 bytes))
1778190370: Sending PUBLISH to mqtt-explorer-5c916486 (d0, q0, r0, m0, '$SYS/broker/load/messages/sent/1min', ... (6 bytes))
1778190370: Sending PUBLISH to mqtt-explorer-5c916486 (d0, q0, r0, m0, '$SYS/broker/load/messages/sent/5min', ... (6 bytes))
1778190370: Sending PUBLISH to mqtt-explorer-5c916486 (d0, q0, r0, m0, '$SYS/broker/load/messages/sent/15min', ... (6 bytes))
1778190370: Sending PUBLISH to mqtt-explorer-5c916486 (d0, q0, r0, m0, '$SYS/broker/load/publish/received/5min', ... (4 bytes))
1778190370: Sending PUBLISH to mqtt-explorer-5c916486 (d0, q0, r0, m0, '$SYS/broker/load/publish/sent/1min', ... (6 bytes))
1778190370: Sending PUBLISH to mqtt-explorer-5c916486 (d0, q0, r0, m0, '$SYS/broker/load/publish/sent/5min', ... (6 bytes))
1778190370: Sending PUBLISH to mqtt-explorer-5c916486 (d0, q0, r0, m0, '$SYS/broker/load/publish/sent/15min', ... (6 bytes))
1778190370: Sending PUBLISH to mqtt-explorer-5c916486 (d0, q0, r0, m0, '$SYS/broker/load/bytes/received/1min', ... (5 bytes))
1778190370: Sending PUBLISH to mqtt-explorer-5c916486 (d0, q0, r0, m0, '$SYS/broker/load/bytes/received/5min', ... (6 bytes))
1778190370: Sending PUBLISH to mqtt-explorer-5c916486 (d0, q0, r0, m0, '$SYS/broker/load/bytes/received/15min', ... (6 bytes))
1778190370: Sending PUBLISH to mqtt-explorer-5c916486 (d0, q0, r0, m0, '$SYS/broker/load/bytes/sent/1min', ... (7 bytes))
1778190370: Sending PUBLISH to mqtt-explorer-5c916486 (d0, q0, r0, m0, '$SYS/broker/load/bytes/sent/5min', ... (7 bytes))
1778190370: Sending PUBLISH to mqtt-explorer-5c916486 (d0, q0, r0, m0, '$SYS/broker/load/bytes/sent/15min', ... (7 bytes))
1778190370: Sending PUBLISH to mqtt-explorer-5c916486 (d0, q0, r0, m0, '$SYS/broker/load/sockets/1min', ... (4 bytes))
1778190370: Sending PUBLISH to mqtt-explorer-5c916486 (d0, q0, r0, m0, '$SYS/broker/load/sockets/5min', ... (4 bytes))
1778190370: Sending PUBLISH to mqtt-explorer-5c916486 (d0, q0, r0, m0, '$SYS/broker/load/sockets/15min', ... (4 bytes))
1778190370: Sending PUBLISH to mqtt-explorer-5c916486 (d0, q0, r0, m0, '$SYS/broker/load/connections/1min', ... (4 bytes))
1778190370: Sending PUBLISH to mqtt-explorer-5c916486 (d0, q0, r0, m0, '$SYS/broker/load/connections/5min', ... (4 bytes))
1778190370: Sending PUBLISH to mqtt-explorer-5c916486 (d0, q0, r0, m0, '$SYS/broker/load/connections/15min', ... (4 bytes))
1778190370: Sending PUBLISH to mqtt-explorer-5c916486 (d0, q0, r0, m0, '$SYS/broker/store/messages/bytes', ... (3 bytes))
1778190370: Sending PUBLISH to mqtt-explorer-5c916486 (d0, q0, r0, m0, '$SYS/broker/heap/current', ... (6 bytes))
1778190370: Sending PUBLISH to mqtt-explorer-5c916486 (d0, q0, r0, m0, '$SYS/broker/messages/received', ... (3 bytes))
1778190370: Sending PUBLISH to mqtt-explorer-5c916486 (d0, q0, r0, m0, '$SYS/broker/messages/sent', ... (4 bytes))
1778190370: Sending PUBLISH to mqtt-explorer-5c916486 (d0, q0, r0, m0, '$SYS/broker/bytes/received', ... (4 bytes))
1778190370: Sending PUBLISH to mqtt-explorer-5c916486 (d0, q0, r0, m0, '$SYS/broker/bytes/sent', ... (6 bytes))
1778190370: Sending PUBLISH to mqtt-explorer-5c916486 (d0, q0, r0, m0, '$SYS/broker/publish/bytes/sent', ... (5 bytes))
1778190370: Sending PUBLISH to mqtt-explorer-5c916486 (d0, q0, r0, m0, '$SYS/broker/connections/socket/count', ... (2 bytes))
1778190370: Sending PUBLISH to mqtt-explorer-5c916486 (d0, q0, r0, m0, '$SYS/broker/publish/messages/sent', ... (4 bytes))
1778190380: Sending PUBLISH to mqtt-explorer-5c916486 (d0, q0, r0, m0, '$SYS/broker/uptime', ... (12 bytes))
1778190380: Sending PUBLISH to mqtt-explorer-5c916486 (d0, q0, r0, m0, '$SYS/broker/load/messages/received/1min', ... (4 bytes))
1778190380: Sending PUBLISH to mqtt-explorer-5c916486 (d0, q0, r0, m0, '$SYS/broker/load/messages/received/5min', ... (4 bytes))
1778190380: Sending PUBLISH to mqtt-explorer-5c916486 (d0, q0, r0, m0, '$SYS/broker/load/messages/received/15min', ... (4 bytes))
1778190380: Sending PUBLISH to mqtt-explorer-5c916486 (d0, q0, r0, m0, '$SYS/broker/load/messages/sent/1min', ... (6 bytes))
1778190380: Sending PUBLISH to mqtt-explorer-5c916486 (d0, q0, r0, m0, '$SYS/broker/load/messages/sent/5min', ... (6 bytes))
1778190380: Sending PUBLISH to mqtt-explorer-5c916486 (d0, q0, r0, m0, '$SYS/broker/load/messages/sent/15min', ... (6 bytes))
1778190380: Sending PUBLISH to mqtt-explorer-5c916486 (d0, q0, r0, m0, '$SYS/broker/load/publish/received/5min', ... (4 bytes))
1778190380: Sending PUBLISH to mqtt-explorer-5c916486 (d0, q0, r0, m0, '$SYS/broker/load/publish/sent/1min', ... (6 bytes))
1778190380: Sending PUBLISH to mqtt-explorer-5c916486 (d0, q0, r0, m0, '$SYS/broker/load/publish/sent/5min', ... (6 bytes))
1778190380: Sending PUBLISH to mqtt-explorer-5c916486 (d0, q0, r0, m0, '$SYS/broker/load/publish/sent/15min', ... (6 bytes))
1778190380: Sending PUBLISH to mqtt-explorer-5c916486 (d0, q0, r0, m0, '$SYS/broker/load/bytes/received/1min', ... (5 bytes))
1778190380: Sending PUBLISH to mqtt-explorer-5c916486 (d0, q0, r0, m0, '$SYS/broker/load/bytes/received/5min', ... (6 bytes))
1778190380: Sending PUBLISH to mqtt-explorer-5c916486 (d0, q0, r0, m0, '$SYS/broker/load/bytes/received/15min', ... (6 bytes))
1778190380: Sending PUBLISH to mqtt-explorer-5c916486 (d0, q0, r0, m0, '$SYS/broker/load/bytes/sent/1min', ... (7 bytes))
1778190380: Sending PUBLISH to mqtt-explorer-5c916486 (d0, q0, r0, m0, '$SYS/broker/load/bytes/sent/5min', ... (7 bytes))
1778190380: Sending PUBLISH to mqtt-explorer-5c916486 (d0, q0, r0, m0, '$SYS/broker/load/bytes/sent/15min', ... (7 bytes))
1778190380: Sending PUBLISH to mqtt-explorer-5c916486 (d0, q0, r0, m0, '$SYS/broker/load/sockets/1min', ... (4 bytes))
1778190380: Sending PUBLISH to mqtt-explorer-5c916486 (d0, q0, r0, m0, '$SYS/broker/load/sockets/5min', ... (4 bytes))
1778190380: Sending PUBLISH to mqtt-explorer-5c916486 (d0, q0, r0, m0, '$SYS/broker/load/sockets/15min', ... (4 bytes))
1778190380: Sending PUBLISH to mqtt-explorer-5c916486 (d0, q0, r0, m0, '$SYS/broker/load/connections/1min', ... (4 bytes))
1778190380: Sending PUBLISH to mqtt-explorer-5c916486 (d0, q0, r0, m0, '$SYS/broker/load/connections/5min', ... (4 bytes))
1778190380: Sending PUBLISH to mqtt-explorer-5c916486 (d0, q0, r0, m0, '$SYS/broker/load/connections/15min', ... (4 bytes))
1778190380: Sending PUBLISH to mqtt-explorer-5c916486 (d0, q0, r0, m0, '$SYS/broker/messages/sent', ... (4 bytes))
1778190380: Sending PUBLISH to mqtt-explorer-5c916486 (d0, q0, r0, m0, '$SYS/broker/bytes/sent', ... (6 bytes))
1778190380: Sending PUBLISH to mqtt-explorer-5c916486 (d0, q0, r0, m0, '$SYS/broker/publish/bytes/sent', ... (5 bytes))
1778190380: Sending PUBLISH to mqtt-explorer-5c916486 (d0, q0, r0, m0, '$SYS/broker/publish/messages/sent', ... (4 bytes))
1778190390: Sending PUBLISH to mqtt-explorer-5c916486 (d0, q0, r0, m0, '$SYS/broker/uptime', ... (12 bytes))
1778190390: Sending PUBLISH to mqtt-explorer-5c916486 (d0, q0, r0, m0, '$SYS/broker/load/messages/received/1min', ... (4 bytes))
1778190390: Sending PUBLISH to mqtt-explorer-5c916486 (d0, q0, r0, m0, '$SYS/broker/load/messages/received/5min', ... (4 bytes))
1778190390: Sending PUBLISH to mqtt-explorer-5c916486 (d0, q0, r0, m0, '$SYS/broker/load/messages/received/15min', ... (4 bytes))
1778190390: Sending PUBLISH to mqtt-explorer-5c916486 (d0, q0, r0, m0, '$SYS/broker/load/messages/sent/1min', ... (6 bytes))
1778190390: Sending PUBLISH to mqtt-explorer-5c916486 (d0, q0, r0, m0, '$SYS/broker/load/messages/sent/5min', ... (6 bytes))
1778190390: Sending PUBLISH to mqtt-explorer-5c916486 (d0, q0, r0, m0, '$SYS/broker/load/messages/sent/15min', ... (6 bytes))
1778190390: Sending PUBLISH to mqtt-explorer-5c916486 (d0, q0, r0, m0, '$SYS/broker/load/publish/received/5min', ... (4 bytes))
1778190390: Sending PUBLISH to mqtt-explorer-5c916486 (d0, q0, r0, m0, '$SYS/broker/load/publish/sent/1min', ... (6 bytes))
1778190390: Sending PUBLISH to mqtt-explorer-5c916486 (d0, q0, r0, m0, '$SYS/broker/load/publish/sent/5min', ... (6 bytes))
1778190390: Sending PUBLISH to mqtt-explorer-5c916486 (d0, q0, r0, m0, '$SYS/broker/load/publish/sent/15min', ... (6 bytes))
1778190390: Sending PUBLISH to mqtt-explorer-5c916486 (d0, q0, r0, m0, '$SYS/broker/load/bytes/received/1min', ... (5 bytes))
1778190390: Sending PUBLISH to mqtt-explorer-5c916486 (d0, q0, r0, m0, '$SYS/broker/load/bytes/received/5min', ... (6 bytes))
1778190390: Sending PUBLISH to mqtt-explorer-5c916486 (d0, q0, r0, m0, '$SYS/broker/load/bytes/received/15min', ... (6 bytes))
1778190390: Sending PUBLISH to mqtt-explorer-5c916486 (d0, q0, r0, m0, '$SYS/broker/load/bytes/sent/1min', ... (7 bytes))
1778190390: Sending PUBLISH to mqtt-explorer-5c916486 (d0, q0, r0, m0, '$SYS/broker/load/bytes/sent/5min', ... (7 bytes))
1778190390: Sending PUBLISH to mqtt-explorer-5c916486 (d0, q0, r0, m0, '$SYS/broker/load/bytes/sent/15min', ... (7 bytes))
1778190390: Sending PUBLISH to mqtt-explorer-5c916486 (d0, q0, r0, m0, '$SYS/broker/load/sockets/1min', ... (4 bytes))
1778190390: Sending PUBLISH to mqtt-explorer-5c916486 (d0, q0, r0, m0, '$SYS/broker/load/sockets/5min', ... (4 bytes))
1778190390: Sending PUBLISH to mqtt-explorer-5c916486 (d0, q0, r0, m0, '$SYS/broker/load/sockets/15min', ... (4 bytes))
1778190390: Sending PUBLISH to mqtt-explorer-5c916486 (d0, q0, r0, m0, '$SYS/broker/load/connections/1min', ... (4 bytes))
1778190390: Sending PUBLISH to mqtt-explorer-5c916486 (d0, q0, r0, m0, '$SYS/broker/load/connections/5min', ... (4 bytes))
1778190390: Sending PUBLISH to mqtt-explorer-5c916486 (d0, q0, r0, m0, '$SYS/broker/load/connections/15min', ... (4 bytes))
1778190390: Sending PUBLISH to mqtt-explorer-5c916486 (d0, q0, r0, m0, '$SYS/broker/messages/sent', ... (4 bytes))
1778190390: Sending PUBLISH to mqtt-explorer-5c916486 (d0, q0, r0, m0, '$SYS/broker/bytes/sent', ... (6 bytes))
1778190390: Sending PUBLISH to mqtt-explorer-5c916486 (d0, q0, r0, m0, '$SYS/broker/publish/bytes/sent', ... (5 bytes))
1778190390: Sending PUBLISH to mqtt-explorer-5c916486 (d0, q0, r0, m0, '$SYS/broker/publish/messages/sent', ... (4 bytes))
1778190391: Received PUBLISH from ISIC-ESP8266-001 (d0, q0, r1, m0, 'device/ISIC-ESP8266-001/status', ... (20 bytes))
1778190391: Sending PUBLISH to mqtt-explorer-5c916486 (d0, q0, r0, m0, 'device/ISIC-ESP8266-001/status', ... (20 bytes))
1778190391: Received PUBLISH from ISIC-ESP8266-001 (d0, q0, r1, m0, 'device/ISIC-ESP8266-001/health', ... (222 bytes))
1778190391: Sending PUBLISH to mqtt-explorer-5c916486 (d0, q0, r0, m0, 'device/ISIC-ESP8266-001/health', ... (222 bytes))
1778190394: New connection from 127.0.0.1:43102 on port 1883.
1778190394: New client connected from 127.0.0.1:43102 as healthcheck (p4, c1, k60).
1778190394: No will message specified.
1778190394: Sending CONNACK to healthcheck (0, 0)
1778190394: Received SUBSCRIBE from healthcheck
1778190394: 	$SYS/# (QoS 0)
1778190394: healthcheck 0 $SYS/#
1778190394: Sending SUBACK to healthcheck
1778190394: Sending PUBLISH to healthcheck (d0, q0, r1, m0, '$SYS/broker/version', ... (23 bytes))
1778190394: Sending PUBLISH to healthcheck (d0, q0, r1, m0, '$SYS/broker/uptime', ... (12 bytes))
1778190394: Sending PUBLISH to healthcheck (d0, q0, r1, m0, '$SYS/broker/clients/total', ... (1 bytes))
1778190394: Sending PUBLISH to healthcheck (d0, q0, r1, m0, '$SYS/broker/clients/disconnected', ... (1 bytes))
1778190394: Sending PUBLISH to healthcheck (d0, q0, r1, m0, '$SYS/broker/clients/inactive', ... (1 bytes))
1778190394: Sending PUBLISH to healthcheck (d0, q0, r1, m0, '$SYS/broker/clients/connected', ... (1 bytes))
1778190394: Sending PUBLISH to healthcheck (d0, q0, r1, m0, '$SYS/broker/clients/active', ... (1 bytes))
1778190394: Sending PUBLISH to healthcheck (d0, q0, r1, m0, '$SYS/broker/clients/expired', ... (1 bytes))
1778190394: Sending PUBLISH to healthcheck (d0, q0, r1, m0, '$SYS/broker/clients/maximum', ... (1 bytes))
1778190394: Sending PUBLISH to healthcheck (d0, q0, r1, m0, '$SYS/broker/messages/stored', ... (2 bytes))
1778190394: Sending PUBLISH to healthcheck (d0, q0, r1, m0, '$SYS/broker/messages/received', ... (3 bytes))
1778190394: Sending PUBLISH to healthcheck (d0, q0, r1, m0, '$SYS/broker/messages/sent', ... (4 bytes))
1778190394: Sending PUBLISH to healthcheck (d0, q0, r1, m0, '$SYS/broker/store/messages/count', ... (2 bytes))
1778190394: Sending PUBLISH to healthcheck (d0, q0, r1, m0, '$SYS/broker/store/messages/bytes', ... (3 bytes))
1778190394: Sending PUBLISH to healthcheck (d0, q0, r1, m0, '$SYS/broker/subscriptions/count', ... (1 bytes))
1778190394: Sending PUBLISH to healthcheck (d0, q0, r1, m0, '$SYS/broker/shared_subscriptions/count', ... (1 bytes))
1778190394: Sending PUBLISH to healthcheck (d0, q0, r1, m0, '$SYS/broker/retained messages/count', ... (2 bytes))
1778190394: Sending PUBLISH to healthcheck (d0, q0, r1, m0, '$SYS/broker/heap/current', ... (6 bytes))
1778190394: Sending PUBLISH to healthcheck (d0, q0, r1, m0, '$SYS/broker/heap/maximum', ... (6 bytes))
1778190394: Sending PUBLISH to healthcheck (d0, q0, r1, m0, '$SYS/broker/bytes/received', ... (4 bytes))
1778190394: Sending PUBLISH to healthcheck (d0, q0, r1, m0, '$SYS/broker/bytes/sent', ... (6 bytes))
1778190394: Sending PUBLISH to healthcheck (d0, q0, r1, m0, '$SYS/broker/publish/bytes/received', ... (3 bytes))
1778190394: Sending PUBLISH to healthcheck (d0, q0, r1, m0, '$SYS/broker/publish/bytes/sent', ... (5 bytes))
1778190394: Sending PUBLISH to healthcheck (d0, q0, r1, m0, '$SYS/broker/publish/messages/dropped', ... (1 bytes))
1778190394: Sending PUBLISH to healthcheck (d0, q0, r1, m0, '$SYS/broker/publish/messages/received', ... (2 bytes))
1778190394: Sending PUBLISH to healthcheck (d0, q0, r1, m0, '$SYS/broker/publish/messages/sent', ... (4 bytes))
1778190394: Sending PUBLISH to healthcheck (d0, q0, r1, m0, '$SYS/broker/packet/out/count', ... (1 bytes))
1778190394: Sending PUBLISH to healthcheck (d0, q0, r1, m0, '$SYS/broker/packet/out/bytes', ... (1 bytes))
1778190394: Sending PUBLISH to healthcheck (d0, q0, r1, m0, '$SYS/broker/connections/socket/count', ... (2 bytes))
1778190394: Sending PUBLISH to healthcheck (d0, q0, r1, m0, '$SYS/broker/load/messages/received/1min', ... (4 bytes))
1778190394: Sending PUBLISH to healthcheck (d0, q0, r1, m0, '$SYS/broker/load/messages/received/5min', ... (4 bytes))
1778190394: Sending PUBLISH to healthcheck (d0, q0, r1, m0, '$SYS/broker/load/messages/received/15min', ... (4 bytes))
1778190394: Sending PUBLISH to healthcheck (d0, q0, r1, m0, '$SYS/broker/load/messages/sent/1min', ... (6 bytes))
1778190394: Sending PUBLISH to healthcheck (d0, q0, r1, m0, '$SYS/broker/load/messages/sent/5min', ... (6 bytes))
1778190394: Sending PUBLISH to healthcheck (d0, q0, r1, m0, '$SYS/broker/load/messages/sent/15min', ... (6 bytes))
1778190394: Sending PUBLISH to healthcheck (d0, q0, r1, m0, '$SYS/broker/load/publish/dropped/1min', ... (4 bytes))
1778190394: Sending PUBLISH to healthcheck (d0, q0, r1, m0, '$SYS/broker/load/publish/dropped/5min', ... (4 bytes))
1778190394: Sending PUBLISH to healthcheck (d0, q0, r1, m0, '$SYS/broker/load/publish/dropped/15min', ... (4 bytes))
1778190394: Sending PUBLISH to healthcheck (d0, q0, r1, m0, '$SYS/broker/load/publish/received/1min', ... (4 bytes))
1778190394: Sending PUBLISH to healthcheck (d0, q0, r1, m0, '$SYS/broker/load/publish/received/5min', ... (4 bytes))
1778190394: Sending PUBLISH to healthcheck (d0, q0, r1, m0, '$SYS/broker/load/publish/received/15min', ... (4 bytes))
1778190394: Sending PUBLISH to healthcheck (d0, q0, r1, m0, '$SYS/broker/load/publish/sent/1min', ... (6 bytes))
1778190394: Sending PUBLISH to healthcheck (d0, q0, r1, m0, '$SYS/broker/load/publish/sent/5min', ... (6 bytes))
1778190394: Sending PUBLISH to healthcheck (d0, q0, r1, m0, '$SYS/broker/load/publish/sent/15min', ... (6 bytes))
1778190394: Sending PUBLISH to healthcheck (d0, q0, r1, m0, '$SYS/broker/load/bytes/received/1min', ... (5 bytes))
1778190394: Sending PUBLISH to healthcheck (d0, q0, r1, m0, '$SYS/broker/load/bytes/received/5min', ... (6 bytes))
1778190394: Sending PUBLISH to healthcheck (d0, q0, r1, m0, '$SYS/broker/load/bytes/received/15min', ... (6 bytes))
1778190394: Sending PUBLISH to healthcheck (d0, q0, r1, m0, '$SYS/broker/load/bytes/sent/1min', ... (7 bytes))
1778190394: Sending PUBLISH to healthcheck (d0, q0, r1, m0, '$SYS/broker/load/bytes/sent/5min', ... (7 bytes))
1778190394: Sending PUBLISH to healthcheck (d0, q0, r1, m0, '$SYS/broker/load/bytes/sent/15min', ... (7 bytes))
1778190394: Sending PUBLISH to healthcheck (d0, q0, r1, m0, '$SYS/broker/load/sockets/1min', ... (4 bytes))
1778190394: Sending PUBLISH to healthcheck (d0, q0, r1, m0, '$SYS/broker/load/sockets/5min', ... (4 bytes))
1778190394: Sending PUBLISH to healthcheck (d0, q0, r1, m0, '$SYS/broker/load/sockets/15min', ... (4 bytes))
1778190394: Sending PUBLISH to healthcheck (d0, q0, r1, m0, '$SYS/broker/load/connections/1min', ... (4 bytes))
1778190394: Sending PUBLISH to healthcheck (d0, q0, r1, m0, '$SYS/broker/load/connections/5min', ... (4 bytes))
1778190394: Sending PUBLISH to healthcheck (d0, q0, r1, m0, '$SYS/broker/load/connections/15min', ... (4 bytes))
1778190394: Client healthcheck [127.0.0.1:43102] disconnected: connection closed by client.
1778190400: Sending PUBLISH to mqtt-explorer-5c916486 (d0, q0, r0, m0, '$SYS/broker/uptime', ... (12 bytes))
1778190400: Sending PUBLISH to mqtt-explorer-5c916486 (d0, q0, r0, m0, '$SYS/broker/load/messages/received/1min', ... (4 bytes))
1778190400: Sending PUBLISH to mqtt-explorer-5c916486 (d0, q0, r0, m0, '$SYS/broker/load/messages/received/5min', ... (4 bytes))
1778190400: Sending PUBLISH to mqtt-explorer-5c916486 (d0, q0, r0, m0, '$SYS/broker/load/messages/received/15min', ... (4 bytes))
1778190400: Sending PUBLISH to mqtt-explorer-5c916486 (d0, q0, r0, m0, '$SYS/broker/load/messages/sent/1min', ... (6 bytes))
1778190400: Sending PUBLISH to mqtt-explorer-5c916486 (d0, q0, r0, m0, '$SYS/broker/load/messages/sent/5min', ... (6 bytes))
1778190400: Sending PUBLISH to mqtt-explorer-5c916486 (d0, q0, r0, m0, '$SYS/broker/load/messages/sent/15min', ... (6 bytes))
1778190400: Sending PUBLISH to mqtt-explorer-5c916486 (d0, q0, r0, m0, '$SYS/broker/load/publish/received/1min', ... (4 bytes))
1778190400: Sending PUBLISH to mqtt-explorer-5c916486 (d0, q0, r0, m0, '$SYS/broker/load/publish/received/5min', ... (4 bytes))
1778190400: Sending PUBLISH to mqtt-explorer-5c916486 (d0, q0, r0, m0, '$SYS/broker/load/publish/received/15min', ... (4 bytes))
1778190400: Sending PUBLISH to mqtt-explorer-5c916486 (d0, q0, r0, m0, '$SYS/broker/load/publish/sent/1min', ... (6 bytes))
1778190400: Sending PUBLISH to mqtt-explorer-5c916486 (d0, q0, r0, m0, '$SYS/broker/load/publish/sent/5min', ... (6 bytes))
1778190400: Sending PUBLISH to mqtt-explorer-5c916486 (d0, q0, r0, m0, '$SYS/broker/load/publish/sent/15min', ... (6 bytes))
1778190400: Sending PUBLISH to mqtt-explorer-5c916486 (d0, q0, r0, m0, '$SYS/broker/load/bytes/received/1min', ... (6 bytes))
1778190400: Sending PUBLISH to mqtt-explorer-5c916486 (d0, q0, r0, m0, '$SYS/broker/load/bytes/received/5min', ... (6 bytes))
1778190400: Sending PUBLISH to mqtt-explorer-5c916486 (d0, q0, r0, m0, '$SYS/broker/load/bytes/received/15min', ... (6 bytes))
1778190400: Sending PUBLISH to mqtt-explorer-5c916486 (d0, q0, r0, m0, '$SYS/broker/load/bytes/sent/1min', ... (8 bytes))
1778190400: Sending PUBLISH to mqtt-explorer-5c916486 (d0, q0, r0, m0, '$SYS/broker/load/bytes/sent/5min', ... (7 bytes))
1778190400: Sending PUBLISH to mqtt-explorer-5c916486 (d0, q0, r0, m0, '$SYS/broker/load/bytes/sent/15min', ... (7 bytes))
1778190400: Sending PUBLISH to mqtt-explorer-5c916486 (d0, q0, r0, m0, '$SYS/broker/load/sockets/1min', ... (4 bytes))
1778190400: Sending PUBLISH to mqtt-explorer-5c916486 (d0, q0, r0, m0, '$SYS/broker/load/sockets/5min', ... (4 bytes))
1778190400: Sending PUBLISH to mqtt-explorer-5c916486 (d0, q0, r0, m0, '$SYS/broker/load/sockets/15min', ... (4 bytes))
1778190400: Sending PUBLISH to mqtt-explorer-5c916486 (d0, q0, r0, m0, '$SYS/broker/load/connections/1min', ... (4 bytes))
1778190400: Sending PUBLISH to mqtt-explorer-5c916486 (d0, q0, r0, m0, '$SYS/broker/load/connections/5min', ... (4 bytes))
1778190400: Sending PUBLISH to mqtt-explorer-5c916486 (d0, q0, r0, m0, '$SYS/broker/load/connections/15min', ... (4 bytes))
1778190400: Sending PUBLISH to mqtt-explorer-5c916486 (d0, q0, r0, m0, '$SYS/broker/heap/maximum', ... (6 bytes))
1778190400: Sending PUBLISH to mqtt-explorer-5c916486 (d0, q0, r0, m0, '$SYS/broker/messages/received', ... (3 bytes))
1778190400: Sending PUBLISH to mqtt-explorer-5c916486 (d0, q0, r0, m0, '$SYS/broker/messages/sent', ... (4 bytes))
1778190400: Sending PUBLISH to mqtt-explorer-5c916486 (d0, q0, r0, m0, '$SYS/broker/bytes/received', ... (4 bytes))
1778190400: Sending PUBLISH to mqtt-explorer-5c916486 (d0, q0, r0, m0, '$SYS/broker/bytes/sent', ... (6 bytes))
1778190400: Sending PUBLISH to mqtt-explorer-5c916486 (d0, q0, r0, m0, '$SYS/broker/publish/bytes/received', ... (4 bytes))
1778190400: Sending PUBLISH to mqtt-explorer-5c916486 (d0, q0, r0, m0, '$SYS/broker/publish/bytes/sent', ... (5 bytes))
1778190400: Sending PUBLISH to mqtt-explorer-5c916486 (d0, q0, r0, m0, '$SYS/broker/connections/socket/count', ... (2 bytes))
1778190400: Sending PUBLISH to mqtt-explorer-5c916486 (d0, q0, r0, m0, '$SYS/broker/publish/messages/received', ... (2 bytes))
1778190400: Sending PUBLISH to mqtt-explorer-5c916486 (d0, q0, r0, m0, '$SYS/broker/publish/messages/sent', ... (4 bytes))
1778190410: Sending PUBLISH to mqtt-explorer-5c916486 (d0, q0, r0, m0, '$SYS/broker/uptime', ... (12 bytes))
1778190410: Sending PUBLISH to mqtt-explorer-5c916486 (d0, q0, r0, m0, '$SYS/broker/load/messages/received/1min', ... (4 bytes))
1778190410: Sending PUBLISH to mqtt-explorer-5c916486 (d0, q0, r0, m0, '$SYS/broker/load/messages/received/5min', ... (4 bytes))
1778190410: Sending PUBLISH to mqtt-explorer-5c916486 (d0, q0, r0, m0, '$SYS/broker/load/messages/received/15min', ... (4 bytes))
1778190410: Sending PUBLISH to mqtt-explorer-5c916486 (d0, q0, r0, m0, '$SYS/broker/load/messages/sent/1min', ... (6 bytes))
1778190410: Sending PUBLISH to mqtt-explorer-5c916486 (d0, q0, r0, m0, '$SYS/broker/load/messages/sent/5min', ... (6 bytes))
1778190410: Sending PUBLISH to mqtt-explorer-5c916486 (d0, q0, r0, m0, '$SYS/broker/load/messages/sent/15min', ... (6 bytes))
1778190410: Sending PUBLISH to mqtt-explorer-5c916486 (d0, q0, r0, m0, '$SYS/broker/load/publish/received/1min', ... (4 bytes))
1778190410: Sending PUBLISH to mqtt-explorer-5c916486 (d0, q0, r0, m0, '$SYS/broker/load/publish/received/5min', ... (4 bytes))
1778190410: Sending PUBLISH to mqtt-explorer-5c916486 (d0, q0, r0, m0, '$SYS/broker/load/publish/sent/1min', ... (6 bytes))
1778190410: Sending PUBLISH to mqtt-explorer-5c916486 (d0, q0, r0, m0, '$SYS/broker/load/publish/sent/5min', ... (6 bytes))
1778190410: Sending PUBLISH to mqtt-explorer-5c916486 (d0, q0, r0, m0, '$SYS/broker/load/publish/sent/15min', ... (6 bytes))
1778190410: Sending PUBLISH to mqtt-explorer-5c916486 (d0, q0, r0, m0, '$SYS/broker/load/bytes/received/1min', ... (6 bytes))
1778190410: Sending PUBLISH to mqtt-explorer-5c916486 (d0, q0, r0, m0, '$SYS/broker/load/bytes/received/5min', ... (6 bytes))
1778190410: Sending PUBLISH to mqtt-explorer-5c916486 (d0, q0, r0, m0, '$SYS/broker/load/bytes/received/15min', ... (6 bytes))
1778190410: Sending PUBLISH to mqtt-explorer-5c916486 (d0, q0, r0, m0, '$SYS/broker/load/bytes/sent/1min', ... (7 bytes))
1778190410: Sending PUBLISH to mqtt-explorer-5c916486 (d0, q0, r0, m0, '$SYS/broker/load/bytes/sent/5min', ... (7 bytes))
1778190410: Sending PUBLISH to mqtt-explorer-5c916486 (d0, q0, r0, m0, '$SYS/broker/load/bytes/sent/15min', ... (7 bytes))
1778190410: Sending PUBLISH to mqtt-explorer-5c916486 (d0, q0, r0, m0, '$SYS/broker/load/sockets/1min', ... (4 bytes))
1778190410: Sending PUBLISH to mqtt-explorer-5c916486 (d0, q0, r0, m0, '$SYS/broker/load/sockets/5min', ... (4 bytes))
1778190410: Sending PUBLISH to mqtt-explorer-5c916486 (d0, q0, r0, m0, '$SYS/broker/load/sockets/15min', ... (4 bytes))
1778190410: Sending PUBLISH to mqtt-explorer-5c916486 (d0, q0, r0, m0, '$SYS/broker/load/connections/1min', ... (4 bytes))
1778190410: Sending PUBLISH to mqtt-explorer-5c916486 (d0, q0, r0, m0, '$SYS/broker/load/connections/5min', ... (4 bytes))
1778190410: Sending PUBLISH to mqtt-explorer-5c916486 (d0, q0, r0, m0, '$SYS/broker/load/connections/15min', ... (4 bytes))
1778190410: Sending PUBLISH to mqtt-explorer-5c916486 (d0, q0, r0, m0, '$SYS/broker/store/messages/bytes', ... (3 bytes))
1778190410: Sending PUBLISH to mqtt-explorer-5c916486 (d0, q0, r0, m0, '$SYS/broker/heap/current', ... (6 bytes))
1778190410: Sending PUBLISH to mqtt-explorer-5c916486 (d0, q0, r0, m0, '$SYS/broker/messages/sent', ... (4 bytes))
1778190410: Sending PUBLISH to mqtt-explorer-5c916486 (d0, q0, r0, m0, '$SYS/broker/bytes/sent', ... (6 bytes))
1778190410: Sending PUBLISH to mqtt-explorer-5c916486 (d0, q0, r0, m0, '$SYS/broker/publish/bytes/sent', ... (5 bytes))
1778190410: Sending PUBLISH to mqtt-explorer-5c916486 (d0, q0, r0, m0, '$SYS/broker/publish/messages/sent', ... (4 bytes))
1778190417: Received PINGREQ from ISIC-ESP8266-001
1778190417: Sending PINGRESP to ISIC-ESP8266-001
1778190420: Sending PUBLISH to mqtt-explorer-5c916486 (d0, q0, r0, m0, '$SYS/broker/uptime', ... (12 bytes))
1778190420: Sending PUBLISH to mqtt-explorer-5c916486 (d0, q0, r0, m0, '$SYS/broker/load/messages/received/1min', ... (4 bytes))
1778190420: Sending PUBLISH to mqtt-explorer-5c916486 (d0, q0, r0, m0, '$SYS/broker/load/messages/received/5min', ... (4 bytes))
1778190420: Sending PUBLISH to mqtt-explorer-5c916486 (d0, q0, r0, m0, '$SYS/broker/load/messages/received/15min', ... (4 bytes))
1778190420: Sending PUBLISH to mqtt-explorer-5c916486 (d0, q0, r0, m0, '$SYS/broker/load/messages/sent/1min', ... (6 bytes))
1778190420: Sending PUBLISH to mqtt-explorer-5c916486 (d0, q0, r0, m0, '$SYS/broker/load/messages/sent/5min', ... (6 bytes))
1778190420: Sending PUBLISH to mqtt-explorer-5c916486 (d0, q0, r0, m0, '$SYS/broker/load/messages/sent/15min', ... (6 bytes))
1778190420: Sending PUBLISH to mqtt-explorer-5c916486 (d0, q0, r0, m0, '$SYS/broker/load/publish/received/1min', ... (4 bytes))
1778190420: Sending PUBLISH to mqtt-explorer-5c916486 (d0, q0, r0, m0, '$SYS/broker/load/publish/received/5min', ... (4 bytes))
1778190420: Sending PUBLISH to mqtt-explorer-5c916486 (d0, q0, r0, m0, '$SYS/broker/load/publish/sent/1min', ... (6 bytes))
1778190420: Sending PUBLISH to mqtt-explorer-5c916486 (d0, q0, r0, m0, '$SYS/broker/load/publish/sent/5min', ... (6 bytes))
1778190420: Sending PUBLISH to mqtt-explorer-5c916486 (d0, q0, r0, m0, '$SYS/broker/load/publish/sent/15min', ... (6 bytes))
1778190420: Sending PUBLISH to mqtt-explorer-5c916486 (d0, q0, r0, m0, '$SYS/broker/load/bytes/received/1min', ... (6 bytes))
1778190420: Sending PUBLISH to mqtt-explorer-5c916486 (d0, q0, r0, m0, '$SYS/broker/load/bytes/received/5min', ... (6 bytes))
1778190420: Sending PUBLISH to mqtt-explorer-5c916486 (d0, q0, r0, m0, '$SYS/broker/load/bytes/received/15min', ... (6 bytes))
1778190420: Sending PUBLISH to mqtt-explorer-5c916486 (d0, q0, r0, m0, '$SYS/broker/load/bytes/sent/1min', ... (7 bytes))
1778190420: Sending PUBLISH to mqtt-explorer-5c916486 (d0, q0, r0, m0, '$SYS/broker/load/bytes/sent/5min', ... (7 bytes))
1778190420: Sending PUBLISH to mqtt-explorer-5c916486 (d0, q0, r0, m0, '$SYS/broker/load/bytes/sent/15min', ... (7 bytes))
1778190420: Sending PUBLISH to mqtt-explorer-5c916486 (d0, q0, r0, m0, '$SYS/broker/load/sockets/1min', ... (4 bytes))
1778190420: Sending PUBLISH to mqtt-explorer-5c916486 (d0, q0, r0, m0, '$SYS/broker/load/sockets/5min', ... (4 bytes))
1778190420: Sending PUBLISH to mqtt-explorer-5c916486 (d0, q0, r0, m0, '$SYS/broker/load/sockets/15min', ... (4 bytes))
1778190420: Sending PUBLISH to mqtt-explorer-5c916486 (d0, q0, r0, m0, '$SYS/broker/load/connections/1min', ... (4 bytes))
1778190420: Sending PUBLISH to mqtt-explorer-5c916486 (d0, q0, r0, m0, '$SYS/broker/load/connections/5min', ... (4 bytes))
1778190420: Sending PUBLISH to mqtt-explorer-5c916486 (d0, q0, r0, m0, '$SYS/broker/load/connections/15min', ... (4 bytes))
1778190420: Sending PUBLISH to mqtt-explorer-5c916486 (d0, q0, r0, m0, '$SYS/broker/store/messages/bytes', ... (3 bytes))
1778190420: Sending PUBLISH to mqtt-explorer-5c916486 (d0, q0, r0, m0, '$SYS/broker/heap/current', ... (6 bytes))
1778190420: Sending PUBLISH to mqtt-explorer-5c916486 (d0, q0, r0, m0, '$SYS/broker/messages/received', ... (3 bytes))
1778190420: Sending PUBLISH to mqtt-explorer-5c916486 (d0, q0, r0, m0, '$SYS/broker/messages/sent', ... (4 bytes))
1778190420: Sending PUBLISH to mqtt-explorer-5c916486 (d0, q0, r0, m0, '$SYS/broker/bytes/received', ... (4 bytes))
1778190420: Sending PUBLISH to mqtt-explorer-5c916486 (d0, q0, r0, m0, '$SYS/broker/bytes/sent', ... (6 bytes))
1778190420: Sending PUBLISH to mqtt-explorer-5c916486 (d0, q0, r0, m0, '$SYS/broker/publish/bytes/sent', ... (5 bytes))
1778190420: Sending PUBLISH to mqtt-explorer-5c916486 (d0, q0, r0, m0, '$SYS/broker/publish/messages/sent', ... (4 bytes))
1778190424: New connection from 127.0.0.1:37178 on port 1883.
1778190424: New client connected from 127.0.0.1:37178 as healthcheck (p4, c1, k60).
1778190424: No will message specified.
1778190424: Sending CONNACK to healthcheck (0, 0)
1778190424: Received SUBSCRIBE from healthcheck
1778190424: 	$SYS/# (QoS 0)
1778190424: healthcheck 0 $SYS/#
1778190424: Sending SUBACK to healthcheck
1778190424: Sending PUBLISH to healthcheck (d0, q0, r1, m0, '$SYS/broker/version', ... (23 bytes))
1778190424: Sending PUBLISH to healthcheck (d0, q0, r1, m0, '$SYS/broker/uptime', ... (12 bytes))
1778190424: Sending PUBLISH to healthcheck (d0, q0, r1, m0, '$SYS/broker/clients/total', ... (1 bytes))
1778190424: Sending PUBLISH to healthcheck (d0, q0, r1, m0, '$SYS/broker/clients/disconnected', ... (1 bytes))
1778190424: Sending PUBLISH to healthcheck (d0, q0, r1, m0, '$SYS/broker/clients/inactive', ... (1 bytes))
1778190424: Sending PUBLISH to healthcheck (d0, q0, r1, m0, '$SYS/broker/clients/connected', ... (1 bytes))
1778190424: Sending PUBLISH to healthcheck (d0, q0, r1, m0, '$SYS/broker/clients/active', ... (1 bytes))
1778190424: Sending PUBLISH to healthcheck (d0, q0, r1, m0, '$SYS/broker/clients/expired', ... (1 bytes))
1778190424: Sending PUBLISH to healthcheck (d0, q0, r1, m0, '$SYS/broker/clients/maximum', ... (1 bytes))
1778190424: Sending PUBLISH to healthcheck (d0, q0, r1, m0, '$SYS/broker/messages/stored', ... (2 bytes))
1778190424: Sending PUBLISH to healthcheck (d0, q0, r1, m0, '$SYS/broker/messages/received', ... (3 bytes))
1778190424: Sending PUBLISH to healthcheck (d0, q0, r1, m0, '$SYS/broker/messages/sent', ... (4 bytes))
1778190424: Sending PUBLISH to healthcheck (d0, q0, r1, m0, '$SYS/broker/store/messages/count', ... (2 bytes))
1778190424: Sending PUBLISH to healthcheck (d0, q0, r1, m0, '$SYS/broker/store/messages/bytes', ... (3 bytes))
1778190424: Sending PUBLISH to healthcheck (d0, q0, r1, m0, '$SYS/broker/subscriptions/count', ... (1 bytes))
1778190424: Sending PUBLISH to healthcheck (d0, q0, r1, m0, '$SYS/broker/shared_subscriptions/count', ... (1 bytes))
1778190424: Sending PUBLISH to healthcheck (d0, q0, r1, m0, '$SYS/broker/retained messages/count', ... (2 bytes))
1778190424: Sending PUBLISH to healthcheck (d0, q0, r1, m0, '$SYS/broker/heap/current', ... (6 bytes))
1778190424: Sending PUBLISH to healthcheck (d0, q0, r1, m0, '$SYS/broker/heap/maximum', ... (6 bytes))
1778190424: Sending PUBLISH to healthcheck (d0, q0, r1, m0, '$SYS/broker/bytes/received', ... (4 bytes))
1778190424: Sending PUBLISH to healthcheck (d0, q0, r1, m0, '$SYS/broker/bytes/sent', ... (6 bytes))
1778190424: Sending PUBLISH to healthcheck (d0, q0, r1, m0, '$SYS/broker/publish/bytes/received', ... (4 bytes))
1778190424: Sending PUBLISH to healthcheck (d0, q0, r1, m0, '$SYS/broker/publish/bytes/sent', ... (5 bytes))
1778190424: Sending PUBLISH to healthcheck (d0, q0, r1, m0, '$SYS/broker/publish/messages/dropped', ... (1 bytes))
1778190424: Sending PUBLISH to healthcheck (d0, q0, r1, m0, '$SYS/broker/publish/messages/received', ... (2 bytes))
1778190424: Sending PUBLISH to healthcheck (d0, q0, r1, m0, '$SYS/broker/publish/messages/sent', ... (4 bytes))
1778190424: Sending PUBLISH to healthcheck (d0, q0, r1, m0, '$SYS/broker/packet/out/count', ... (1 bytes))
1778190424: Sending PUBLISH to healthcheck (d0, q0, r1, m0, '$SYS/broker/packet/out/bytes', ... (1 bytes))
1778190424: Sending PUBLISH to healthcheck (d0, q0, r1, m0, '$SYS/broker/connections/socket/count', ... (2 bytes))
1778190424: Sending PUBLISH to healthcheck (d0, q0, r1, m0, '$SYS/broker/load/messages/received/1min', ... (4 bytes))
1778190424: Sending PUBLISH to healthcheck (d0, q0, r1, m0, '$SYS/broker/load/messages/received/5min', ... (4 bytes))
1778190424: Sending PUBLISH to healthcheck (d0, q0, r1, m0, '$SYS/broker/load/messages/received/15min', ... (4 bytes))
1778190424: Sending PUBLISH to healthcheck (d0, q0, r1, m0, '$SYS/broker/load/messages/sent/1min', ... (6 bytes))
1778190424: Sending PUBLISH to healthcheck (d0, q0, r1, m0, '$SYS/broker/load/messages/sent/5min', ... (6 bytes))
1778190424: Sending PUBLISH to healthcheck (d0, q0, r1, m0, '$SYS/broker/load/messages/sent/15min', ... (6 bytes))
1778190424: Sending PUBLISH to healthcheck (d0, q0, r1, m0, '$SYS/broker/load/publish/dropped/1min', ... (4 bytes))
1778190424: Sending PUBLISH to healthcheck (d0, q0, r1, m0, '$SYS/broker/load/publish/dropped/5min', ... (4 bytes))
1778190424: Sending PUBLISH to healthcheck (d0, q0, r1, m0, '$SYS/broker/load/publish/dropped/15min', ... (4 bytes))
1778190424: Sending PUBLISH to healthcheck (d0, q0, r1, m0, '$SYS/broker/load/publish/received/1min', ... (4 bytes))
1778190424: Sending PUBLISH to healthcheck (d0, q0, r1, m0, '$SYS/broker/load/publish/received/5min', ... (4 bytes))
1778190424: Sending PUBLISH to healthcheck (d0, q0, r1, m0, '$SYS/broker/load/publish/received/15min', ... (4 bytes))
1778190424: Sending PUBLISH to healthcheck (d0, q0, r1, m0, '$SYS/broker/load/publish/sent/1min', ... (6 bytes))
1778190424: Sending PUBLISH to healthcheck (d0, q0, r1, m0, '$SYS/broker/load/publish/sent/5min', ... (6 bytes))
1778190424: Sending PUBLISH to healthcheck (d0, q0, r1, m0, '$SYS/broker/load/publish/sent/15min', ... (6 bytes))
1778190424: Sending PUBLISH to healthcheck (d0, q0, r1, m0, '$SYS/broker/load/bytes/received/1min', ... (6 bytes))
1778190424: Sending PUBLISH to healthcheck (d0, q0, r1, m0, '$SYS/broker/load/bytes/received/5min', ... (6 bytes))
1778190424: Sending PUBLISH to healthcheck (d0, q0, r1, m0, '$SYS/broker/load/bytes/received/15min', ... (6 bytes))
1778190424: Sending PUBLISH to healthcheck (d0, q0, r1, m0, '$SYS/broker/load/bytes/sent/1min', ... (7 bytes))
1778190424: Sending PUBLISH to healthcheck (d0, q0, r1, m0, '$SYS/broker/load/bytes/sent/5min', ... (7 bytes))
1778190424: Sending PUBLISH to healthcheck (d0, q0, r1, m0, '$SYS/broker/load/bytes/sent/15min', ... (7 bytes))
1778190424: Sending PUBLISH to healthcheck (d0, q0, r1, m0, '$SYS/broker/load/sockets/1min', ... (4 bytes))
1778190424: Sending PUBLISH to healthcheck (d0, q0, r1, m0, '$SYS/broker/load/sockets/5min', ... (4 bytes))
1778190424: Sending PUBLISH to healthcheck (d0, q0, r1, m0, '$SYS/broker/load/sockets/15min', ... (4 bytes))
1778190424: Sending PUBLISH to healthcheck (d0, q0, r1, m0, '$SYS/broker/load/connections/1min', ... (4 bytes))
1778190424: Sending PUBLISH to healthcheck (d0, q0, r1, m0, '$SYS/broker/load/connections/5min', ... (4 bytes))
1778190424: Sending PUBLISH to healthcheck (d0, q0, r1, m0, '$SYS/broker/load/connections/15min', ... (4 bytes))
1778190424: Client healthcheck [127.0.0.1:37178] disconnected: connection closed by client.
1778190425: Received PINGREQ from mqtt-explorer-5c916486
1778190425: Sending PINGRESP to mqtt-explorer-5c916486
1778190430: Sending PUBLISH to mqtt-explorer-5c916486 (d0, q0, r0, m0, '$SYS/broker/uptime', ... (12 bytes))
1778190430: Sending PUBLISH to mqtt-explorer-5c916486 (d0, q0, r0, m0, '$SYS/broker/load/messages/received/1min', ... (4 bytes))
1778190430: Sending PUBLISH to mqtt-explorer-5c916486 (d0, q0, r0, m0, '$SYS/broker/load/messages/received/5min', ... (4 bytes))
1778190430: Sending PUBLISH to mqtt-explorer-5c916486 (d0, q0, r0, m0, '$SYS/broker/load/messages/received/15min', ... (4 bytes))
1778190430: Sending PUBLISH to mqtt-explorer-5c916486 (d0, q0, r0, m0, '$SYS/broker/load/messages/sent/1min', ... (6 bytes))
1778190430: Sending PUBLISH to mqtt-explorer-5c916486 (d0, q0, r0, m0, '$SYS/broker/load/messages/sent/5min', ... (6 bytes))
1778190430: Sending PUBLISH to mqtt-explorer-5c916486 (d0, q0, r0, m0, '$SYS/broker/load/messages/sent/15min', ... (6 bytes))
1778190430: Sending PUBLISH to mqtt-explorer-5c916486 (d0, q0, r0, m0, '$SYS/broker/load/publish/received/1min', ... (4 bytes))
1778190430: Sending PUBLISH to mqtt-explorer-5c916486 (d0, q0, r0, m0, '$SYS/broker/load/publish/received/5min', ... (4 bytes))
1778190430: Sending PUBLISH to mqtt-explorer-5c916486 (d0, q0, r0, m0, '$SYS/broker/load/publish/sent/1min', ... (6 bytes))
1778190430: Sending PUBLISH to mqtt-explorer-5c916486 (d0, q0, r0, m0, '$SYS/broker/load/publish/sent/5min', ... (6 bytes))
1778190430: Sending PUBLISH to mqtt-explorer-5c916486 (d0, q0, r0, m0, '$SYS/broker/load/publish/sent/15min', ... (6 bytes))
1778190430: Sending PUBLISH to mqtt-explorer-5c916486 (d0, q0, r0, m0, '$SYS/broker/load/bytes/received/1min', ... (6 bytes))
1778190430: Sending PUBLISH to mqtt-explorer-5c916486 (d0, q0, r0, m0, '$SYS/broker/load/bytes/received/5min', ... (6 bytes))
1778190430: Sending PUBLISH to mqtt-explorer-5c916486 (d0, q0, r0, m0, '$SYS/broker/load/bytes/received/15min', ... (6 bytes))
1778190430: Sending PUBLISH to mqtt-explorer-5c916486 (d0, q0, r0, m0, '$SYS/broker/load/bytes/sent/1min', ... (8 bytes))
1778190430: Sending PUBLISH to mqtt-explorer-5c916486 (d0, q0, r0, m0, '$SYS/broker/load/bytes/sent/5min', ... (7 bytes))
1778190430: Sending PUBLISH to mqtt-explorer-5c916486 (d0, q0, r0, m0, '$SYS/broker/load/bytes/sent/15min', ... (7 bytes))
1778190430: Sending PUBLISH to mqtt-explorer-5c916486 (d0, q0, r0, m0, '$SYS/broker/load/sockets/1min', ... (4 bytes))
1778190430: Sending PUBLISH to mqtt-explorer-5c916486 (d0, q0, r0, m0, '$SYS/broker/load/sockets/5min', ... (4 bytes))
1778190430: Sending PUBLISH to mqtt-explorer-5c916486 (d0, q0, r0, m0, '$SYS/broker/load/sockets/15min', ... (4 bytes))
1778190430: Sending PUBLISH to mqtt-explorer-5c916486 (d0, q0, r0, m0, '$SYS/broker/load/connections/1min', ... (4 bytes))
1778190430: Sending PUBLISH to mqtt-explorer-5c916486 (d0, q0, r0, m0, '$SYS/broker/load/connections/5min', ... (4 bytes))
1778190430: Sending PUBLISH to mqtt-explorer-5c916486 (d0, q0, r0, m0, '$SYS/broker/load/connections/15min', ... (4 bytes))
1778190430: Sending PUBLISH to mqtt-explorer-5c916486 (d0, q0, r0, m0, '$SYS/broker/heap/maximum', ... (6 bytes))
1778190430: Sending PUBLISH to mqtt-explorer-5c916486 (d0, q0, r0, m0, '$SYS/broker/messages/received', ... (3 bytes))
1778190430: Sending PUBLISH to mqtt-explorer-5c916486 (d0, q0, r0, m0, '$SYS/broker/messages/sent', ... (4 bytes))
1778190430: Sending PUBLISH to mqtt-explorer-5c916486 (d0, q0, r0, m0, '$SYS/broker/bytes/received', ... (4 bytes))
1778190430: Sending PUBLISH to mqtt-explorer-5c916486 (d0, q0, r0, m0, '$SYS/broker/bytes/sent', ... (6 bytes))
1778190430: Sending PUBLISH to mqtt-explorer-5c916486 (d0, q0, r0, m0, '$SYS/broker/publish/bytes/sent', ... (5 bytes))
1778190430: Sending PUBLISH to mqtt-explorer-5c916486 (d0, q0, r0, m0, '$SYS/broker/connections/socket/count', ... (2 bytes))
1778190430: Sending PUBLISH to mqtt-explorer-5c916486 (d0, q0, r0, m0, '$SYS/broker/publish/messages/sent', ... (4 bytes))
1778190440: Sending PUBLISH to mqtt-explorer-5c916486 (d0, q0, r0, m0, '$SYS/broker/uptime', ... (12 bytes))
1778190440: Sending PUBLISH to mqtt-explorer-5c916486 (d0, q0, r0, m0, '$SYS/broker/load/messages/received/1min', ... (4 bytes))
1778190440: Sending PUBLISH to mqtt-explorer-5c916486 (d0, q0, r0, m0, '$SYS/broker/load/messages/received/5min', ... (4 bytes))
1778190440: Sending PUBLISH to mqtt-explorer-5c916486 (d0, q0, r0, m0, '$SYS/broker/load/messages/received/15min', ... (4 bytes))
1778190440: Sending PUBLISH to mqtt-explorer-5c916486 (d0, q0, r0, m0, '$SYS/broker/load/messages/sent/1min', ... (6 bytes))
1778190440: Sending PUBLISH to mqtt-explorer-5c916486 (d0, q0, r0, m0, '$SYS/broker/load/messages/sent/5min', ... (6 bytes))
1778190440: Sending PUBLISH to mqtt-explorer-5c916486 (d0, q0, r0, m0, '$SYS/broker/load/messages/sent/15min', ... (6 bytes))
1778190440: Sending PUBLISH to mqtt-explorer-5c916486 (d0, q0, r0, m0, '$SYS/broker/load/publish/received/1min', ... (4 bytes))
1778190440: Sending PUBLISH to mqtt-explorer-5c916486 (d0, q0, r0, m0, '$SYS/broker/load/publish/received/5min', ... (4 bytes))
1778190440: Sending PUBLISH to mqtt-explorer-5c916486 (d0, q0, r0, m0, '$SYS/broker/load/publish/sent/1min', ... (6 bytes))
1778190440: Sending PUBLISH to mqtt-explorer-5c916486 (d0, q0, r0, m0, '$SYS/broker/load/publish/sent/5min', ... (6 bytes))
1778190440: Sending PUBLISH to mqtt-explorer-5c916486 (d0, q0, r0, m0, '$SYS/broker/load/publish/sent/15min', ... (6 bytes))
1778190440: Sending PUBLISH to mqtt-explorer-5c916486 (d0, q0, r0, m0, '$SYS/broker/load/bytes/received/1min', ... (6 bytes))
1778190440: Sending PUBLISH to mqtt-explorer-5c916486 (d0, q0, r0, m0, '$SYS/broker/load/bytes/received/5min', ... (6 bytes))
1778190440: Sending PUBLISH to mqtt-explorer-5c916486 (d0, q0, r0, m0, '$SYS/broker/load/bytes/received/15min', ... (6 bytes))
1778190440: Sending PUBLISH to mqtt-explorer-5c916486 (d0, q0, r0, m0, '$SYS/broker/load/bytes/sent/1min', ... (7 bytes))
1778190440: Sending PUBLISH to mqtt-explorer-5c916486 (d0, q0, r0, m0, '$SYS/broker/load/bytes/sent/5min', ... (7 bytes))
1778190440: Sending PUBLISH to mqtt-explorer-5c916486 (d0, q0, r0, m0, '$SYS/broker/load/bytes/sent/15min', ... (7 bytes))
1778190440: Sending PUBLISH to mqtt-explorer-5c916486 (d0, q0, r0, m0, '$SYS/broker/load/sockets/1min', ... (4 bytes))
1778190440: Sending PUBLISH to mqtt-explorer-5c916486 (d0, q0, r0, m0, '$SYS/broker/load/sockets/5min', ... (4 bytes))
1778190440: Sending PUBLISH to mqtt-explorer-5c916486 (d0, q0, r0, m0, '$SYS/broker/load/sockets/15min', ... (4 bytes))
1778190440: Sending PUBLISH to mqtt-explorer-5c916486 (d0, q0, r0, m0, '$SYS/broker/load/connections/1min', ... (4 bytes))
1778190440: Sending PUBLISH to mqtt-explorer-5c916486 (d0, q0, r0, m0, '$SYS/broker/load/connections/5min', ... (4 bytes))
1778190440: Sending PUBLISH to mqtt-explorer-5c916486 (d0, q0, r0, m0, '$SYS/broker/load/connections/15min', ... (4 bytes))
1778190440: Sending PUBLISH to mqtt-explorer-5c916486 (d0, q0, r0, m0, '$SYS/broker/store/messages/bytes', ... (3 bytes))
1778190440: Sending PUBLISH to mqtt-explorer-5c916486 (d0, q0, r0, m0, '$SYS/broker/heap/current', ... (6 bytes))
1778190440: Sending PUBLISH to mqtt-explorer-5c916486 (d0, q0, r0, m0, '$SYS/broker/messages/sent', ... (4 bytes))
1778190440: Sending PUBLISH to mqtt-explorer-5c916486 (d0, q0, r0, m0, '$SYS/broker/bytes/sent', ... (6 bytes))
1778190440: Sending PUBLISH to mqtt-explorer-5c916486 (d0, q0, r0, m0, '$SYS/broker/publish/bytes/sent', ... (5 bytes))
1778190440: Sending PUBLISH to mqtt-explorer-5c916486 (d0, q0, r0, m0, '$SYS/broker/publish/messages/sent', ... (4 bytes))
1778190450: Sending PUBLISH to mqtt-explorer-5c916486 (d0, q0, r0, m0, '$SYS/broker/uptime', ... (12 bytes))
1778190450: Sending PUBLISH to mqtt-explorer-5c916486 (d0, q0, r0, m0, '$SYS/broker/load/messages/received/1min', ... (4 bytes))
1778190450: Sending PUBLISH to mqtt-explorer-5c916486 (d0, q0, r0, m0, '$SYS/broker/load/messages/received/5min', ... (4 bytes))
1778190450: Sending PUBLISH to mqtt-explorer-5c916486 (d0, q0, r0, m0, '$SYS/broker/load/messages/received/15min', ... (4 bytes))
1778190450: Sending PUBLISH to mqtt-explorer-5c916486 (d0, q0, r0, m0, '$SYS/broker/load/messages/sent/1min', ... (6 bytes))
1778190450: Sending PUBLISH to mqtt-explorer-5c916486 (d0, q0, r0, m0, '$SYS/broker/load/messages/sent/5min', ... (6 bytes))
1778190450: Sending PUBLISH to mqtt-explorer-5c916486 (d0, q0, r0, m0, '$SYS/broker/load/messages/sent/15min', ... (6 bytes))
1778190450: Sending PUBLISH to mqtt-explorer-5c916486 (d0, q0, r0, m0, '$SYS/broker/load/publish/received/1min', ... (4 bytes))
1778190450: Sending PUBLISH to mqtt-explorer-5c916486 (d0, q0, r0, m0, '$SYS/broker/load/publish/received/5min', ... (4 bytes))
1778190450: Sending PUBLISH to mqtt-explorer-5c916486 (d0, q0, r0, m0, '$SYS/broker/load/publish/sent/1min', ... (6 bytes))
1778190450: Sending PUBLISH to mqtt-explorer-5c916486 (d0, q0, r0, m0, '$SYS/broker/load/publish/sent/5min', ... (6 bytes))
1778190450: Sending PUBLISH to mqtt-explorer-5c916486 (d0, q0, r0, m0, '$SYS/broker/load/publish/sent/15min', ... (6 bytes))
1778190450: Sending PUBLISH to mqtt-explorer-5c916486 (d0, q0, r0, m0, '$SYS/broker/load/bytes/received/1min', ... (6 bytes))
1778190450: Sending PUBLISH to mqtt-explorer-5c916486 (d0, q0, r0, m0, '$SYS/broker/load/bytes/received/5min', ... (6 bytes))
1778190450: Sending PUBLISH to mqtt-explorer-5c916486 (d0, q0, r0, m0, '$SYS/broker/load/bytes/received/15min', ... (6 bytes))
1778190450: Sending PUBLISH to mqtt-explorer-5c916486 (d0, q0, r0, m0, '$SYS/broker/load/bytes/sent/1min', ... (7 bytes))
1778190450: Sending PUBLISH to mqtt-explorer-5c916486 (d0, q0, r0, m0, '$SYS/broker/load/bytes/sent/5min', ... (7 bytes))
1778190450: Sending PUBLISH to mqtt-explorer-5c916486 (d0, q0, r0, m0, '$SYS/broker/load/bytes/sent/15min', ... (7 bytes))
1778190450: Sending PUBLISH to mqtt-explorer-5c916486 (d0, q0, r0, m0, '$SYS/broker/load/sockets/1min', ... (4 bytes))
1778190450: Sending PUBLISH to mqtt-explorer-5c916486 (d0, q0, r0, m0, '$SYS/broker/load/sockets/5min', ... (4 bytes))
1778190450: Sending PUBLISH to mqtt-explorer-5c916486 (d0, q0, r0, m0, '$SYS/broker/load/sockets/15min', ... (4 bytes))
1778190450: Sending PUBLISH to mqtt-explorer-5c916486 (d0, q0, r0, m0, '$SYS/broker/load/connections/1min', ... (4 bytes))
1778190450: Sending PUBLISH to mqtt-explorer-5c916486 (d0, q0, r0, m0, '$SYS/broker/load/connections/5min', ... (4 bytes))
1778190450: Sending PUBLISH to mqtt-explorer-5c916486 (d0, q0, r0, m0, '$SYS/broker/load/connections/15min', ... (4 bytes))
1778190450: Sending PUBLISH to mqtt-explorer-5c916486 (d0, q0, r0, m0, '$SYS/broker/store/messages/bytes', ... (3 bytes))
1778190450: Sending PUBLISH to mqtt-explorer-5c916486 (d0, q0, r0, m0, '$SYS/broker/heap/current', ... (6 bytes))
1778190450: Sending PUBLISH to mqtt-explorer-5c916486 (d0, q0, r0, m0, '$SYS/broker/messages/sent', ... (4 bytes))
1778190450: Sending PUBLISH to mqtt-explorer-5c916486 (d0, q0, r0, m0, '$SYS/broker/bytes/sent', ... (6 bytes))
1778190450: Sending PUBLISH to mqtt-explorer-5c916486 (d0, q0, r0, m0, '$SYS/broker/publish/bytes/sent', ... (5 bytes))
1778190450: Sending PUBLISH to mqtt-explorer-5c916486 (d0, q0, r0, m0, '$SYS/broker/publish/messages/sent', ... (4 bytes))
1778190454: New connection from 127.0.0.1:34090 on port 1883.
1778190454: New client connected from 127.0.0.1:34090 as healthcheck (p4, c1, k60).
1778190454: No will message specified.
1778190454: Sending CONNACK to healthcheck (0, 0)
1778190454: Received SUBSCRIBE from healthcheck
1778190454: 	$SYS/# (QoS 0)
1778190454: healthcheck 0 $SYS/#
1778190454: Sending SUBACK to healthcheck
1778190454: Sending PUBLISH to healthcheck (d0, q0, r1, m0, '$SYS/broker/version', ... (23 bytes))
1778190454: Sending PUBLISH to healthcheck (d0, q0, r1, m0, '$SYS/broker/uptime', ... (12 bytes))
1778190454: Sending PUBLISH to healthcheck (d0, q0, r1, m0, '$SYS/broker/clients/total', ... (1 bytes))
1778190454: Sending PUBLISH to healthcheck (d0, q0, r1, m0, '$SYS/broker/clients/disconnected', ... (1 bytes))
1778190454: Sending PUBLISH to healthcheck (d0, q0, r1, m0, '$SYS/broker/clients/inactive', ... (1 bytes))
1778190454: Sending PUBLISH to healthcheck (d0, q0, r1, m0, '$SYS/broker/clients/connected', ... (1 bytes))
1778190454: Sending PUBLISH to healthcheck (d0, q0, r1, m0, '$SYS/broker/clients/active', ... (1 bytes))
1778190454: Sending PUBLISH to healthcheck (d0, q0, r1, m0, '$SYS/broker/clients/expired', ... (1 bytes))
1778190454: Sending PUBLISH to healthcheck (d0, q0, r1, m0, '$SYS/broker/clients/maximum', ... (1 bytes))
1778190454: Sending PUBLISH to healthcheck (d0, q0, r1, m0, '$SYS/broker/messages/stored', ... (2 bytes))
1778190454: Sending PUBLISH to healthcheck (d0, q0, r1, m0, '$SYS/broker/messages/received', ... (3 bytes))
1778190454: Sending PUBLISH to healthcheck (d0, q0, r1, m0, '$SYS/broker/messages/sent', ... (4 bytes))
1778190454: Sending PUBLISH to healthcheck (d0, q0, r1, m0, '$SYS/broker/store/messages/count', ... (2 bytes))
1778190454: Sending PUBLISH to healthcheck (d0, q0, r1, m0, '$SYS/broker/store/messages/bytes', ... (3 bytes))
1778190454: Sending PUBLISH to healthcheck (d0, q0, r1, m0, '$SYS/broker/subscriptions/count', ... (1 bytes))
1778190454: Sending PUBLISH to healthcheck (d0, q0, r1, m0, '$SYS/broker/shared_subscriptions/count', ... (1 bytes))
1778190454: Sending PUBLISH to healthcheck (d0, q0, r1, m0, '$SYS/broker/retained messages/count', ... (2 bytes))
1778190454: Sending PUBLISH to healthcheck (d0, q0, r1, m0, '$SYS/broker/heap/current', ... (6 bytes))
1778190454: Sending PUBLISH to healthcheck (d0, q0, r1, m0, '$SYS/broker/heap/maximum', ... (6 bytes))
1778190454: Sending PUBLISH to healthcheck (d0, q0, r1, m0, '$SYS/broker/bytes/received', ... (4 bytes))
1778190454: Sending PUBLISH to healthcheck (d0, q0, r1, m0, '$SYS/broker/bytes/sent', ... (6 bytes))
1778190454: Sending PUBLISH to healthcheck (d0, q0, r1, m0, '$SYS/broker/publish/bytes/received', ... (4 bytes))
1778190454: Sending PUBLISH to healthcheck (d0, q0, r1, m0, '$SYS/broker/publish/bytes/sent', ... (5 bytes))
1778190454: Sending PUBLISH to healthcheck (d0, q0, r1, m0, '$SYS/broker/publish/messages/dropped', ... (1 bytes))
1778190454: Sending PUBLISH to healthcheck (d0, q0, r1, m0, '$SYS/broker/publish/messages/received', ... (2 bytes))
1778190454: Sending PUBLISH to healthcheck (d0, q0, r1, m0, '$SYS/broker/publish/messages/sent', ... (4 bytes))
1778190454: Sending PUBLISH to healthcheck (d0, q0, r1, m0, '$SYS/broker/packet/out/count', ... (1 bytes))
1778190454: Sending PUBLISH to healthcheck (d0, q0, r1, m0, '$SYS/broker/packet/out/bytes', ... (1 bytes))
1778190454: Sending PUBLISH to healthcheck (d0, q0, r1, m0, '$SYS/broker/connections/socket/count', ... (2 bytes))
1778190454: Sending PUBLISH to healthcheck (d0, q0, r1, m0, '$SYS/broker/load/messages/received/1min', ... (4 bytes))
1778190454: Sending PUBLISH to healthcheck (d0, q0, r1, m0, '$SYS/broker/load/messages/received/5min', ... (4 bytes))
1778190454: Sending PUBLISH to healthcheck (d0, q0, r1, m0, '$SYS/broker/load/messages/received/15min', ... (4 bytes))
1778190454: Sending PUBLISH to healthcheck (d0, q0, r1, m0, '$SYS/broker/load/messages/sent/1min', ... (6 bytes))
1778190454: Sending PUBLISH to healthcheck (d0, q0, r1, m0, '$SYS/broker/load/messages/sent/5min', ... (6 bytes))
1778190454: Sending PUBLISH to healthcheck (d0, q0, r1, m0, '$SYS/broker/load/messages/sent/15min', ... (6 bytes))
1778190454: Sending PUBLISH to healthcheck (d0, q0, r1, m0, '$SYS/broker/load/publish/dropped/1min', ... (4 bytes))
1778190454: Sending PUBLISH to healthcheck (d0, q0, r1, m0, '$SYS/broker/load/publish/dropped/5min', ... (4 bytes))
1778190454: Sending PUBLISH to healthcheck (d0, q0, r1, m0, '$SYS/broker/load/publish/dropped/15min', ... (4 bytes))
1778190454: Sending PUBLISH to healthcheck (d0, q0, r1, m0, '$SYS/broker/load/publish/received/1min', ... (4 bytes))
1778190454: Sending PUBLISH to healthcheck (d0, q0, r1, m0, '$SYS/broker/load/publish/received/5min', ... (4 bytes))
1778190454: Sending PUBLISH to healthcheck (d0, q0, r1, m0, '$SYS/broker/load/publish/received/15min', ... (4 bytes))
1778190454: Sending PUBLISH to healthcheck (d0, q0, r1, m0, '$SYS/broker/load/publish/sent/1min', ... (6 bytes))
1778190454: Sending PUBLISH to healthcheck (d0, q0, r1, m0, '$SYS/broker/load/publish/sent/5min', ... (6 bytes))
1778190454: Sending PUBLISH to healthcheck (d0, q0, r1, m0, '$SYS/broker/load/publish/sent/15min', ... (6 bytes))
1778190454: Sending PUBLISH to healthcheck (d0, q0, r1, m0, '$SYS/broker/load/bytes/received/1min', ... (6 bytes))
1778190454: Sending PUBLISH to healthcheck (d0, q0, r1, m0, '$SYS/broker/load/bytes/received/5min', ... (6 bytes))
1778190454: Sending PUBLISH to healthcheck (d0, q0, r1, m0, '$SYS/broker/load/bytes/received/15min', ... (6 bytes))
1778190454: Sending PUBLISH to healthcheck (d0, q0, r1, m0, '$SYS/broker/load/bytes/sent/1min', ... (7 bytes))
1778190454: Sending PUBLISH to healthcheck (d0, q0, r1, m0, '$SYS/broker/load/bytes/sent/5min', ... (7 bytes))
1778190454: Sending PUBLISH to healthcheck (d0, q0, r1, m0, '$SYS/broker/load/bytes/sent/15min', ... (7 bytes))
1778190454: Sending PUBLISH to healthcheck (d0, q0, r1, m0, '$SYS/broker/load/sockets/1min', ... (4 bytes))
1778190454: Sending PUBLISH to healthcheck (d0, q0, r1, m0, '$SYS/broker/load/sockets/5min', ... (4 bytes))
1778190454: Sending PUBLISH to healthcheck (d0, q0, r1, m0, '$SYS/broker/load/sockets/15min', ... (4 bytes))
1778190454: Sending PUBLISH to healthcheck (d0, q0, r1, m0, '$SYS/broker/load/connections/1min', ... (4 bytes))
1778190454: Sending PUBLISH to healthcheck (d0, q0, r1, m0, '$SYS/broker/load/connections/5min', ... (4 bytes))
1778190454: Sending PUBLISH to healthcheck (d0, q0, r1, m0, '$SYS/broker/load/connections/15min', ... (4 bytes))
1778190454: Client healthcheck [127.0.0.1:34090] disconnected: connection closed by client.
1778190460: Sending PUBLISH to mqtt-explorer-5c916486 (d0, q0, r0, m0, '$SYS/broker/uptime', ... (12 bytes))
1778190460: Sending PUBLISH to mqtt-explorer-5c916486 (d0, q0, r0, m0, '$SYS/broker/load/messages/received/1min', ... (4 bytes))
1778190460: Sending PUBLISH to mqtt-explorer-5c916486 (d0, q0, r0, m0, '$SYS/broker/load/messages/received/5min', ... (4 bytes))
1778190460: Sending PUBLISH to mqtt-explorer-5c916486 (d0, q0, r0, m0, '$SYS/broker/load/messages/received/15min', ... (4 bytes))
1778190460: Sending PUBLISH to mqtt-explorer-5c916486 (d0, q0, r0, m0, '$SYS/broker/load/messages/sent/1min', ... (6 bytes))
1778190460: Sending PUBLISH to mqtt-explorer-5c916486 (d0, q0, r0, m0, '$SYS/broker/load/messages/sent/5min', ... (6 bytes))
1778190460: Sending PUBLISH to mqtt-explorer-5c916486 (d0, q0, r0, m0, '$SYS/broker/load/messages/sent/15min', ... (6 bytes))
1778190460: Sending PUBLISH to mqtt-explorer-5c916486 (d0, q0, r0, m0, '$SYS/broker/load/publish/received/1min', ... (4 bytes))
1778190460: Sending PUBLISH to mqtt-explorer-5c916486 (d0, q0, r0, m0, '$SYS/broker/load/publish/received/5min', ... (4 bytes))
1778190460: Sending PUBLISH to mqtt-explorer-5c916486 (d0, q0, r0, m0, '$SYS/broker/load/publish/sent/1min', ... (6 bytes))
1778190460: Sending PUBLISH to mqtt-explorer-5c916486 (d0, q0, r0, m0, '$SYS/broker/load/publish/sent/5min', ... (6 bytes))
1778190460: Sending PUBLISH to mqtt-explorer-5c916486 (d0, q0, r0, m0, '$SYS/broker/load/publish/sent/15min', ... (6 bytes))
1778190460: Sending PUBLISH to mqtt-explorer-5c916486 (d0, q0, r0, m0, '$SYS/broker/load/bytes/received/1min', ... (6 bytes))
1778190460: Sending PUBLISH to mqtt-explorer-5c916486 (d0, q0, r0, m0, '$SYS/broker/load/bytes/received/5min', ... (6 bytes))
1778190460: Sending PUBLISH to mqtt-explorer-5c916486 (d0, q0, r0, m0, '$SYS/broker/load/bytes/received/15min', ... (6 bytes))
1778190460: Sending PUBLISH to mqtt-explorer-5c916486 (d0, q0, r0, m0, '$SYS/broker/load/bytes/sent/1min', ... (8 bytes))
1778190460: Sending PUBLISH to mqtt-explorer-5c916486 (d0, q0, r0, m0, '$SYS/broker/load/bytes/sent/5min', ... (7 bytes))
1778190460: Sending PUBLISH to mqtt-explorer-5c916486 (d0, q0, r0, m0, '$SYS/broker/load/bytes/sent/15min', ... (7 bytes))
1778190460: Sending PUBLISH to mqtt-explorer-5c916486 (d0, q0, r0, m0, '$SYS/broker/load/sockets/1min', ... (4 bytes))
1778190460: Sending PUBLISH to mqtt-explorer-5c916486 (d0, q0, r0, m0, '$SYS/broker/load/sockets/5min', ... (4 bytes))
1778190460: Sending PUBLISH to mqtt-explorer-5c916486 (d0, q0, r0, m0, '$SYS/broker/load/sockets/15min', ... (4 bytes))
1778190460: Sending PUBLISH to mqtt-explorer-5c916486 (d0, q0, r0, m0, '$SYS/broker/load/connections/1min', ... (4 bytes))
1778190460: Sending PUBLISH to mqtt-explorer-5c916486 (d0, q0, r0, m0, '$SYS/broker/load/connections/5min', ... (4 bytes))
1778190460: Sending PUBLISH to mqtt-explorer-5c916486 (d0, q0, r0, m0, '$SYS/broker/load/connections/15min', ... (4 bytes))
1778190460: Sending PUBLISH to mqtt-explorer-5c916486 (d0, q0, r0, m0, '$SYS/broker/messages/received', ... (3 bytes))
1778190460: Sending PUBLISH to mqtt-explorer-5c916486 (d0, q0, r0, m0, '$SYS/broker/messages/sent', ... (4 bytes))
1778190460: Sending PUBLISH to mqtt-explorer-5c916486 (d0, q0, r0, m0, '$SYS/broker/bytes/received', ... (4 bytes))
1778190460: Sending PUBLISH to mqtt-explorer-5c916486 (d0, q0, r0, m0, '$SYS/broker/bytes/sent', ... (6 bytes))
1778190460: Sending PUBLISH to mqtt-explorer-5c916486 (d0, q0, r0, m0, '$SYS/broker/publish/bytes/sent', ... (5 bytes))
1778190460: Sending PUBLISH to mqtt-explorer-5c916486 (d0, q0, r0, m0, '$SYS/broker/connections/socket/count', ... (2 bytes))
1778190460: Sending PUBLISH to mqtt-explorer-5c916486 (d0, q0, r0, m0, '$SYS/broker/publish/messages/sent', ... (4 bytes))
1778190470: Sending PUBLISH to mqtt-explorer-5c916486 (d0, q0, r0, m0, '$SYS/broker/uptime', ... (12 bytes))
1778190470: Sending PUBLISH to mqtt-explorer-5c916486 (d0, q0, r0, m0, '$SYS/broker/load/messages/received/1min', ... (4 bytes))
1778190470: Sending PUBLISH to mqtt-explorer-5c916486 (d0, q0, r0, m0, '$SYS/broker/load/messages/received/5min', ... (4 bytes))
1778190470: Sending PUBLISH to mqtt-explorer-5c916486 (d0, q0, r0, m0, '$SYS/broker/load/messages/received/15min', ... (4 bytes))
1778190470: Sending PUBLISH to mqtt-explorer-5c916486 (d0, q0, r0, m0, '$SYS/broker/load/messages/sent/1min', ... (6 bytes))
1778190470: Sending PUBLISH to mqtt-explorer-5c916486 (d0, q0, r0, m0, '$SYS/broker/load/messages/sent/5min', ... (6 bytes))
1778190470: Sending PUBLISH to mqtt-explorer-5c916486 (d0, q0, r0, m0, '$SYS/broker/load/messages/sent/15min', ... (6 bytes))
1778190470: Sending PUBLISH to mqtt-explorer-5c916486 (d0, q0, r0, m0, '$SYS/broker/load/publish/received/1min', ... (4 bytes))
1778190470: Sending PUBLISH to mqtt-explorer-5c916486 (d0, q0, r0, m0, '$SYS/broker/load/publish/received/5min', ... (4 bytes))
1778190470: Sending PUBLISH to mqtt-explorer-5c916486 (d0, q0, r0, m0, '$SYS/broker/load/publish/sent/1min', ... (6 bytes))
1778190470: Sending PUBLISH to mqtt-explorer-5c916486 (d0, q0, r0, m0, '$SYS/broker/load/publish/sent/5min', ... (6 bytes))
1778190470: Sending PUBLISH to mqtt-explorer-5c916486 (d0, q0, r0, m0, '$SYS/broker/load/publish/sent/15min', ... (6 bytes))
1778190470: Sending PUBLISH to mqtt-explorer-5c916486 (d0, q0, r0, m0, '$SYS/broker/load/bytes/received/1min', ... (6 bytes))
1778190470: Sending PUBLISH to mqtt-explorer-5c916486 (d0, q0, r0, m0, '$SYS/broker/load/bytes/received/5min', ... (6 bytes))
1778190470: Sending PUBLISH to mqtt-explorer-5c916486 (d0, q0, r0, m0, '$SYS/broker/load/bytes/received/15min', ... (6 bytes))
1778190470: Sending PUBLISH to mqtt-explorer-5c916486 (d0, q0, r0, m0, '$SYS/broker/load/bytes/sent/1min', ... (7 bytes))
1778190470: Sending PUBLISH to mqtt-explorer-5c916486 (d0, q0, r0, m0, '$SYS/broker/load/bytes/sent/5min', ... (7 bytes))
1778190470: Sending PUBLISH to mqtt-explorer-5c916486 (d0, q0, r0, m0, '$SYS/broker/load/bytes/sent/15min', ... (7 bytes))
1778190470: Sending PUBLISH to mqtt-explorer-5c916486 (d0, q0, r0, m0, '$SYS/broker/load/sockets/1min', ... (4 bytes))
1778190470: Sending PUBLISH to mqtt-explorer-5c916486 (d0, q0, r0, m0, '$SYS/broker/load/sockets/5min', ... (4 bytes))
1778190470: Sending PUBLISH to mqtt-explorer-5c916486 (d0, q0, r0, m0, '$SYS/broker/load/sockets/15min', ... (4 bytes))
1778190470: Sending PUBLISH to mqtt-explorer-5c916486 (d0, q0, r0, m0, '$SYS/broker/load/connections/1min', ... (4 bytes))
1778190470: Sending PUBLISH to mqtt-explorer-5c916486 (d0, q0, r0, m0, '$SYS/broker/load/connections/5min', ... (4 bytes))
1778190470: Sending PUBLISH to mqtt-explorer-5c916486 (d0, q0, r0, m0, '$SYS/broker/load/connections/15min', ... (4 bytes))
1778190470: Sending PUBLISH to mqtt-explorer-5c916486 (d0, q0, r0, m0, '$SYS/broker/store/messages/bytes', ... (3 bytes))
1778190470: Sending PUBLISH to mqtt-explorer-5c916486 (d0, q0, r0, m0, '$SYS/broker/heap/current', ... (6 bytes))
1778190470: Sending PUBLISH to mqtt-explorer-5c916486 (d0, q0, r0, m0, '$SYS/broker/messages/sent', ... (4 bytes))
1778190470: Sending PUBLISH to mqtt-explorer-5c916486 (d0, q0, r0, m0, '$SYS/broker/bytes/sent', ... (6 bytes))
1778190470: Sending PUBLISH to mqtt-explorer-5c916486 (d0, q0, r0, m0, '$SYS/broker/publish/bytes/sent', ... (5 bytes))
1778190470: Sending PUBLISH to mqtt-explorer-5c916486 (d0, q0, r0, m0, '$SYS/broker/publish/messages/sent', ... (4 bytes))
1778190478: Received PINGREQ from ISIC-ESP8266-001
1778190478: Sending PINGRESP to ISIC-ESP8266-001
1778190480: Sending PUBLISH to mqtt-explorer-5c916486 (d0, q0, r0, m0, '$SYS/broker/uptime', ... (12 bytes))
1778190480: Sending PUBLISH to mqtt-explorer-5c916486 (d0, q0, r0, m0, '$SYS/broker/load/messages/received/1min', ... (4 bytes))
1778190480: Sending PUBLISH to mqtt-explorer-5c916486 (d0, q0, r0, m0, '$SYS/broker/load/messages/received/5min', ... (4 bytes))
1778190480: Sending PUBLISH to mqtt-explorer-5c916486 (d0, q0, r0, m0, '$SYS/broker/load/messages/received/15min', ... (4 bytes))
1778190480: Sending PUBLISH to mqtt-explorer-5c916486 (d0, q0, r0, m0, '$SYS/broker/load/messages/sent/1min', ... (6 bytes))
1778190480: Sending PUBLISH to mqtt-explorer-5c916486 (d0, q0, r0, m0, '$SYS/broker/load/messages/sent/5min', ... (6 bytes))
1778190480: Sending PUBLISH to mqtt-explorer-5c916486 (d0, q0, r0, m0, '$SYS/broker/load/messages/sent/15min', ... (6 bytes))
1778190480: Sending PUBLISH to mqtt-explorer-5c916486 (d0, q0, r0, m0, '$SYS/broker/load/publish/received/1min', ... (4 bytes))
1778190480: Sending PUBLISH to mqtt-explorer-5c916486 (d0, q0, r0, m0, '$SYS/broker/load/publish/received/5min', ... (4 bytes))
1778190480: Sending PUBLISH to mqtt-explorer-5c916486 (d0, q0, r0, m0, '$SYS/broker/load/publish/sent/1min', ... (6 bytes))
1778190480: Sending PUBLISH to mqtt-explorer-5c916486 (d0, q0, r0, m0, '$SYS/broker/load/publish/sent/5min', ... (6 bytes))
1778190480: Sending PUBLISH to mqtt-explorer-5c916486 (d0, q0, r0, m0, '$SYS/broker/load/publish/sent/15min', ... (6 bytes))
1778190480: Sending PUBLISH to mqtt-explorer-5c916486 (d0, q0, r0, m0, '$SYS/broker/load/bytes/received/1min', ... (6 bytes))
1778190480: Sending PUBLISH to mqtt-explorer-5c916486 (d0, q0, r0, m0, '$SYS/broker/load/bytes/received/5min', ... (6 bytes))
1778190480: Sending PUBLISH to mqtt-explorer-5c916486 (d0, q0, r0, m0, '$SYS/broker/load/bytes/received/15min', ... (6 bytes))
1778190480: Sending PUBLISH to mqtt-explorer-5c916486 (d0, q0, r0, m0, '$SYS/broker/load/bytes/sent/1min', ... (7 bytes))
1778190480: Sending PUBLISH to mqtt-explorer-5c916486 (d0, q0, r0, m0, '$SYS/broker/load/bytes/sent/5min', ... (7 bytes))
1778190480: Sending PUBLISH to mqtt-explorer-5c916486 (d0, q0, r0, m0, '$SYS/broker/load/bytes/sent/15min', ... (7 bytes))
1778190480: Sending PUBLISH to mqtt-explorer-5c916486 (d0, q0, r0, m0, '$SYS/broker/load/sockets/1min', ... (4 bytes))
1778190480: Sending PUBLISH to mqtt-explorer-5c916486 (d0, q0, r0, m0, '$SYS/broker/load/sockets/5min', ... (4 bytes))
1778190480: Sending PUBLISH to mqtt-explorer-5c916486 (d0, q0, r0, m0, '$SYS/broker/load/sockets/15min', ... (4 bytes))
1778190480: Sending PUBLISH to mqtt-explorer-5c916486 (d0, q0, r0, m0, '$SYS/broker/load/connections/1min', ... (4 bytes))
1778190480: Sending PUBLISH to mqtt-explorer-5c916486 (d0, q0, r0, m0, '$SYS/broker/load/connections/5min', ... (4 bytes))
1778190480: Sending PUBLISH to mqtt-explorer-5c916486 (d0, q0, r0, m0, '$SYS/broker/load/connections/15min', ... (4 bytes))
1778190480: Sending PUBLISH to mqtt-explorer-5c916486 (d0, q0, r0, m0, '$SYS/broker/store/messages/bytes', ... (3 bytes))
1778190480: Sending PUBLISH to mqtt-explorer-5c916486 (d0, q0, r0, m0, '$SYS/broker/heap/current', ... (6 bytes))
1778190480: Sending PUBLISH to mqtt-explorer-5c916486 (d0, q0, r0, m0, '$SYS/broker/messages/received', ... (3 bytes))
1778190480: Sending PUBLISH to mqtt-explorer-5c916486 (d0, q0, r0, m0, '$SYS/broker/messages/sent', ... (4 bytes))
1778190480: Sending PUBLISH to mqtt-explorer-5c916486 (d0, q0, r0, m0, '$SYS/broker/bytes/received', ... (4 bytes))
1778190480: Sending PUBLISH to mqtt-explorer-5c916486 (d0, q0, r0, m0, '$SYS/broker/bytes/sent', ... (6 bytes))
1778190480: Sending PUBLISH to mqtt-explorer-5c916486 (d0, q0, r0, m0, '$SYS/broker/publish/bytes/sent', ... (5 bytes))
1778190480: Sending PUBLISH to mqtt-explorer-5c916486 (d0, q0, r0, m0, '$SYS/broker/publish/messages/sent', ... (4 bytes))
1778190484: New connection from 127.0.0.1:52148 on port 1883.
1778190484: New client connected from 127.0.0.1:52148 as healthcheck (p4, c1, k60).
1778190484: No will message specified.
1778190484: Sending CONNACK to healthcheck (0, 0)
1778190484: Received SUBSCRIBE from healthcheck
1778190484: 	$SYS/# (QoS 0)
1778190484: healthcheck 0 $SYS/#
1778190484: Sending SUBACK to healthcheck
1778190484: Sending PUBLISH to healthcheck (d0, q0, r1, m0, '$SYS/broker/version', ... (23 bytes))
1778190484: Sending PUBLISH to healthcheck (d0, q0, r1, m0, '$SYS/broker/uptime', ... (12 bytes))
1778190484: Sending PUBLISH to healthcheck (d0, q0, r1, m0, '$SYS/broker/clients/total', ... (1 bytes))
1778190484: Sending PUBLISH to healthcheck (d0, q0, r1, m0, '$SYS/broker/clients/disconnected', ... (1 bytes))
1778190484: Sending PUBLISH to healthcheck (d0, q0, r1, m0, '$SYS/broker/clients/inactive', ... (1 bytes))
1778190484: Sending PUBLISH to healthcheck (d0, q0, r1, m0, '$SYS/broker/clients/connected', ... (1 bytes))
1778190484: Sending PUBLISH to healthcheck (d0, q0, r1, m0, '$SYS/broker/clients/active', ... (1 bytes))
1778190484: Sending PUBLISH to healthcheck (d0, q0, r1, m0, '$SYS/broker/clients/expired', ... (1 bytes))
1778190484: Sending PUBLISH to healthcheck (d0, q0, r1, m0, '$SYS/broker/clients/maximum', ... (1 bytes))
1778190484: Sending PUBLISH to healthcheck (d0, q0, r1, m0, '$SYS/broker/messages/stored', ... (2 bytes))
1778190484: Sending PUBLISH to healthcheck (d0, q0, r1, m0, '$SYS/broker/messages/received', ... (3 bytes))
1778190484: Sending PUBLISH to healthcheck (d0, q0, r1, m0, '$SYS/broker/messages/sent', ... (4 bytes))
1778190484: Sending PUBLISH to healthcheck (d0, q0, r1, m0, '$SYS/broker/store/messages/count', ... (2 bytes))
1778190484: Sending PUBLISH to healthcheck (d0, q0, r1, m0, '$SYS/broker/store/messages/bytes', ... (3 bytes))
1778190484: Sending PUBLISH to healthcheck (d0, q0, r1, m0, '$SYS/broker/subscriptions/count', ... (1 bytes))
1778190484: Sending PUBLISH to healthcheck (d0, q0, r1, m0, '$SYS/broker/shared_subscriptions/count', ... (1 bytes))
1778190484: Sending PUBLISH to healthcheck (d0, q0, r1, m0, '$SYS/broker/retained messages/count', ... (2 bytes))
1778190484: Sending PUBLISH to healthcheck (d0, q0, r1, m0, '$SYS/broker/heap/current', ... (6 bytes))
1778190484: Sending PUBLISH to healthcheck (d0, q0, r1, m0, '$SYS/broker/heap/maximum', ... (6 bytes))
1778190484: Sending PUBLISH to healthcheck (d0, q0, r1, m0, '$SYS/broker/bytes/received', ... (4 bytes))
1778190484: Sending PUBLISH to healthcheck (d0, q0, r1, m0, '$SYS/broker/bytes/sent', ... (6 bytes))
1778190484: Sending PUBLISH to healthcheck (d0, q0, r1, m0, '$SYS/broker/publish/bytes/received', ... (4 bytes))
1778190484: Sending PUBLISH to healthcheck (d0, q0, r1, m0, '$SYS/broker/publish/bytes/sent', ... (5 bytes))
1778190484: Sending PUBLISH to healthcheck (d0, q0, r1, m0, '$SYS/broker/publish/messages/dropped', ... (1 bytes))
1778190484: Sending PUBLISH to healthcheck (d0, q0, r1, m0, '$SYS/broker/publish/messages/received', ... (2 bytes))
1778190484: Sending PUBLISH to healthcheck (d0, q0, r1, m0, '$SYS/broker/publish/messages/sent', ... (4 bytes))
1778190484: Sending PUBLISH to healthcheck (d0, q0, r1, m0, '$SYS/broker/packet/out/count', ... (1 bytes))
1778190484: Sending PUBLISH to healthcheck (d0, q0, r1, m0, '$SYS/broker/packet/out/bytes', ... (1 bytes))
1778190484: Sending PUBLISH to healthcheck (d0, q0, r1, m0, '$SYS/broker/connections/socket/count', ... (2 bytes))
1778190484: Sending PUBLISH to healthcheck (d0, q0, r1, m0, '$SYS/broker/load/messages/received/1min', ... (4 bytes))
1778190484: Sending PUBLISH to healthcheck (d0, q0, r1, m0, '$SYS/broker/load/messages/received/5min', ... (4 bytes))
1778190484: Sending PUBLISH to healthcheck (d0, q0, r1, m0, '$SYS/broker/load/messages/received/15min', ... (4 bytes))
1778190484: Sending PUBLISH to healthcheck (d0, q0, r1, m0, '$SYS/broker/load/messages/sent/1min', ... (6 bytes))
1778190484: Sending PUBLISH to healthcheck (d0, q0, r1, m0, '$SYS/broker/load/messages/sent/5min', ... (6 bytes))
1778190484: Sending PUBLISH to healthcheck (d0, q0, r1, m0, '$SYS/broker/load/messages/sent/15min', ... (6 bytes))
1778190484: Sending PUBLISH to healthcheck (d0, q0, r1, m0, '$SYS/broker/load/publish/dropped/1min', ... (4 bytes))
1778190484: Sending PUBLISH to healthcheck (d0, q0, r1, m0, '$SYS/broker/load/publish/dropped/5min', ... (4 bytes))
1778190484: Sending PUBLISH to healthcheck (d0, q0, r1, m0, '$SYS/broker/load/publish/dropped/15min', ... (4 bytes))
1778190484: Sending PUBLISH to healthcheck (d0, q0, r1, m0, '$SYS/broker/load/publish/received/1min', ... (4 bytes))
1778190484: Sending PUBLISH to healthcheck (d0, q0, r1, m0, '$SYS/broker/load/publish/received/5min', ... (4 bytes))
1778190484: Sending PUBLISH to healthcheck (d0, q0, r1, m0, '$SYS/broker/load/publish/received/15min', ... (4 bytes))
1778190484: Sending PUBLISH to healthcheck (d0, q0, r1, m0, '$SYS/broker/load/publish/sent/1min', ... (6 bytes))
1778190484: Sending PUBLISH to healthcheck (d0, q0, r1, m0, '$SYS/broker/load/publish/sent/5min', ... (6 bytes))
1778190484: Sending PUBLISH to healthcheck (d0, q0, r1, m0, '$SYS/broker/load/publish/sent/15min', ... (6 bytes))
1778190484: Sending PUBLISH to healthcheck (d0, q0, r1, m0, '$SYS/broker/load/bytes/received/1min', ... (6 bytes))
1778190484: Sending PUBLISH to healthcheck (d0, q0, r1, m0, '$SYS/broker/load/bytes/received/5min', ... (6 bytes))
1778190484: Sending PUBLISH to healthcheck (d0, q0, r1, m0, '$SYS/broker/load/bytes/received/15min', ... (6 bytes))
1778190484: Sending PUBLISH to healthcheck (d0, q0, r1, m0, '$SYS/broker/load/bytes/sent/1min', ... (7 bytes))
1778190484: Sending PUBLISH to healthcheck (d0, q0, r1, m0, '$SYS/broker/load/bytes/sent/5min', ... (7 bytes))
1778190484: Sending PUBLISH to healthcheck (d0, q0, r1, m0, '$SYS/broker/load/bytes/sent/15min', ... (7 bytes))
1778190484: Sending PUBLISH to healthcheck (d0, q0, r1, m0, '$SYS/broker/load/sockets/1min', ... (4 bytes))
1778190484: Sending PUBLISH to healthcheck (d0, q0, r1, m0, '$SYS/broker/load/sockets/5min', ... (4 bytes))
1778190484: Sending PUBLISH to healthcheck (d0, q0, r1, m0, '$SYS/broker/load/sockets/15min', ... (4 bytes))
1778190484: Sending PUBLISH to healthcheck (d0, q0, r1, m0, '$SYS/broker/load/connections/1min', ... (4 bytes))
1778190484: Sending PUBLISH to healthcheck (d0, q0, r1, m0, '$SYS/broker/load/connections/5min', ... (4 bytes))
1778190484: Sending PUBLISH to healthcheck (d0, q0, r1, m0, '$SYS/broker/load/connections/15min', ... (4 bytes))
1778190484: Client healthcheck [127.0.0.1:52148] disconnected: connection closed by client.
1778190485: Received PINGREQ from mqtt-explorer-5c916486
1778190485: Sending PINGRESP to mqtt-explorer-5c916486
1778190490: Sending PUBLISH to mqtt-explorer-5c916486 (d0, q0, r0, m0, '$SYS/broker/uptime', ... (12 bytes))
1778190490: Sending PUBLISH to mqtt-explorer-5c916486 (d0, q0, r0, m0, '$SYS/broker/load/messages/received/1min', ... (4 bytes))
1778190490: Sending PUBLISH to mqtt-explorer-5c916486 (d0, q0, r0, m0, '$SYS/broker/load/messages/received/5min', ... (4 bytes))
1778190490: Sending PUBLISH to mqtt-explorer-5c916486 (d0, q0, r0, m0, '$SYS/broker/load/messages/received/15min', ... (4 bytes))
1778190490: Sending PUBLISH to mqtt-explorer-5c916486 (d0, q0, r0, m0, '$SYS/broker/load/messages/sent/1min', ... (6 bytes))
1778190490: Sending PUBLISH to mqtt-explorer-5c916486 (d0, q0, r0, m0, '$SYS/broker/load/messages/sent/5min', ... (6 bytes))
1778190490: Sending PUBLISH to mqtt-explorer-5c916486 (d0, q0, r0, m0, '$SYS/broker/load/messages/sent/15min', ... (6 bytes))
1778190490: Sending PUBLISH to mqtt-explorer-5c916486 (d0, q0, r0, m0, '$SYS/broker/load/publish/received/1min', ... (4 bytes))
1778190490: Sending PUBLISH to mqtt-explorer-5c916486 (d0, q0, r0, m0, '$SYS/broker/load/publish/received/5min', ... (4 bytes))
1778190490: Sending PUBLISH to mqtt-explorer-5c916486 (d0, q0, r0, m0, '$SYS/broker/load/publish/sent/1min', ... (6 bytes))
1778190490: Sending PUBLISH to mqtt-explorer-5c916486 (d0, q0, r0, m0, '$SYS/broker/load/publish/sent/5min', ... (6 bytes))
1778190490: Sending PUBLISH to mqtt-explorer-5c916486 (d0, q0, r0, m0, '$SYS/broker/load/publish/sent/15min', ... (6 bytes))
1778190490: Sending PUBLISH to mqtt-explorer-5c916486 (d0, q0, r0, m0, '$SYS/broker/load/bytes/received/1min', ... (6 bytes))
1778190490: Sending PUBLISH to mqtt-explorer-5c916486 (d0, q0, r0, m0, '$SYS/broker/load/bytes/received/5min', ... (6 bytes))
1778190490: Sending PUBLISH to mqtt-explorer-5c916486 (d0, q0, r0, m0, '$SYS/broker/load/bytes/received/15min', ... (6 bytes))
1778190490: Sending PUBLISH to mqtt-explorer-5c916486 (d0, q0, r0, m0, '$SYS/broker/load/bytes/sent/1min', ... (8 bytes))
1778190490: Sending PUBLISH to mqtt-explorer-5c916486 (d0, q0, r0, m0, '$SYS/broker/load/bytes/sent/5min', ... (7 bytes))
1778190490: Sending PUBLISH to mqtt-explorer-5c916486 (d0, q0, r0, m0, '$SYS/broker/load/bytes/sent/15min', ... (7 bytes))
1778190490: Sending PUBLISH to mqtt-explorer-5c916486 (d0, q0, r0, m0, '$SYS/broker/load/sockets/1min', ... (4 bytes))
1778190490: Sending PUBLISH to mqtt-explorer-5c916486 (d0, q0, r0, m0, '$SYS/broker/load/sockets/5min', ... (4 bytes))
1778190490: Sending PUBLISH to mqtt-explorer-5c916486 (d0, q0, r0, m0, '$SYS/broker/load/sockets/15min', ... (4 bytes))
1778190490: Sending PUBLISH to mqtt-explorer-5c916486 (d0, q0, r0, m0, '$SYS/broker/load/connections/1min', ... (4 bytes))
1778190490: Sending PUBLISH to mqtt-explorer-5c916486 (d0, q0, r0, m0, '$SYS/broker/load/connections/5min', ... (4 bytes))
1778190490: Sending PUBLISH to mqtt-explorer-5c916486 (d0, q0, r0, m0, '$SYS/broker/load/connections/15min', ... (4 bytes))
1778190490: Sending PUBLISH to mqtt-explorer-5c916486 (d0, q0, r0, m0, '$SYS/broker/messages/received', ... (3 bytes))
1778190490: Sending PUBLISH to mqtt-explorer-5c916486 (d0, q0, r0, m0, '$SYS/broker/messages/sent', ... (4 bytes))
1778190490: Sending PUBLISH to mqtt-explorer-5c916486 (d0, q0, r0, m0, '$SYS/broker/bytes/received', ... (4 bytes))
1778190490: Sending PUBLISH to mqtt-explorer-5c916486 (d0, q0, r0, m0, '$SYS/broker/bytes/sent', ... (6 bytes))
1778190490: Sending PUBLISH to mqtt-explorer-5c916486 (d0, q0, r0, m0, '$SYS/broker/publish/bytes/sent', ... (5 bytes))
1778190490: Sending PUBLISH to mqtt-explorer-5c916486 (d0, q0, r0, m0, '$SYS/broker/connections/socket/count', ... (2 bytes))
1778190490: Sending PUBLISH to mqtt-explorer-5c916486 (d0, q0, r0, m0, '$SYS/broker/publish/messages/sent', ... (4 bytes))
1778190500: Sending PUBLISH to mqtt-explorer-5c916486 (d0, q0, r0, m0, '$SYS/broker/uptime', ... (12 bytes))
1778190500: Sending PUBLISH to mqtt-explorer-5c916486 (d0, q0, r0, m0, '$SYS/broker/load/messages/received/1min', ... (4 bytes))
1778190500: Sending PUBLISH to mqtt-explorer-5c916486 (d0, q0, r0, m0, '$SYS/broker/load/messages/received/5min', ... (4 bytes))
1778190500: Sending PUBLISH to mqtt-explorer-5c916486 (d0, q0, r0, m0, '$SYS/broker/load/messages/received/15min', ... (4 bytes))
1778190500: Sending PUBLISH to mqtt-explorer-5c916486 (d0, q0, r0, m0, '$SYS/broker/load/messages/sent/1min', ... (6 bytes))
1778190500: Sending PUBLISH to mqtt-explorer-5c916486 (d0, q0, r0, m0, '$SYS/broker/load/messages/sent/5min', ... (6 bytes))
1778190500: Sending PUBLISH to mqtt-explorer-5c916486 (d0, q0, r0, m0, '$SYS/broker/load/messages/sent/15min', ... (6 bytes))
1778190500: Sending PUBLISH to mqtt-explorer-5c916486 (d0, q0, r0, m0, '$SYS/broker/load/publish/received/1min', ... (4 bytes))
1778190500: Sending PUBLISH to mqtt-explorer-5c916486 (d0, q0, r0, m0, '$SYS/broker/load/publish/received/5min', ... (4 bytes))
1778190500: Sending PUBLISH to mqtt-explorer-5c916486 (d0, q0, r0, m0, '$SYS/broker/load/publish/sent/1min', ... (6 bytes))
1778190500: Sending PUBLISH to mqtt-explorer-5c916486 (d0, q0, r0, m0, '$SYS/broker/load/publish/sent/5min', ... (6 bytes))
1778190500: Sending PUBLISH to mqtt-explorer-5c916486 (d0, q0, r0, m0, '$SYS/broker/load/publish/sent/15min', ... (6 bytes))
1778190500: Sending PUBLISH to mqtt-explorer-5c916486 (d0, q0, r0, m0, '$SYS/broker/load/bytes/received/1min', ... (6 bytes))
1778190500: Sending PUBLISH to mqtt-explorer-5c916486 (d0, q0, r0, m0, '$SYS/broker/load/bytes/received/5min', ... (6 bytes))
1778190500: Sending PUBLISH to mqtt-explorer-5c916486 (d0, q0, r0, m0, '$SYS/broker/load/bytes/received/15min', ... (6 bytes))
1778190500: Sending PUBLISH to mqtt-explorer-5c916486 (d0, q0, r0, m0, '$SYS/broker/load/bytes/sent/1min', ... (7 bytes))
1778190500: Sending PUBLISH to mqtt-explorer-5c916486 (d0, q0, r0, m0, '$SYS/broker/load/bytes/sent/5min', ... (7 bytes))
1778190500: Sending PUBLISH to mqtt-explorer-5c916486 (d0, q0, r0, m0, '$SYS/broker/load/bytes/sent/15min', ... (7 bytes))
1778190500: Sending PUBLISH to mqtt-explorer-5c916486 (d0, q0, r0, m0, '$SYS/broker/load/sockets/1min', ... (4 bytes))
1778190500: Sending PUBLISH to mqtt-explorer-5c916486 (d0, q0, r0, m0, '$SYS/broker/load/sockets/5min', ... (4 bytes))
1778190500: Sending PUBLISH to mqtt-explorer-5c916486 (d0, q0, r0, m0, '$SYS/broker/load/sockets/15min', ... (4 bytes))
1778190500: Sending PUBLISH to mqtt-explorer-5c916486 (d0, q0, r0, m0, '$SYS/broker/load/connections/1min', ... (4 bytes))
1778190500: Sending PUBLISH to mqtt-explorer-5c916486 (d0, q0, r0, m0, '$SYS/broker/load/connections/5min', ... (4 bytes))
1778190500: Sending PUBLISH to mqtt-explorer-5c916486 (d0, q0, r0, m0, '$SYS/broker/load/connections/15min', ... (4 bytes))
1778190500: Sending PUBLISH to mqtt-explorer-5c916486 (d0, q0, r0, m0, '$SYS/broker/store/messages/bytes', ... (3 bytes))
1778190500: Sending PUBLISH to mqtt-explorer-5c916486 (d0, q0, r0, m0, '$SYS/broker/heap/current', ... (6 bytes))
1778190500: Sending PUBLISH to mqtt-explorer-5c916486 (d0, q0, r0, m0, '$SYS/broker/messages/sent', ... (4 bytes))
1778190500: Sending PUBLISH to mqtt-explorer-5c916486 (d0, q0, r0, m0, '$SYS/broker/bytes/sent', ... (6 bytes))
1778190500: Sending PUBLISH to mqtt-explorer-5c916486 (d0, q0, r0, m0, '$SYS/broker/publish/bytes/sent', ... (5 bytes))
1778190500: Sending PUBLISH to mqtt-explorer-5c916486 (d0, q0, r0, m0, '$SYS/broker/publish/messages/sent', ... (4 bytes))
1778190510: Sending PUBLISH to mqtt-explorer-5c916486 (d0, q0, r0, m0, '$SYS/broker/uptime', ... (12 bytes))
1778190510: Sending PUBLISH to mqtt-explorer-5c916486 (d0, q0, r0, m0, '$SYS/broker/load/messages/received/1min', ... (4 bytes))
1778190510: Sending PUBLISH to mqtt-explorer-5c916486 (d0, q0, r0, m0, '$SYS/broker/load/messages/received/5min', ... (4 bytes))
1778190510: Sending PUBLISH to mqtt-explorer-5c916486 (d0, q0, r0, m0, '$SYS/broker/load/messages/received/15min', ... (4 bytes))
1778190510: Sending PUBLISH to mqtt-explorer-5c916486 (d0, q0, r0, m0, '$SYS/broker/load/messages/sent/1min', ... (6 bytes))
1778190510: Sending PUBLISH to mqtt-explorer-5c916486 (d0, q0, r0, m0, '$SYS/broker/load/messages/sent/5min', ... (6 bytes))
1778190510: Sending PUBLISH to mqtt-explorer-5c916486 (d0, q0, r0, m0, '$SYS/broker/load/messages/sent/15min', ... (6 bytes))
1778190510: Sending PUBLISH to mqtt-explorer-5c916486 (d0, q0, r0, m0, '$SYS/broker/load/publish/received/1min', ... (4 bytes))
1778190510: Sending PUBLISH to mqtt-explorer-5c916486 (d0, q0, r0, m0, '$SYS/broker/load/publish/received/5min', ... (4 bytes))
1778190510: Sending PUBLISH to mqtt-explorer-5c916486 (d0, q0, r0, m0, '$SYS/broker/load/publish/sent/1min', ... (6 bytes))
1778190510: Sending PUBLISH to mqtt-explorer-5c916486 (d0, q0, r0, m0, '$SYS/broker/load/publish/sent/5min', ... (6 bytes))
1778190510: Sending PUBLISH to mqtt-explorer-5c916486 (d0, q0, r0, m0, '$SYS/broker/load/publish/sent/15min', ... (6 bytes))
1778190510: Sending PUBLISH to mqtt-explorer-5c916486 (d0, q0, r0, m0, '$SYS/broker/load/bytes/received/1min', ... (6 bytes))
1778190510: Sending PUBLISH to mqtt-explorer-5c916486 (d0, q0, r0, m0, '$SYS/broker/load/bytes/received/5min', ... (6 bytes))
1778190510: Sending PUBLISH to mqtt-explorer-5c916486 (d0, q0, r0, m0, '$SYS/broker/load/bytes/received/15min', ... (6 bytes))
1778190510: Sending PUBLISH to mqtt-explorer-5c916486 (d0, q0, r0, m0, '$SYS/broker/load/bytes/sent/1min', ... (7 bytes))
1778190510: Sending PUBLISH to mqtt-explorer-5c916486 (d0, q0, r0, m0, '$SYS/broker/load/bytes/sent/5min', ... (7 bytes))
1778190510: Sending PUBLISH to mqtt-explorer-5c916486 (d0, q0, r0, m0, '$SYS/broker/load/bytes/sent/15min', ... (7 bytes))
1778190510: Sending PUBLISH to mqtt-explorer-5c916486 (d0, q0, r0, m0, '$SYS/broker/load/sockets/1min', ... (4 bytes))
1778190510: Sending PUBLISH to mqtt-explorer-5c916486 (d0, q0, r0, m0, '$SYS/broker/load/sockets/5min', ... (4 bytes))
1778190510: Sending PUBLISH to mqtt-explorer-5c916486 (d0, q0, r0, m0, '$SYS/broker/load/sockets/15min', ... (4 bytes))
1778190510: Sending PUBLISH to mqtt-explorer-5c916486 (d0, q0, r0, m0, '$SYS/broker/load/connections/1min', ... (4 bytes))
1778190510: Sending PUBLISH to mqtt-explorer-5c916486 (d0, q0, r0, m0, '$SYS/broker/load/connections/5min', ... (4 bytes))
1778190510: Sending PUBLISH to mqtt-explorer-5c916486 (d0, q0, r0, m0, '$SYS/broker/load/connections/15min', ... (4 bytes))
1778190510: Sending PUBLISH to mqtt-explorer-5c916486 (d0, q0, r0, m0, '$SYS/broker/store/messages/bytes', ... (3 bytes))
1778190510: Sending PUBLISH to mqtt-explorer-5c916486 (d0, q0, r0, m0, '$SYS/broker/heap/current', ... (6 bytes))
1778190510: Sending PUBLISH to mqtt-explorer-5c916486 (d0, q0, r0, m0, '$SYS/broker/messages/sent', ... (4 bytes))
1778190510: Sending PUBLISH to mqtt-explorer-5c916486 (d0, q0, r0, m0, '$SYS/broker/bytes/sent', ... (6 bytes))
1778190510: Sending PUBLISH to mqtt-explorer-5c916486 (d0, q0, r0, m0, '$SYS/broker/publish/bytes/sent', ... (5 bytes))
1778190510: Sending PUBLISH to mqtt-explorer-5c916486 (d0, q0, r0, m0, '$SYS/broker/publish/messages/sent', ... (4 bytes))
1778190514: New connection from 127.0.0.1:55954 on port 1883.
1778190514: New client connected from 127.0.0.1:55954 as healthcheck (p4, c1, k60).
1778190514: No will message specified.
1778190514: Sending CONNACK to healthcheck (0, 0)
1778190514: Received SUBSCRIBE from healthcheck
1778190514: 	$SYS/# (QoS 0)
1778190514: healthcheck 0 $SYS/#
1778190514: Sending SUBACK to healthcheck
1778190514: Sending PUBLISH to healthcheck (d0, q0, r1, m0, '$SYS/broker/version', ... (23 bytes))
1778190514: Sending PUBLISH to healthcheck (d0, q0, r1, m0, '$SYS/broker/uptime', ... (12 bytes))
1778190514: Sending PUBLISH to healthcheck (d0, q0, r1, m0, '$SYS/broker/clients/total', ... (1 bytes))
1778190514: Sending PUBLISH to healthcheck (d0, q0, r1, m0, '$SYS/broker/clients/disconnected', ... (1 bytes))
1778190514: Sending PUBLISH to healthcheck (d0, q0, r1, m0, '$SYS/broker/clients/inactive', ... (1 bytes))
1778190514: Sending PUBLISH to healthcheck (d0, q0, r1, m0, '$SYS/broker/clients/connected', ... (1 bytes))
1778190514: Sending PUBLISH to healthcheck (d0, q0, r1, m0, '$SYS/broker/clients/active', ... (1 bytes))
1778190514: Sending PUBLISH to healthcheck (d0, q0, r1, m0, '$SYS/broker/clients/expired', ... (1 bytes))
1778190514: Sending PUBLISH to healthcheck (d0, q0, r1, m0, '$SYS/broker/clients/maximum', ... (1 bytes))
1778190514: Sending PUBLISH to healthcheck (d0, q0, r1, m0, '$SYS/broker/messages/stored', ... (2 bytes))
1778190514: Sending PUBLISH to healthcheck (d0, q0, r1, m0, '$SYS/broker/messages/received', ... (3 bytes))
1778190514: Sending PUBLISH to healthcheck (d0, q0, r1, m0, '$SYS/broker/messages/sent', ... (4 bytes))
1778190514: Sending PUBLISH to healthcheck (d0, q0, r1, m0, '$SYS/broker/store/messages/count', ... (2 bytes))
1778190514: Sending PUBLISH to healthcheck (d0, q0, r1, m0, '$SYS/broker/store/messages/bytes', ... (3 bytes))
1778190514: Sending PUBLISH to healthcheck (d0, q0, r1, m0, '$SYS/broker/subscriptions/count', ... (1 bytes))
1778190514: Sending PUBLISH to healthcheck (d0, q0, r1, m0, '$SYS/broker/shared_subscriptions/count', ... (1 bytes))
1778190514: Sending PUBLISH to healthcheck (d0, q0, r1, m0, '$SYS/broker/retained messages/count', ... (2 bytes))
1778190514: Sending PUBLISH to healthcheck (d0, q0, r1, m0, '$SYS/broker/heap/current', ... (6 bytes))
1778190514: Sending PUBLISH to healthcheck (d0, q0, r1, m0, '$SYS/broker/heap/maximum', ... (6 bytes))
1778190514: Sending PUBLISH to healthcheck (d0, q0, r1, m0, '$SYS/broker/bytes/received', ... (4 bytes))
1778190514: Sending PUBLISH to healthcheck (d0, q0, r1, m0, '$SYS/broker/bytes/sent', ... (6 bytes))
1778190514: Sending PUBLISH to healthcheck (d0, q0, r1, m0, '$SYS/broker/publish/bytes/received', ... (4 bytes))
1778190514: Sending PUBLISH to healthcheck (d0, q0, r1, m0, '$SYS/broker/publish/bytes/sent', ... (5 bytes))
1778190514: Sending PUBLISH to healthcheck (d0, q0, r1, m0, '$SYS/broker/publish/messages/dropped', ... (1 bytes))
1778190514: Sending PUBLISH to healthcheck (d0, q0, r1, m0, '$SYS/broker/publish/messages/received', ... (2 bytes))
1778190514: Sending PUBLISH to healthcheck (d0, q0, r1, m0, '$SYS/broker/publish/messages/sent', ... (4 bytes))
1778190514: Sending PUBLISH to healthcheck (d0, q0, r1, m0, '$SYS/broker/packet/out/count', ... (1 bytes))
1778190514: Sending PUBLISH to healthcheck (d0, q0, r1, m0, '$SYS/broker/packet/out/bytes', ... (1 bytes))
1778190514: Sending PUBLISH to healthcheck (d0, q0, r1, m0, '$SYS/broker/connections/socket/count', ... (2 bytes))
1778190514: Sending PUBLISH to healthcheck (d0, q0, r1, m0, '$SYS/broker/load/messages/received/1min', ... (4 bytes))
1778190514: Sending PUBLISH to healthcheck (d0, q0, r1, m0, '$SYS/broker/load/messages/received/5min', ... (4 bytes))
1778190514: Sending PUBLISH to healthcheck (d0, q0, r1, m0, '$SYS/broker/load/messages/received/15min', ... (4 bytes))
1778190514: Sending PUBLISH to healthcheck (d0, q0, r1, m0, '$SYS/broker/load/messages/sent/1min', ... (6 bytes))
1778190514: Sending PUBLISH to healthcheck (d0, q0, r1, m0, '$SYS/broker/load/messages/sent/5min', ... (6 bytes))
1778190514: Sending PUBLISH to healthcheck (d0, q0, r1, m0, '$SYS/broker/load/messages/sent/15min', ... (6 bytes))
1778190514: Sending PUBLISH to healthcheck (d0, q0, r1, m0, '$SYS/broker/load/publish/dropped/1min', ... (4 bytes))
1778190514: Sending PUBLISH to healthcheck (d0, q0, r1, m0, '$SYS/broker/load/publish/dropped/5min', ... (4 bytes))
1778190514: Sending PUBLISH to healthcheck (d0, q0, r1, m0, '$SYS/broker/load/publish/dropped/15min', ... (4 bytes))
1778190514: Sending PUBLISH to healthcheck (d0, q0, r1, m0, '$SYS/broker/load/publish/received/1min', ... (4 bytes))
1778190514: Sending PUBLISH to healthcheck (d0, q0, r1, m0, '$SYS/broker/load/publish/received/5min', ... (4 bytes))
1778190514: Sending PUBLISH to healthcheck (d0, q0, r1, m0, '$SYS/broker/load/publish/received/15min', ... (4 bytes))
1778190514: Sending PUBLISH to healthcheck (d0, q0, r1, m0, '$SYS/broker/load/publish/sent/1min', ... (6 bytes))
1778190514: Sending PUBLISH to healthcheck (d0, q0, r1, m0, '$SYS/broker/load/publish/sent/5min', ... (6 bytes))
1778190514: Sending PUBLISH to healthcheck (d0, q0, r1, m0, '$SYS/broker/load/publish/sent/15min', ... (6 bytes))
1778190514: Sending PUBLISH to healthcheck (d0, q0, r1, m0, '$SYS/broker/load/bytes/received/1min', ... (6 bytes))
1778190514: Sending PUBLISH to healthcheck (d0, q0, r1, m0, '$SYS/broker/load/bytes/received/5min', ... (6 bytes))
1778190514: Sending PUBLISH to healthcheck (d0, q0, r1, m0, '$SYS/broker/load/bytes/received/15min', ... (6 bytes))
1778190514: Sending PUBLISH to healthcheck (d0, q0, r1, m0, '$SYS/broker/load/bytes/sent/1min', ... (7 bytes))
1778190514: Sending PUBLISH to healthcheck (d0, q0, r1, m0, '$SYS/broker/load/bytes/sent/5min', ... (7 bytes))
1778190514: Sending PUBLISH to healthcheck (d0, q0, r1, m0, '$SYS/broker/load/bytes/sent/15min', ... (7 bytes))
1778190514: Sending PUBLISH to healthcheck (d0, q0, r1, m0, '$SYS/broker/load/sockets/1min', ... (4 bytes))
1778190514: Sending PUBLISH to healthcheck (d0, q0, r1, m0, '$SYS/broker/load/sockets/5min', ... (4 bytes))
1778190514: Sending PUBLISH to healthcheck (d0, q0, r1, m0, '$SYS/broker/load/sockets/15min', ... (4 bytes))
1778190514: Sending PUBLISH to healthcheck (d0, q0, r1, m0, '$SYS/broker/load/connections/1min', ... (4 bytes))
1778190514: Sending PUBLISH to healthcheck (d0, q0, r1, m0, '$SYS/broker/load/connections/5min', ... (4 bytes))
1778190514: Sending PUBLISH to healthcheck (d0, q0, r1, m0, '$SYS/broker/load/connections/15min', ... (4 bytes))
1778190514: Client healthcheck [127.0.0.1:55954] disconnected: connection closed by client.
1778190520: Sending PUBLISH to mqtt-explorer-5c916486 (d0, q0, r0, m0, '$SYS/broker/uptime', ... (12 bytes))
1778190520: Sending PUBLISH to mqtt-explorer-5c916486 (d0, q0, r0, m0, '$SYS/broker/load/messages/received/1min', ... (4 bytes))
1778190520: Sending PUBLISH to mqtt-explorer-5c916486 (d0, q0, r0, m0, '$SYS/broker/load/messages/received/5min', ... (4 bytes))
1778190520: Sending PUBLISH to mqtt-explorer-5c916486 (d0, q0, r0, m0, '$SYS/broker/load/messages/received/15min', ... (4 bytes))
1778190520: Sending PUBLISH to mqtt-explorer-5c916486 (d0, q0, r0, m0, '$SYS/broker/load/messages/sent/1min', ... (6 bytes))
1778190520: Sending PUBLISH to mqtt-explorer-5c916486 (d0, q0, r0, m0, '$SYS/broker/load/messages/sent/5min', ... (6 bytes))
1778190520: Sending PUBLISH to mqtt-explorer-5c916486 (d0, q0, r0, m0, '$SYS/broker/load/messages/sent/15min', ... (6 bytes))
1778190520: Sending PUBLISH to mqtt-explorer-5c916486 (d0, q0, r0, m0, '$SYS/broker/load/publish/received/1min', ... (4 bytes))
1778190520: Sending PUBLISH to mqtt-explorer-5c916486 (d0, q0, r0, m0, '$SYS/broker/load/publish/received/5min', ... (4 bytes))
1778190520: Sending PUBLISH to mqtt-explorer-5c916486 (d0, q0, r0, m0, '$SYS/broker/load/publish/sent/1min', ... (6 bytes))
1778190520: Sending PUBLISH to mqtt-explorer-5c916486 (d0, q0, r0, m0, '$SYS/broker/load/publish/sent/5min', ... (6 bytes))
1778190520: Sending PUBLISH to mqtt-explorer-5c916486 (d0, q0, r0, m0, '$SYS/broker/load/publish/sent/15min', ... (6 bytes))
1778190520: Sending PUBLISH to mqtt-explorer-5c916486 (d0, q0, r0, m0, '$SYS/broker/load/bytes/received/1min', ... (6 bytes))
1778190520: Sending PUBLISH to mqtt-explorer-5c916486 (d0, q0, r0, m0, '$SYS/broker/load/bytes/received/5min', ... (6 bytes))
1778190520: Sending PUBLISH to mqtt-explorer-5c916486 (d0, q0, r0, m0, '$SYS/broker/load/bytes/received/15min', ... (6 bytes))
1778190520: Sending PUBLISH to mqtt-explorer-5c916486 (d0, q0, r0, m0, '$SYS/broker/load/bytes/sent/1min', ... (8 bytes))
1778190520: Sending PUBLISH to mqtt-explorer-5c916486 (d0, q0, r0, m0, '$SYS/broker/load/bytes/sent/5min', ... (7 bytes))
1778190520: Sending PUBLISH to mqtt-explorer-5c916486 (d0, q0, r0, m0, '$SYS/broker/load/bytes/sent/15min', ... (7 bytes))
1778190520: Sending PUBLISH to mqtt-explorer-5c916486 (d0, q0, r0, m0, '$SYS/broker/load/sockets/1min', ... (4 bytes))
1778190520: Sending PUBLISH to mqtt-explorer-5c916486 (d0, q0, r0, m0, '$SYS/broker/load/sockets/5min', ... (4 bytes))
1778190520: Sending PUBLISH to mqtt-explorer-5c916486 (d0, q0, r0, m0, '$SYS/broker/load/sockets/15min', ... (4 bytes))
1778190520: Sending PUBLISH to mqtt-explorer-5c916486 (d0, q0, r0, m0, '$SYS/broker/load/connections/1min', ... (4 bytes))
1778190520: Sending PUBLISH to mqtt-explorer-5c916486 (d0, q0, r0, m0, '$SYS/broker/load/connections/5min', ... (4 bytes))
1778190520: Sending PUBLISH to mqtt-explorer-5c916486 (d0, q0, r0, m0, '$SYS/broker/load/connections/15min', ... (4 bytes))
1778190520: Sending PUBLISH to mqtt-explorer-5c916486 (d0, q0, r0, m0, '$SYS/broker/messages/received', ... (3 bytes))
1778190520: Sending PUBLISH to mqtt-explorer-5c916486 (d0, q0, r0, m0, '$SYS/broker/messages/sent', ... (4 bytes))
1778190520: Sending PUBLISH to mqtt-explorer-5c916486 (d0, q0, r0, m0, '$SYS/broker/bytes/received', ... (4 bytes))
1778190520: Sending PUBLISH to mqtt-explorer-5c916486 (d0, q0, r0, m0, '$SYS/broker/bytes/sent', ... (6 bytes))
1778190520: Sending PUBLISH to mqtt-explorer-5c916486 (d0, q0, r0, m0, '$SYS/broker/publish/bytes/sent', ... (5 bytes))
1778190520: Sending PUBLISH to mqtt-explorer-5c916486 (d0, q0, r0, m0, '$SYS/broker/connections/socket/count', ... (2 bytes))
1778190520: Sending PUBLISH to mqtt-explorer-5c916486 (d0, q0, r0, m0, '$SYS/broker/publish/messages/sent', ... (4 bytes))
1778190530: Sending PUBLISH to mqtt-explorer-5c916486 (d0, q0, r0, m0, '$SYS/broker/uptime', ... (12 bytes))
1778190530: Sending PUBLISH to mqtt-explorer-5c916486 (d0, q0, r0, m0, '$SYS/broker/load/messages/received/1min', ... (4 bytes))
1778190530: Sending PUBLISH to mqtt-explorer-5c916486 (d0, q0, r0, m0, '$SYS/broker/load/messages/received/5min', ... (4 bytes))
1778190530: Sending PUBLISH to mqtt-explorer-5c916486 (d0, q0, r0, m0, '$SYS/broker/load/messages/received/15min', ... (4 bytes))
1778190530: Sending PUBLISH to mqtt-explorer-5c916486 (d0, q0, r0, m0, '$SYS/broker/load/messages/sent/1min', ... (6 bytes))
1778190530: Sending PUBLISH to mqtt-explorer-5c916486 (d0, q0, r0, m0, '$SYS/broker/load/messages/sent/5min', ... (6 bytes))
1778190530: Sending PUBLISH to mqtt-explorer-5c916486 (d0, q0, r0, m0, '$SYS/broker/load/messages/sent/15min', ... (6 bytes))
1778190530: Sending PUBLISH to mqtt-explorer-5c916486 (d0, q0, r0, m0, '$SYS/broker/load/publish/received/1min', ... (4 bytes))
1778190530: Sending PUBLISH to mqtt-explorer-5c916486 (d0, q0, r0, m0, '$SYS/broker/load/publish/received/5min', ... (4 bytes))
1778190530: Sending PUBLISH to mqtt-explorer-5c916486 (d0, q0, r0, m0, '$SYS/broker/load/publish/sent/1min', ... (6 bytes))
1778190530: Sending PUBLISH to mqtt-explorer-5c916486 (d0, q0, r0, m0, '$SYS/broker/load/publish/sent/5min', ... (6 bytes))
1778190530: Sending PUBLISH to mqtt-explorer-5c916486 (d0, q0, r0, m0, '$SYS/broker/load/publish/sent/15min', ... (6 bytes))
1778190530: Sending PUBLISH to mqtt-explorer-5c916486 (d0, q0, r0, m0, '$SYS/broker/load/bytes/received/1min', ... (6 bytes))
1778190530: Sending PUBLISH to mqtt-explorer-5c916486 (d0, q0, r0, m0, '$SYS/broker/load/bytes/received/5min', ... (6 bytes))
1778190530: Sending PUBLISH to mqtt-explorer-5c916486 (d0, q0, r0, m0, '$SYS/broker/load/bytes/received/15min', ... (6 bytes))
1778190530: Sending PUBLISH to mqtt-explorer-5c916486 (d0, q0, r0, m0, '$SYS/broker/load/bytes/sent/1min', ... (7 bytes))
1778190530: Sending PUBLISH to mqtt-explorer-5c916486 (d0, q0, r0, m0, '$SYS/broker/load/bytes/sent/5min', ... (7 bytes))
1778190530: Sending PUBLISH to mqtt-explorer-5c916486 (d0, q0, r0, m0, '$SYS/broker/load/bytes/sent/15min', ... (7 bytes))
1778190530: Sending PUBLISH to mqtt-explorer-5c916486 (d0, q0, r0, m0, '$SYS/broker/load/sockets/1min', ... (4 bytes))
1778190530: Sending PUBLISH to mqtt-explorer-5c916486 (d0, q0, r0, m0, '$SYS/broker/load/sockets/5min', ... (4 bytes))
1778190530: Sending PUBLISH to mqtt-explorer-5c916486 (d0, q0, r0, m0, '$SYS/broker/load/sockets/15min', ... (4 bytes))
1778190530: Sending PUBLISH to mqtt-explorer-5c916486 (d0, q0, r0, m0, '$SYS/broker/load/connections/1min', ... (4 bytes))
1778190530: Sending PUBLISH to mqtt-explorer-5c916486 (d0, q0, r0, m0, '$SYS/broker/load/connections/5min', ... (4 bytes))
1778190530: Sending PUBLISH to mqtt-explorer-5c916486 (d0, q0, r0, m0, '$SYS/broker/load/connections/15min', ... (4 bytes))
1778190530: Sending PUBLISH to mqtt-explorer-5c916486 (d0, q0, r0, m0, '$SYS/broker/store/messages/bytes', ... (3 bytes))
1778190530: Sending PUBLISH to mqtt-explorer-5c916486 (d0, q0, r0, m0, '$SYS/broker/heap/current', ... (6 bytes))
1778190530: Sending PUBLISH to mqtt-explorer-5c916486 (d0, q0, r0, m0, '$SYS/broker/messages/sent', ... (4 bytes))
1778190530: Sending PUBLISH to mqtt-explorer-5c916486 (d0, q0, r0, m0, '$SYS/broker/bytes/sent', ... (6 bytes))
1778190530: Sending PUBLISH to mqtt-explorer-5c916486 (d0, q0, r0, m0, '$SYS/broker/publish/bytes/sent', ... (5 bytes))
1778190530: Sending PUBLISH to mqtt-explorer-5c916486 (d0, q0, r0, m0, '$SYS/broker/publish/messages/sent', ... (4 bytes))
1778190539: Received PINGREQ from ISIC-ESP8266-001
1778190539: Sending PINGRESP to ISIC-ESP8266-001
1778190540: Sending PUBLISH to mqtt-explorer-5c916486 (d0, q0, r0, m0, '$SYS/broker/uptime', ... (12 bytes))
1778190540: Sending PUBLISH to mqtt-explorer-5c916486 (d0, q0, r0, m0, '$SYS/broker/load/messages/received/1min', ... (4 bytes))
1778190540: Sending PUBLISH to mqtt-explorer-5c916486 (d0, q0, r0, m0, '$SYS/broker/load/messages/received/5min', ... (4 bytes))
1778190540: Sending PUBLISH to mqtt-explorer-5c916486 (d0, q0, r0, m0, '$SYS/broker/load/messages/received/15min', ... (4 bytes))
1778190540: Sending PUBLISH to mqtt-explorer-5c916486 (d0, q0, r0, m0, '$SYS/broker/load/messages/sent/1min', ... (6 bytes))
1778190540: Sending PUBLISH to mqtt-explorer-5c916486 (d0, q0, r0, m0, '$SYS/broker/load/messages/sent/5min', ... (6 bytes))
1778190540: Sending PUBLISH to mqtt-explorer-5c916486 (d0, q0, r0, m0, '$SYS/broker/load/messages/sent/15min', ... (6 bytes))
1778190540: Sending PUBLISH to mqtt-explorer-5c916486 (d0, q0, r0, m0, '$SYS/broker/load/publish/received/1min', ... (4 bytes))
1778190540: Sending PUBLISH to mqtt-explorer-5c916486 (d0, q0, r0, m0, '$SYS/broker/load/publish/received/5min', ... (4 bytes))
1778190540: Sending PUBLISH to mqtt-explorer-5c916486 (d0, q0, r0, m0, '$SYS/broker/load/publish/sent/1min', ... (6 bytes))
1778190540: Sending PUBLISH to mqtt-explorer-5c916486 (d0, q0, r0, m0, '$SYS/broker/load/publish/sent/5min', ... (6 bytes))
1778190540: Sending PUBLISH to mqtt-explorer-5c916486 (d0, q0, r0, m0, '$SYS/broker/load/publish/sent/15min', ... (6 bytes))
1778190540: Sending PUBLISH to mqtt-explorer-5c916486 (d0, q0, r0, m0, '$SYS/broker/load/bytes/received/1min', ... (5 bytes))
1778190540: Sending PUBLISH to mqtt-explorer-5c916486 (d0, q0, r0, m0, '$SYS/broker/load/bytes/received/5min', ... (6 bytes))
1778190540: Sending PUBLISH to mqtt-explorer-5c916486 (d0, q0, r0, m0, '$SYS/broker/load/bytes/received/15min', ... (6 bytes))
1778190540: Sending PUBLISH to mqtt-explorer-5c916486 (d0, q0, r0, m0, '$SYS/broker/load/bytes/sent/1min', ... (7 bytes))
1778190540: Sending PUBLISH to mqtt-explorer-5c916486 (d0, q0, r0, m0, '$SYS/broker/load/bytes/sent/5min', ... (7 bytes))
1778190540: Sending PUBLISH to mqtt-explorer-5c916486 (d0, q0, r0, m0, '$SYS/broker/load/bytes/sent/15min', ... (7 bytes))
1778190540: Sending PUBLISH to mqtt-explorer-5c916486 (d0, q0, r0, m0, '$SYS/broker/load/sockets/1min', ... (4 bytes))
1778190540: Sending PUBLISH to mqtt-explorer-5c916486 (d0, q0, r0, m0, '$SYS/broker/load/sockets/5min', ... (4 bytes))
1778190540: Sending PUBLISH to mqtt-explorer-5c916486 (d0, q0, r0, m0, '$SYS/broker/load/sockets/15min', ... (4 bytes))
1778190540: Sending PUBLISH to mqtt-explorer-5c916486 (d0, q0, r0, m0, '$SYS/broker/load/connections/1min', ... (4 bytes))
1778190540: Sending PUBLISH to mqtt-explorer-5c916486 (d0, q0, r0, m0, '$SYS/broker/load/connections/5min', ... (4 bytes))
1778190540: Sending PUBLISH to mqtt-explorer-5c916486 (d0, q0, r0, m0, '$SYS/broker/load/connections/15min', ... (4 bytes))
1778190540: Sending PUBLISH to mqtt-explorer-5c916486 (d0, q0, r0, m0, '$SYS/broker/store/messages/bytes', ... (3 bytes))
1778190540: Sending PUBLISH to mqtt-explorer-5c916486 (d0, q0, r0, m0, '$SYS/broker/heap/current', ... (6 bytes))
1778190540: Sending PUBLISH to mqtt-explorer-5c916486 (d0, q0, r0, m0, '$SYS/broker/messages/received', ... (3 bytes))
1778190540: Sending PUBLISH to mqtt-explorer-5c916486 (d0, q0, r0, m0, '$SYS/broker/messages/sent', ... (4 bytes))
1778190540: Sending PUBLISH to mqtt-explorer-5c916486 (d0, q0, r0, m0, '$SYS/broker/bytes/received', ... (4 bytes))
1778190540: Sending PUBLISH to mqtt-explorer-5c916486 (d0, q0, r0, m0, '$SYS/broker/bytes/sent', ... (6 bytes))
1778190540: Sending PUBLISH to mqtt-explorer-5c916486 (d0, q0, r0, m0, '$SYS/broker/publish/bytes/sent', ... (5 bytes))
1778190540: Sending PUBLISH to mqtt-explorer-5c916486 (d0, q0, r0, m0, '$SYS/broker/publish/messages/sent', ... (4 bytes))
1778190544: New connection from 127.0.0.1:35784 on port 1883.
1778190544: New client connected from 127.0.0.1:35784 as healthcheck (p4, c1, k60).
1778190544: No will message specified.
1778190544: Sending CONNACK to healthcheck (0, 0)
1778190544: Received SUBSCRIBE from healthcheck
1778190544: 	$SYS/# (QoS 0)
1778190544: healthcheck 0 $SYS/#
1778190544: Sending SUBACK to healthcheck
1778190544: Sending PUBLISH to healthcheck (d0, q0, r1, m0, '$SYS/broker/version', ... (23 bytes))
1778190544: Sending PUBLISH to healthcheck (d0, q0, r1, m0, '$SYS/broker/uptime', ... (12 bytes))
1778190544: Sending PUBLISH to healthcheck (d0, q0, r1, m0, '$SYS/broker/clients/total', ... (1 bytes))
1778190544: Sending PUBLISH to healthcheck (d0, q0, r1, m0, '$SYS/broker/clients/disconnected', ... (1 bytes))
1778190544: Sending PUBLISH to healthcheck (d0, q0, r1, m0, '$SYS/broker/clients/inactive', ... (1 bytes))
1778190544: Sending PUBLISH to healthcheck (d0, q0, r1, m0, '$SYS/broker/clients/connected', ... (1 bytes))
1778190544: Sending PUBLISH to healthcheck (d0, q0, r1, m0, '$SYS/broker/clients/active', ... (1 bytes))
1778190544: Sending PUBLISH to healthcheck (d0, q0, r1, m0, '$SYS/broker/clients/expired', ... (1 bytes))
1778190544: Sending PUBLISH to healthcheck (d0, q0, r1, m0, '$SYS/broker/clients/maximum', ... (1 bytes))
1778190544: Sending PUBLISH to healthcheck (d0, q0, r1, m0, '$SYS/broker/messages/stored', ... (2 bytes))
1778190544: Sending PUBLISH to healthcheck (d0, q0, r1, m0, '$SYS/broker/messages/received', ... (3 bytes))
1778190544: Sending PUBLISH to healthcheck (d0, q0, r1, m0, '$SYS/broker/messages/sent', ... (4 bytes))
1778190544: Sending PUBLISH to healthcheck (d0, q0, r1, m0, '$SYS/broker/store/messages/count', ... (2 bytes))
1778190544: Sending PUBLISH to healthcheck (d0, q0, r1, m0, '$SYS/broker/store/messages/bytes', ... (3 bytes))
1778190544: Sending PUBLISH to healthcheck (d0, q0, r1, m0, '$SYS/broker/subscriptions/count', ... (1 bytes))
1778190544: Sending PUBLISH to healthcheck (d0, q0, r1, m0, '$SYS/broker/shared_subscriptions/count', ... (1 bytes))
1778190544: Sending PUBLISH to healthcheck (d0, q0, r1, m0, '$SYS/broker/retained messages/count', ... (2 bytes))
1778190544: Sending PUBLISH to healthcheck (d0, q0, r1, m0, '$SYS/broker/heap/current', ... (6 bytes))
1778190544: Sending PUBLISH to healthcheck (d0, q0, r1, m0, '$SYS/broker/heap/maximum', ... (6 bytes))
1778190544: Sending PUBLISH to healthcheck (d0, q0, r1, m0, '$SYS/broker/bytes/received', ... (4 bytes))
1778190544: Sending PUBLISH to healthcheck (d0, q0, r1, m0, '$SYS/broker/bytes/sent', ... (6 bytes))
1778190544: Sending PUBLISH to healthcheck (d0, q0, r1, m0, '$SYS/broker/publish/bytes/received', ... (4 bytes))
1778190544: Sending PUBLISH to healthcheck (d0, q0, r1, m0, '$SYS/broker/publish/bytes/sent', ... (5 bytes))
1778190544: Sending PUBLISH to healthcheck (d0, q0, r1, m0, '$SYS/broker/publish/messages/dropped', ... (1 bytes))
1778190544: Sending PUBLISH to healthcheck (d0, q0, r1, m0, '$SYS/broker/publish/messages/received', ... (2 bytes))
1778190544: Sending PUBLISH to healthcheck (d0, q0, r1, m0, '$SYS/broker/publish/messages/sent', ... (4 bytes))
1778190544: Sending PUBLISH to healthcheck (d0, q0, r1, m0, '$SYS/broker/packet/out/count', ... (1 bytes))
1778190544: Sending PUBLISH to healthcheck (d0, q0, r1, m0, '$SYS/broker/packet/out/bytes', ... (1 bytes))
1778190544: Sending PUBLISH to healthcheck (d0, q0, r1, m0, '$SYS/broker/connections/socket/count', ... (2 bytes))
1778190544: Sending PUBLISH to healthcheck (d0, q0, r1, m0, '$SYS/broker/load/messages/received/1min', ... (4 bytes))
1778190544: Sending PUBLISH to healthcheck (d0, q0, r1, m0, '$SYS/broker/load/messages/received/5min', ... (4 bytes))
1778190544: Sending PUBLISH to healthcheck (d0, q0, r1, m0, '$SYS/broker/load/messages/received/15min', ... (4 bytes))
1778190544: Sending PUBLISH to healthcheck (d0, q0, r1, m0, '$SYS/broker/load/messages/sent/1min', ... (6 bytes))
1778190544: Sending PUBLISH to healthcheck (d0, q0, r1, m0, '$SYS/broker/load/messages/sent/5min', ... (6 bytes))
1778190544: Sending PUBLISH to healthcheck (d0, q0, r1, m0, '$SYS/broker/load/messages/sent/15min', ... (6 bytes))
1778190544: Sending PUBLISH to healthcheck (d0, q0, r1, m0, '$SYS/broker/load/publish/dropped/1min', ... (4 bytes))
1778190544: Sending PUBLISH to healthcheck (d0, q0, r1, m0, '$SYS/broker/load/publish/dropped/5min', ... (4 bytes))
1778190544: Sending PUBLISH to healthcheck (d0, q0, r1, m0, '$SYS/broker/load/publish/dropped/15min', ... (4 bytes))
1778190544: Sending PUBLISH to healthcheck (d0, q0, r1, m0, '$SYS/broker/load/publish/received/1min', ... (4 bytes))
1778190544: Sending PUBLISH to healthcheck (d0, q0, r1, m0, '$SYS/broker/load/publish/received/5min', ... (4 bytes))
1778190544: Sending PUBLISH to healthcheck (d0, q0, r1, m0, '$SYS/broker/load/publish/received/15min', ... (4 bytes))
1778190544: Sending PUBLISH to healthcheck (d0, q0, r1, m0, '$SYS/broker/load/publish/sent/1min', ... (6 bytes))
1778190544: Sending PUBLISH to healthcheck (d0, q0, r1, m0, '$SYS/broker/load/publish/sent/5min', ... (6 bytes))
1778190544: Sending PUBLISH to healthcheck (d0, q0, r1, m0, '$SYS/broker/load/publish/sent/15min', ... (6 bytes))
1778190544: Sending PUBLISH to healthcheck (d0, q0, r1, m0, '$SYS/broker/load/bytes/received/1min', ... (5 bytes))
1778190544: Sending PUBLISH to healthcheck (d0, q0, r1, m0, '$SYS/broker/load/bytes/received/5min', ... (6 bytes))
1778190544: Sending PUBLISH to healthcheck (d0, q0, r1, m0, '$SYS/broker/load/bytes/received/15min', ... (6 bytes))
1778190544: Sending PUBLISH to healthcheck (d0, q0, r1, m0, '$SYS/broker/load/bytes/sent/1min', ... (7 bytes))
1778190544: Sending PUBLISH to healthcheck (d0, q0, r1, m0, '$SYS/broker/load/bytes/sent/5min', ... (7 bytes))
1778190544: Sending PUBLISH to healthcheck (d0, q0, r1, m0, '$SYS/broker/load/bytes/sent/15min', ... (7 bytes))
1778190544: Sending PUBLISH to healthcheck (d0, q0, r1, m0, '$SYS/broker/load/sockets/1min', ... (4 bytes))
1778190544: Sending PUBLISH to healthcheck (d0, q0, r1, m0, '$SYS/broker/load/sockets/5min', ... (4 bytes))
1778190544: Sending PUBLISH to healthcheck (d0, q0, r1, m0, '$SYS/broker/load/sockets/15min', ... (4 bytes))
1778190544: Sending PUBLISH to healthcheck (d0, q0, r1, m0, '$SYS/broker/load/connections/1min', ... (4 bytes))
1778190544: Sending PUBLISH to healthcheck (d0, q0, r1, m0, '$SYS/broker/load/connections/5min', ... (4 bytes))
1778190544: Sending PUBLISH to healthcheck (d0, q0, r1, m0, '$SYS/broker/load/connections/15min', ... (4 bytes))
1778190544: Client healthcheck [127.0.0.1:35784] disconnected: connection closed by client.
1778190545: Received PINGREQ from mqtt-explorer-5c916486
1778190545: Sending PINGRESP to mqtt-explorer-5c916486
1778190550: Sending PUBLISH to mqtt-explorer-5c916486 (d0, q0, r0, m0, '$SYS/broker/uptime', ... (12 bytes))
1778190550: Sending PUBLISH to mqtt-explorer-5c916486 (d0, q0, r0, m0, '$SYS/broker/load/messages/received/1min', ... (4 bytes))
1778190550: Sending PUBLISH to mqtt-explorer-5c916486 (d0, q0, r0, m0, '$SYS/broker/load/messages/received/5min', ... (4 bytes))
1778190550: Sending PUBLISH to mqtt-explorer-5c916486 (d0, q0, r0, m0, '$SYS/broker/load/messages/received/15min', ... (4 bytes))
1778190550: Sending PUBLISH to mqtt-explorer-5c916486 (d0, q0, r0, m0, '$SYS/broker/load/messages/sent/1min', ... (6 bytes))
1778190550: Sending PUBLISH to mqtt-explorer-5c916486 (d0, q0, r0, m0, '$SYS/broker/load/messages/sent/5min', ... (6 bytes))
1778190550: Sending PUBLISH to mqtt-explorer-5c916486 (d0, q0, r0, m0, '$SYS/broker/load/messages/sent/15min', ... (6 bytes))
1778190550: Sending PUBLISH to mqtt-explorer-5c916486 (d0, q0, r0, m0, '$SYS/broker/load/publish/received/1min', ... (4 bytes))
1778190550: Sending PUBLISH to mqtt-explorer-5c916486 (d0, q0, r0, m0, '$SYS/broker/load/publish/received/5min', ... (4 bytes))
1778190550: Sending PUBLISH to mqtt-explorer-5c916486 (d0, q0, r0, m0, '$SYS/broker/load/publish/sent/1min', ... (6 bytes))
1778190550: Sending PUBLISH to mqtt-explorer-5c916486 (d0, q0, r0, m0, '$SYS/broker/load/publish/sent/5min', ... (6 bytes))
1778190550: Sending PUBLISH to mqtt-explorer-5c916486 (d0, q0, r0, m0, '$SYS/broker/load/publish/sent/15min', ... (6 bytes))
1778190550: Sending PUBLISH to mqtt-explorer-5c916486 (d0, q0, r0, m0, '$SYS/broker/load/bytes/received/1min', ... (6 bytes))
1778190550: Sending PUBLISH to mqtt-explorer-5c916486 (d0, q0, r0, m0, '$SYS/broker/load/bytes/received/5min', ... (6 bytes))
1778190550: Sending PUBLISH to mqtt-explorer-5c916486 (d0, q0, r0, m0, '$SYS/broker/load/bytes/received/15min', ... (6 bytes))
1778190550: Sending PUBLISH to mqtt-explorer-5c916486 (d0, q0, r0, m0, '$SYS/broker/load/bytes/sent/1min', ... (8 bytes))
1778190550: Sending PUBLISH to mqtt-explorer-5c916486 (d0, q0, r0, m0, '$SYS/broker/load/bytes/sent/5min', ... (7 bytes))
1778190550: Sending PUBLISH to mqtt-explorer-5c916486 (d0, q0, r0, m0, '$SYS/broker/load/bytes/sent/15min', ... (7 bytes))
1778190550: Sending PUBLISH to mqtt-explorer-5c916486 (d0, q0, r0, m0, '$SYS/broker/load/sockets/1min', ... (4 bytes))
1778190550: Sending PUBLISH to mqtt-explorer-5c916486 (d0, q0, r0, m0, '$SYS/broker/load/sockets/5min', ... (4 bytes))
1778190550: Sending PUBLISH to mqtt-explorer-5c916486 (d0, q0, r0, m0, '$SYS/broker/load/sockets/15min', ... (4 bytes))
1778190550: Sending PUBLISH to mqtt-explorer-5c916486 (d0, q0, r0, m0, '$SYS/broker/load/connections/1min', ... (4 bytes))
1778190550: Sending PUBLISH to mqtt-explorer-5c916486 (d0, q0, r0, m0, '$SYS/broker/load/connections/5min', ... (4 bytes))
1778190550: Sending PUBLISH to mqtt-explorer-5c916486 (d0, q0, r0, m0, '$SYS/broker/load/connections/15min', ... (4 bytes))
1778190550: Sending PUBLISH to mqtt-explorer-5c916486 (d0, q0, r0, m0, '$SYS/broker/store/messages/bytes', ... (3 bytes))
1778190550: Sending PUBLISH to mqtt-explorer-5c916486 (d0, q0, r0, m0, '$SYS/broker/heap/current', ... (6 bytes))
1778190550: Sending PUBLISH to mqtt-explorer-5c916486 (d0, q0, r0, m0, '$SYS/broker/messages/received', ... (3 bytes))
1778190550: Sending PUBLISH to mqtt-explorer-5c916486 (d0, q0, r0, m0, '$SYS/broker/messages/sent', ... (4 bytes))
1778190550: Sending PUBLISH to mqtt-explorer-5c916486 (d0, q0, r0, m0, '$SYS/broker/bytes/received', ... (4 bytes))
1778190550: Sending PUBLISH to mqtt-explorer-5c916486 (d0, q0, r0, m0, '$SYS/broker/bytes/sent', ... (6 bytes))
1778190550: Sending PUBLISH to mqtt-explorer-5c916486 (d0, q0, r0, m0, '$SYS/broker/publish/bytes/sent', ... (5 bytes))
1778190550: Sending PUBLISH to mqtt-explorer-5c916486 (d0, q0, r0, m0, '$SYS/broker/connections/socket/count', ... (2 bytes))
1778190550: Sending PUBLISH to mqtt-explorer-5c916486 (d0, q0, r0, m0, '$SYS/broker/publish/messages/sent', ... (4 bytes))
1778190560: Sending PUBLISH to mqtt-explorer-5c916486 (d0, q0, r0, m0, '$SYS/broker/uptime', ... (12 bytes))
1778190560: Sending PUBLISH to mqtt-explorer-5c916486 (d0, q0, r0, m0, '$SYS/broker/load/messages/received/1min', ... (4 bytes))
1778190560: Sending PUBLISH to mqtt-explorer-5c916486 (d0, q0, r0, m0, '$SYS/broker/load/messages/received/5min', ... (4 bytes))
1778190560: Sending PUBLISH to mqtt-explorer-5c916486 (d0, q0, r0, m0, '$SYS/broker/load/messages/received/15min', ... (4 bytes))
1778190560: Sending PUBLISH to mqtt-explorer-5c916486 (d0, q0, r0, m0, '$SYS/broker/load/messages/sent/1min', ... (6 bytes))
1778190560: Sending PUBLISH to mqtt-explorer-5c916486 (d0, q0, r0, m0, '$SYS/broker/load/messages/sent/5min', ... (6 bytes))
1778190560: Sending PUBLISH to mqtt-explorer-5c916486 (d0, q0, r0, m0, '$SYS/broker/load/messages/sent/15min', ... (6 bytes))
1778190560: Sending PUBLISH to mqtt-explorer-5c916486 (d0, q0, r0, m0, '$SYS/broker/load/publish/received/1min', ... (4 bytes))
1778190560: Sending PUBLISH to mqtt-explorer-5c916486 (d0, q0, r0, m0, '$SYS/broker/load/publish/received/5min', ... (4 bytes))
1778190560: Sending PUBLISH to mqtt-explorer-5c916486 (d0, q0, r0, m0, '$SYS/broker/load/publish/sent/1min', ... (6 bytes))
1778190560: Sending PUBLISH to mqtt-explorer-5c916486 (d0, q0, r0, m0, '$SYS/broker/load/publish/sent/5min', ... (6 bytes))
1778190560: Sending PUBLISH to mqtt-explorer-5c916486 (d0, q0, r0, m0, '$SYS/broker/load/publish/sent/15min', ... (6 bytes))
1778190560: Sending PUBLISH to mqtt-explorer-5c916486 (d0, q0, r0, m0, '$SYS/broker/load/bytes/received/1min', ... (5 bytes))
1778190560: Sending PUBLISH to mqtt-explorer-5c916486 (d0, q0, r0, m0, '$SYS/broker/load/bytes/received/5min', ... (6 bytes))
1778190560: Sending PUBLISH to mqtt-explorer-5c916486 (d0, q0, r0, m0, '$SYS/broker/load/bytes/received/15min', ... (6 bytes))
1778190560: Sending PUBLISH to mqtt-explorer-5c916486 (d0, q0, r0, m0, '$SYS/broker/load/bytes/sent/1min', ... (7 bytes))
1778190560: Sending PUBLISH to mqtt-explorer-5c916486 (d0, q0, r0, m0, '$SYS/broker/load/bytes/sent/5min', ... (7 bytes))
1778190560: Sending PUBLISH to mqtt-explorer-5c916486 (d0, q0, r0, m0, '$SYS/broker/load/bytes/sent/15min', ... (7 bytes))
1778190560: Sending PUBLISH to mqtt-explorer-5c916486 (d0, q0, r0, m0, '$SYS/broker/load/sockets/1min', ... (4 bytes))
1778190560: Sending PUBLISH to mqtt-explorer-5c916486 (d0, q0, r0, m0, '$SYS/broker/load/sockets/5min', ... (4 bytes))
1778190560: Sending PUBLISH to mqtt-explorer-5c916486 (d0, q0, r0, m0, '$SYS/broker/load/sockets/15min', ... (4 bytes))
1778190560: Sending PUBLISH to mqtt-explorer-5c916486 (d0, q0, r0, m0, '$SYS/broker/load/connections/1min', ... (4 bytes))
1778190560: Sending PUBLISH to mqtt-explorer-5c916486 (d0, q0, r0, m0, '$SYS/broker/load/connections/5min', ... (4 bytes))
1778190560: Sending PUBLISH to mqtt-explorer-5c916486 (d0, q0, r0, m0, '$SYS/broker/load/connections/15min', ... (4 bytes))
1778190560: Sending PUBLISH to mqtt-explorer-5c916486 (d0, q0, r0, m0, '$SYS/broker/store/messages/bytes', ... (3 bytes))
1778190560: Sending PUBLISH to mqtt-explorer-5c916486 (d0, q0, r0, m0, '$SYS/broker/heap/current', ... (6 bytes))
1778190560: Sending PUBLISH to mqtt-explorer-5c916486 (d0, q0, r0, m0, '$SYS/broker/messages/sent', ... (4 bytes))
1778190560: Sending PUBLISH to mqtt-explorer-5c916486 (d0, q0, r0, m0, '$SYS/broker/bytes/sent', ... (6 bytes))
1778190560: Sending PUBLISH to mqtt-explorer-5c916486 (d0, q0, r0, m0, '$SYS/broker/publish/bytes/sent', ... (5 bytes))
1778190560: Sending PUBLISH to mqtt-explorer-5c916486 (d0, q0, r0, m0, '$SYS/broker/publish/messages/sent', ... (4 bytes))
1778190570: Sending PUBLISH to mqtt-explorer-5c916486 (d0, q0, r0, m0, '$SYS/broker/uptime', ... (12 bytes))
1778190570: Sending PUBLISH to mqtt-explorer-5c916486 (d0, q0, r0, m0, '$SYS/broker/load/messages/received/1min', ... (4 bytes))
1778190570: Sending PUBLISH to mqtt-explorer-5c916486 (d0, q0, r0, m0, '$SYS/broker/load/messages/received/5min', ... (4 bytes))
1778190570: Sending PUBLISH to mqtt-explorer-5c916486 (d0, q0, r0, m0, '$SYS/broker/load/messages/received/15min', ... (4 bytes))
1778190570: Sending PUBLISH to mqtt-explorer-5c916486 (d0, q0, r0, m0, '$SYS/broker/load/messages/sent/1min', ... (6 bytes))
1778190570: Sending PUBLISH to mqtt-explorer-5c916486 (d0, q0, r0, m0, '$SYS/broker/load/messages/sent/5min', ... (6 bytes))
1778190570: Sending PUBLISH to mqtt-explorer-5c916486 (d0, q0, r0, m0, '$SYS/broker/load/messages/sent/15min', ... (6 bytes))
1778190570: Sending PUBLISH to mqtt-explorer-5c916486 (d0, q0, r0, m0, '$SYS/broker/load/publish/received/1min', ... (4 bytes))
1778190570: Sending PUBLISH to mqtt-explorer-5c916486 (d0, q0, r0, m0, '$SYS/broker/load/publish/received/5min', ... (4 bytes))
1778190570: Sending PUBLISH to mqtt-explorer-5c916486 (d0, q0, r0, m0, '$SYS/broker/load/publish/sent/1min', ... (6 bytes))
1778190570: Sending PUBLISH to mqtt-explorer-5c916486 (d0, q0, r0, m0, '$SYS/broker/load/publish/sent/5min', ... (6 bytes))
1778190570: Sending PUBLISH to mqtt-explorer-5c916486 (d0, q0, r0, m0, '$SYS/broker/load/publish/sent/15min', ... (6 bytes))
1778190570: Sending PUBLISH to mqtt-explorer-5c916486 (d0, q0, r0, m0, '$SYS/broker/load/bytes/received/1min', ... (5 bytes))
1778190570: Sending PUBLISH to mqtt-explorer-5c916486 (d0, q0, r0, m0, '$SYS/broker/load/bytes/received/5min', ... (6 bytes))
1778190570: Sending PUBLISH to mqtt-explorer-5c916486 (d0, q0, r0, m0, '$SYS/broker/load/bytes/received/15min', ... (6 bytes))
1778190570: Sending PUBLISH to mqtt-explorer-5c916486 (d0, q0, r0, m0, '$SYS/broker/load/bytes/sent/1min', ... (7 bytes))
1778190570: Sending PUBLISH to mqtt-explorer-5c916486 (d0, q0, r0, m0, '$SYS/broker/load/bytes/sent/5min', ... (7 bytes))
1778190570: Sending PUBLISH to mqtt-explorer-5c916486 (d0, q0, r0, m0, '$SYS/broker/load/bytes/sent/15min', ... (7 bytes))
1778190570: Sending PUBLISH to mqtt-explorer-5c916486 (d0, q0, r0, m0, '$SYS/broker/load/sockets/1min', ... (4 bytes))
1778190570: Sending PUBLISH to mqtt-explorer-5c916486 (d0, q0, r0, m0, '$SYS/broker/load/sockets/5min', ... (4 bytes))
1778190570: Sending PUBLISH to mqtt-explorer-5c916486 (d0, q0, r0, m0, '$SYS/broker/load/sockets/15min', ... (4 bytes))
1778190570: Sending PUBLISH to mqtt-explorer-5c916486 (d0, q0, r0, m0, '$SYS/broker/load/connections/1min', ... (4 bytes))
1778190570: Sending PUBLISH to mqtt-explorer-5c916486 (d0, q0, r0, m0, '$SYS/broker/load/connections/5min', ... (4 bytes))
1778190570: Sending PUBLISH to mqtt-explorer-5c916486 (d0, q0, r0, m0, '$SYS/broker/load/connections/15min', ... (4 bytes))
1778190570: Sending PUBLISH to mqtt-explorer-5c916486 (d0, q0, r0, m0, '$SYS/broker/store/messages/bytes', ... (3 bytes))
1778190570: Sending PUBLISH to mqtt-explorer-5c916486 (d0, q0, r0, m0, '$SYS/broker/heap/current', ... (6 bytes))
1778190570: Sending PUBLISH to mqtt-explorer-5c916486 (d0, q0, r0, m0, '$SYS/broker/messages/sent', ... (4 bytes))
1778190570: Sending PUBLISH to mqtt-explorer-5c916486 (d0, q0, r0, m0, '$SYS/broker/bytes/sent', ... (6 bytes))
1778190570: Sending PUBLISH to mqtt-explorer-5c916486 (d0, q0, r0, m0, '$SYS/broker/publish/bytes/sent', ... (5 bytes))
1778190570: Sending PUBLISH to mqtt-explorer-5c916486 (d0, q0, r0, m0, '$SYS/broker/publish/messages/sent', ... (4 bytes))
1778190574: New connection from 127.0.0.1:53134 on port 1883.
1778190574: New client connected from 127.0.0.1:53134 as healthcheck (p4, c1, k60).
1778190574: No will message specified.
1778190574: Sending CONNACK to healthcheck (0, 0)
1778190574: Received SUBSCRIBE from healthcheck
1778190574: 	$SYS/# (QoS 0)
1778190574: healthcheck 0 $SYS/#
1778190574: Sending SUBACK to healthcheck
1778190574: Sending PUBLISH to healthcheck (d0, q0, r1, m0, '$SYS/broker/version', ... (23 bytes))
1778190574: Sending PUBLISH to healthcheck (d0, q0, r1, m0, '$SYS/broker/uptime', ... (12 bytes))
1778190574: Sending PUBLISH to healthcheck (d0, q0, r1, m0, '$SYS/broker/clients/total', ... (1 bytes))
1778190574: Sending PUBLISH to healthcheck (d0, q0, r1, m0, '$SYS/broker/clients/disconnected', ... (1 bytes))
1778190574: Sending PUBLISH to healthcheck (d0, q0, r1, m0, '$SYS/broker/clients/inactive', ... (1 bytes))
1778190574: Sending PUBLISH to healthcheck (d0, q0, r1, m0, '$SYS/broker/clients/connected', ... (1 bytes))
1778190574: Sending PUBLISH to healthcheck (d0, q0, r1, m0, '$SYS/broker/clients/active', ... (1 bytes))
1778190574: Sending PUBLISH to healthcheck (d0, q0, r1, m0, '$SYS/broker/clients/expired', ... (1 bytes))
1778190574: Sending PUBLISH to healthcheck (d0, q0, r1, m0, '$SYS/broker/clients/maximum', ... (1 bytes))
1778190574: Sending PUBLISH to healthcheck (d0, q0, r1, m0, '$SYS/broker/messages/stored', ... (2 bytes))
1778190574: Sending PUBLISH to healthcheck (d0, q0, r1, m0, '$SYS/broker/messages/received', ... (3 bytes))
1778190574: Sending PUBLISH to healthcheck (d0, q0, r1, m0, '$SYS/broker/messages/sent', ... (4 bytes))
1778190574: Sending PUBLISH to healthcheck (d0, q0, r1, m0, '$SYS/broker/store/messages/count', ... (2 bytes))
1778190574: Sending PUBLISH to healthcheck (d0, q0, r1, m0, '$SYS/broker/store/messages/bytes', ... (3 bytes))
1778190574: Sending PUBLISH to healthcheck (d0, q0, r1, m0, '$SYS/broker/subscriptions/count', ... (1 bytes))
1778190574: Sending PUBLISH to healthcheck (d0, q0, r1, m0, '$SYS/broker/shared_subscriptions/count', ... (1 bytes))
1778190574: Sending PUBLISH to healthcheck (d0, q0, r1, m0, '$SYS/broker/retained messages/count', ... (2 bytes))
1778190574: Sending PUBLISH to healthcheck (d0, q0, r1, m0, '$SYS/broker/heap/current', ... (6 bytes))
1778190574: Sending PUBLISH to healthcheck (d0, q0, r1, m0, '$SYS/broker/heap/maximum', ... (6 bytes))
1778190574: Sending PUBLISH to healthcheck (d0, q0, r1, m0, '$SYS/broker/bytes/received', ... (4 bytes))
1778190574: Sending PUBLISH to healthcheck (d0, q0, r1, m0, '$SYS/broker/bytes/sent', ... (6 bytes))
1778190574: Sending PUBLISH to healthcheck (d0, q0, r1, m0, '$SYS/broker/publish/bytes/received', ... (4 bytes))
1778190574: Sending PUBLISH to healthcheck (d0, q0, r1, m0, '$SYS/broker/publish/bytes/sent', ... (5 bytes))
1778190574: Sending PUBLISH to healthcheck (d0, q0, r1, m0, '$SYS/broker/publish/messages/dropped', ... (1 bytes))
1778190574: Sending PUBLISH to healthcheck (d0, q0, r1, m0, '$SYS/broker/publish/messages/received', ... (2 bytes))
1778190574: Sending PUBLISH to healthcheck (d0, q0, r1, m0, '$SYS/broker/publish/messages/sent', ... (4 bytes))
1778190574: Sending PUBLISH to healthcheck (d0, q0, r1, m0, '$SYS/broker/packet/out/count', ... (1 bytes))
1778190574: Sending PUBLISH to healthcheck (d0, q0, r1, m0, '$SYS/broker/packet/out/bytes', ... (1 bytes))
1778190574: Sending PUBLISH to healthcheck (d0, q0, r1, m0, '$SYS/broker/connections/socket/count', ... (2 bytes))
1778190574: Sending PUBLISH to healthcheck (d0, q0, r1, m0, '$SYS/broker/load/messages/received/1min', ... (4 bytes))
1778190574: Sending PUBLISH to healthcheck (d0, q0, r1, m0, '$SYS/broker/load/messages/received/5min', ... (4 bytes))
1778190574: Sending PUBLISH to healthcheck (d0, q0, r1, m0, '$SYS/broker/load/messages/received/15min', ... (4 bytes))
1778190574: Sending PUBLISH to healthcheck (d0, q0, r1, m0, '$SYS/broker/load/messages/sent/1min', ... (6 bytes))
1778190574: Sending PUBLISH to healthcheck (d0, q0, r1, m0, '$SYS/broker/load/messages/sent/5min', ... (6 bytes))
1778190574: Sending PUBLISH to healthcheck (d0, q0, r1, m0, '$SYS/broker/load/messages/sent/15min', ... (6 bytes))
1778190574: Sending PUBLISH to healthcheck (d0, q0, r1, m0, '$SYS/broker/load/publish/dropped/1min', ... (4 bytes))
1778190574: Sending PUBLISH to healthcheck (d0, q0, r1, m0, '$SYS/broker/load/publish/dropped/5min', ... (4 bytes))
1778190574: Sending PUBLISH to healthcheck (d0, q0, r1, m0, '$SYS/broker/load/publish/dropped/15min', ... (4 bytes))
1778190574: Sending PUBLISH to healthcheck (d0, q0, r1, m0, '$SYS/broker/load/publish/received/1min', ... (4 bytes))
1778190574: Sending PUBLISH to healthcheck (d0, q0, r1, m0, '$SYS/broker/load/publish/received/5min', ... (4 bytes))
1778190574: Sending PUBLISH to healthcheck (d0, q0, r1, m0, '$SYS/broker/load/publish/received/15min', ... (4 bytes))
1778190574: Sending PUBLISH to healthcheck (d0, q0, r1, m0, '$SYS/broker/load/publish/sent/1min', ... (6 bytes))
1778190574: Sending PUBLISH to healthcheck (d0, q0, r1, m0, '$SYS/broker/load/publish/sent/5min', ... (6 bytes))
1778190574: Sending PUBLISH to healthcheck (d0, q0, r1, m0, '$SYS/broker/load/publish/sent/15min', ... (6 bytes))
1778190574: Sending PUBLISH to healthcheck (d0, q0, r1, m0, '$SYS/broker/load/bytes/received/1min', ... (5 bytes))
1778190574: Sending PUBLISH to healthcheck (d0, q0, r1, m0, '$SYS/broker/load/bytes/received/5min', ... (6 bytes))
1778190574: Sending PUBLISH to healthcheck (d0, q0, r1, m0, '$SYS/broker/load/bytes/received/15min', ... (6 bytes))
1778190574: Sending PUBLISH to healthcheck (d0, q0, r1, m0, '$SYS/broker/load/bytes/sent/1min', ... (7 bytes))
1778190574: Sending PUBLISH to healthcheck (d0, q0, r1, m0, '$SYS/broker/load/bytes/sent/5min', ... (7 bytes))
1778190574: Sending PUBLISH to healthcheck (d0, q0, r1, m0, '$SYS/broker/load/bytes/sent/15min', ... (7 bytes))
1778190574: Sending PUBLISH to healthcheck (d0, q0, r1, m0, '$SYS/broker/load/sockets/1min', ... (4 bytes))
1778190574: Sending PUBLISH to healthcheck (d0, q0, r1, m0, '$SYS/broker/load/sockets/5min', ... (4 bytes))
1778190574: Sending PUBLISH to healthcheck (d0, q0, r1, m0, '$SYS/broker/load/sockets/15min', ... (4 bytes))
1778190574: Sending PUBLISH to healthcheck (d0, q0, r1, m0, '$SYS/broker/load/connections/1min', ... (4 bytes))
1778190574: Sending PUBLISH to healthcheck (d0, q0, r1, m0, '$SYS/broker/load/connections/5min', ... (4 bytes))
1778190574: Sending PUBLISH to healthcheck (d0, q0, r1, m0, '$SYS/broker/load/connections/15min', ... (4 bytes))
1778190574: Client healthcheck [127.0.0.1:53134] disconnected: connection closed by client.
1778190580: Sending PUBLISH to mqtt-explorer-5c916486 (d0, q0, r0, m0, '$SYS/broker/uptime', ... (12 bytes))
1778190580: Sending PUBLISH to mqtt-explorer-5c916486 (d0, q0, r0, m0, '$SYS/broker/load/messages/received/1min', ... (4 bytes))
1778190580: Sending PUBLISH to mqtt-explorer-5c916486 (d0, q0, r0, m0, '$SYS/broker/load/messages/received/5min', ... (4 bytes))
1778190580: Sending PUBLISH to mqtt-explorer-5c916486 (d0, q0, r0, m0, '$SYS/broker/load/messages/received/15min', ... (4 bytes))
1778190580: Sending PUBLISH to mqtt-explorer-5c916486 (d0, q0, r0, m0, '$SYS/broker/load/messages/sent/1min', ... (6 bytes))
1778190580: Sending PUBLISH to mqtt-explorer-5c916486 (d0, q0, r0, m0, '$SYS/broker/load/messages/sent/5min', ... (6 bytes))
1778190580: Sending PUBLISH to mqtt-explorer-5c916486 (d0, q0, r0, m0, '$SYS/broker/load/messages/sent/15min', ... (6 bytes))
1778190580: Sending PUBLISH to mqtt-explorer-5c916486 (d0, q0, r0, m0, '$SYS/broker/load/publish/received/1min', ... (4 bytes))
1778190580: Sending PUBLISH to mqtt-explorer-5c916486 (d0, q0, r0, m0, '$SYS/broker/load/publish/received/5min', ... (4 bytes))
1778190580: Sending PUBLISH to mqtt-explorer-5c916486 (d0, q0, r0, m0, '$SYS/broker/load/publish/sent/1min', ... (6 bytes))
1778190580: Sending PUBLISH to mqtt-explorer-5c916486 (d0, q0, r0, m0, '$SYS/broker/load/publish/sent/5min', ... (6 bytes))
1778190580: Sending PUBLISH to mqtt-explorer-5c916486 (d0, q0, r0, m0, '$SYS/broker/load/publish/sent/15min', ... (6 bytes))
1778190580: Sending PUBLISH to mqtt-explorer-5c916486 (d0, q0, r0, m0, '$SYS/broker/load/bytes/received/1min', ... (6 bytes))
1778190580: Sending PUBLISH to mqtt-explorer-5c916486 (d0, q0, r0, m0, '$SYS/broker/load/bytes/received/5min', ... (6 bytes))
1778190580: Sending PUBLISH to mqtt-explorer-5c916486 (d0, q0, r0, m0, '$SYS/broker/load/bytes/received/15min', ... (6 bytes))
1778190580: Sending PUBLISH to mqtt-explorer-5c916486 (d0, q0, r0, m0, '$SYS/broker/load/bytes/sent/1min', ... (8 bytes))
1778190580: Sending PUBLISH to mqtt-explorer-5c916486 (d0, q0, r0, m0, '$SYS/broker/load/bytes/sent/5min', ... (7 bytes))
1778190580: Sending PUBLISH to mqtt-explorer-5c916486 (d0, q0, r0, m0, '$SYS/broker/load/bytes/sent/15min', ... (7 bytes))
1778190580: Sending PUBLISH to mqtt-explorer-5c916486 (d0, q0, r0, m0, '$SYS/broker/load/sockets/1min', ... (4 bytes))
1778190580: Sending PUBLISH to mqtt-explorer-5c916486 (d0, q0, r0, m0, '$SYS/broker/load/sockets/5min', ... (4 bytes))
1778190580: Sending PUBLISH to mqtt-explorer-5c916486 (d0, q0, r0, m0, '$SYS/broker/load/sockets/15min', ... (4 bytes))
1778190580: Sending PUBLISH to mqtt-explorer-5c916486 (d0, q0, r0, m0, '$SYS/broker/load/connections/1min', ... (4 bytes))
1778190580: Sending PUBLISH to mqtt-explorer-5c916486 (d0, q0, r0, m0, '$SYS/broker/load/connections/5min', ... (4 bytes))
1778190580: Sending PUBLISH to mqtt-explorer-5c916486 (d0, q0, r0, m0, '$SYS/broker/load/connections/15min', ... (4 bytes))
1778190580: Sending PUBLISH to mqtt-explorer-5c916486 (d0, q0, r0, m0, '$SYS/broker/messages/received', ... (3 bytes))
1778190580: Sending PUBLISH to mqtt-explorer-5c916486 (d0, q0, r0, m0, '$SYS/broker/messages/sent', ... (4 bytes))
1778190580: Sending PUBLISH to mqtt-explorer-5c916486 (d0, q0, r0, m0, '$SYS/broker/bytes/received', ... (4 bytes))
1778190580: Sending PUBLISH to mqtt-explorer-5c916486 (d0, q0, r0, m0, '$SYS/broker/bytes/sent', ... (6 bytes))
1778190580: Sending PUBLISH to mqtt-explorer-5c916486 (d0, q0, r0, m0, '$SYS/broker/publish/bytes/sent', ... (5 bytes))
1778190580: Sending PUBLISH to mqtt-explorer-5c916486 (d0, q0, r0, m0, '$SYS/broker/connections/socket/count', ... (2 bytes))
1778190580: Sending PUBLISH to mqtt-explorer-5c916486 (d0, q0, r0, m0, '$SYS/broker/publish/messages/sent', ... (4 bytes))
1778190590: Sending PUBLISH to mqtt-explorer-5c916486 (d0, q0, r0, m0, '$SYS/broker/uptime', ... (12 bytes))
1778190590: Sending PUBLISH to mqtt-explorer-5c916486 (d0, q0, r0, m0, '$SYS/broker/load/messages/received/1min', ... (4 bytes))
1778190590: Sending PUBLISH to mqtt-explorer-5c916486 (d0, q0, r0, m0, '$SYS/broker/load/messages/received/5min', ... (4 bytes))
1778190590: Sending PUBLISH to mqtt-explorer-5c916486 (d0, q0, r0, m0, '$SYS/broker/load/messages/received/15min', ... (4 bytes))
1778190590: Sending PUBLISH to mqtt-explorer-5c916486 (d0, q0, r0, m0, '$SYS/broker/load/messages/sent/1min', ... (6 bytes))
1778190590: Sending PUBLISH to mqtt-explorer-5c916486 (d0, q0, r0, m0, '$SYS/broker/load/messages/sent/5min', ... (6 bytes))
1778190590: Sending PUBLISH to mqtt-explorer-5c916486 (d0, q0, r0, m0, '$SYS/broker/load/messages/sent/15min', ... (6 bytes))
1778190590: Sending PUBLISH to mqtt-explorer-5c916486 (d0, q0, r0, m0, '$SYS/broker/load/publish/received/1min', ... (4 bytes))
1778190590: Sending PUBLISH to mqtt-explorer-5c916486 (d0, q0, r0, m0, '$SYS/broker/load/publish/received/5min', ... (4 bytes))
1778190590: Sending PUBLISH to mqtt-explorer-5c916486 (d0, q0, r0, m0, '$SYS/broker/load/publish/sent/1min', ... (6 bytes))
1778190590: Sending PUBLISH to mqtt-explorer-5c916486 (d0, q0, r0, m0, '$SYS/broker/load/publish/sent/5min', ... (6 bytes))
1778190590: Sending PUBLISH to mqtt-explorer-5c916486 (d0, q0, r0, m0, '$SYS/broker/load/publish/sent/15min', ... (6 bytes))
1778190590: Sending PUBLISH to mqtt-explorer-5c916486 (d0, q0, r0, m0, '$SYS/broker/load/bytes/received/1min', ... (5 bytes))
1778190590: Sending PUBLISH to mqtt-explorer-5c916486 (d0, q0, r0, m0, '$SYS/broker/load/bytes/received/5min', ... (6 bytes))
1778190590: Sending PUBLISH to mqtt-explorer-5c916486 (d0, q0, r0, m0, '$SYS/broker/load/bytes/received/15min', ... (6 bytes))
1778190590: Sending PUBLISH to mqtt-explorer-5c916486 (d0, q0, r0, m0, '$SYS/broker/load/bytes/sent/1min', ... (7 bytes))
1778190590: Sending PUBLISH to mqtt-explorer-5c916486 (d0, q0, r0, m0, '$SYS/broker/load/bytes/sent/5min', ... (7 bytes))
1778190590: Sending PUBLISH to mqtt-explorer-5c916486 (d0, q0, r0, m0, '$SYS/broker/load/bytes/sent/15min', ... (7 bytes))
1778190590: Sending PUBLISH to mqtt-explorer-5c916486 (d0, q0, r0, m0, '$SYS/broker/load/sockets/1min', ... (4 bytes))
1778190590: Sending PUBLISH to mqtt-explorer-5c916486 (d0, q0, r0, m0, '$SYS/broker/load/sockets/5min', ... (4 bytes))
1778190590: Sending PUBLISH to mqtt-explorer-5c916486 (d0, q0, r0, m0, '$SYS/broker/load/sockets/15min', ... (4 bytes))
1778190590: Sending PUBLISH to mqtt-explorer-5c916486 (d0, q0, r0, m0, '$SYS/broker/load/connections/1min', ... (4 bytes))
1778190590: Sending PUBLISH to mqtt-explorer-5c916486 (d0, q0, r0, m0, '$SYS/broker/load/connections/5min', ... (4 bytes))
1778190590: Sending PUBLISH to mqtt-explorer-5c916486 (d0, q0, r0, m0, '$SYS/broker/load/connections/15min', ... (4 bytes))
1778190590: Sending PUBLISH to mqtt-explorer-5c916486 (d0, q0, r0, m0, '$SYS/broker/store/messages/bytes', ... (3 bytes))
1778190590: Sending PUBLISH to mqtt-explorer-5c916486 (d0, q0, r0, m0, '$SYS/broker/heap/current', ... (6 bytes))
1778190590: Sending PUBLISH to mqtt-explorer-5c916486 (d0, q0, r0, m0, '$SYS/broker/messages/sent', ... (4 bytes))
1778190590: Sending PUBLISH to mqtt-explorer-5c916486 (d0, q0, r0, m0, '$SYS/broker/bytes/sent', ... (6 bytes))
1778190590: Sending PUBLISH to mqtt-explorer-5c916486 (d0, q0, r0, m0, '$SYS/broker/publish/bytes/sent', ... (5 bytes))
1778190590: Sending PUBLISH to mqtt-explorer-5c916486 (d0, q0, r0, m0, '$SYS/broker/publish/messages/sent', ... (4 bytes))
1778190600: Sending PUBLISH to mqtt-explorer-5c916486 (d0, q0, r0, m0, '$SYS/broker/uptime', ... (12 bytes))
1778190600: Sending PUBLISH to mqtt-explorer-5c916486 (d0, q0, r0, m0, '$SYS/broker/load/messages/received/1min', ... (4 bytes))
1778190600: Sending PUBLISH to mqtt-explorer-5c916486 (d0, q0, r0, m0, '$SYS/broker/load/messages/received/5min', ... (4 bytes))
1778190600: Sending PUBLISH to mqtt-explorer-5c916486 (d0, q0, r0, m0, '$SYS/broker/load/messages/received/15min', ... (4 bytes))
1778190600: Sending PUBLISH to mqtt-explorer-5c916486 (d0, q0, r0, m0, '$SYS/broker/load/messages/sent/1min', ... (6 bytes))
1778190600: Sending PUBLISH to mqtt-explorer-5c916486 (d0, q0, r0, m0, '$SYS/broker/load/messages/sent/5min', ... (6 bytes))
1778190600: Sending PUBLISH to mqtt-explorer-5c916486 (d0, q0, r0, m0, '$SYS/broker/load/messages/sent/15min', ... (6 bytes))
1778190600: Sending PUBLISH to mqtt-explorer-5c916486 (d0, q0, r0, m0, '$SYS/broker/load/publish/received/1min', ... (4 bytes))
1778190600: Sending PUBLISH to mqtt-explorer-5c916486 (d0, q0, r0, m0, '$SYS/broker/load/publish/received/5min', ... (4 bytes))
1778190600: Sending PUBLISH to mqtt-explorer-5c916486 (d0, q0, r0, m0, '$SYS/broker/load/publish/sent/1min', ... (6 bytes))
1778190600: Sending PUBLISH to mqtt-explorer-5c916486 (d0, q0, r0, m0, '$SYS/broker/load/publish/sent/5min', ... (6 bytes))
1778190600: Sending PUBLISH to mqtt-explorer-5c916486 (d0, q0, r0, m0, '$SYS/broker/load/publish/sent/15min', ... (6 bytes))
1778190600: Sending PUBLISH to mqtt-explorer-5c916486 (d0, q0, r0, m0, '$SYS/broker/load/bytes/received/1min', ... (5 bytes))
1778190600: Sending PUBLISH to mqtt-explorer-5c916486 (d0, q0, r0, m0, '$SYS/broker/load/bytes/received/5min', ... (6 bytes))
1778190600: Sending PUBLISH to mqtt-explorer-5c916486 (d0, q0, r0, m0, '$SYS/broker/load/bytes/received/15min', ... (6 bytes))
1778190600: Sending PUBLISH to mqtt-explorer-5c916486 (d0, q0, r0, m0, '$SYS/broker/load/bytes/sent/1min', ... (7 bytes))
1778190600: Sending PUBLISH to mqtt-explorer-5c916486 (d0, q0, r0, m0, '$SYS/broker/load/bytes/sent/5min', ... (7 bytes))
1778190600: Sending PUBLISH to mqtt-explorer-5c916486 (d0, q0, r0, m0, '$SYS/broker/load/bytes/sent/15min', ... (7 bytes))
1778190600: Sending PUBLISH to mqtt-explorer-5c916486 (d0, q0, r0, m0, '$SYS/broker/load/sockets/1min', ... (4 bytes))
1778190600: Sending PUBLISH to mqtt-explorer-5c916486 (d0, q0, r0, m0, '$SYS/broker/load/sockets/5min', ... (4 bytes))
1778190600: Sending PUBLISH to mqtt-explorer-5c916486 (d0, q0, r0, m0, '$SYS/broker/load/sockets/15min', ... (4 bytes))
1778190600: Sending PUBLISH to mqtt-explorer-5c916486 (d0, q0, r0, m0, '$SYS/broker/load/connections/1min', ... (4 bytes))
1778190600: Sending PUBLISH to mqtt-explorer-5c916486 (d0, q0, r0, m0, '$SYS/broker/load/connections/5min', ... (4 bytes))
1778190600: Sending PUBLISH to mqtt-explorer-5c916486 (d0, q0, r0, m0, '$SYS/broker/load/connections/15min', ... (4 bytes))
1778190600: Sending PUBLISH to mqtt-explorer-5c916486 (d0, q0, r0, m0, '$SYS/broker/store/messages/bytes', ... (3 bytes))
1778190600: Sending PUBLISH to mqtt-explorer-5c916486 (d0, q0, r0, m0, '$SYS/broker/heap/current', ... (6 bytes))
1778190600: Sending PUBLISH to mqtt-explorer-5c916486 (d0, q0, r0, m0, '$SYS/broker/messages/sent', ... (4 bytes))
1778190600: Sending PUBLISH to mqtt-explorer-5c916486 (d0, q0, r0, m0, '$SYS/broker/bytes/sent', ... (6 bytes))
1778190600: Sending PUBLISH to mqtt-explorer-5c916486 (d0, q0, r0, m0, '$SYS/broker/publish/bytes/sent', ... (5 bytes))
1778190600: Sending PUBLISH to mqtt-explorer-5c916486 (d0, q0, r0, m0, '$SYS/broker/publish/messages/sent', ... (4 bytes))
1778190600: Received PINGREQ from ISIC-ESP8266-001
1778190600: Sending PINGRESP to ISIC-ESP8266-001
1778190605: New connection from 127.0.0.1:57612 on port 1883.
1778190605: New client connected from 127.0.0.1:57612 as healthcheck (p4, c1, k60).
1778190605: No will message specified.
1778190605: Sending CONNACK to healthcheck (0, 0)
1778190605: Received SUBSCRIBE from healthcheck
1778190605: 	$SYS/# (QoS 0)
1778190605: healthcheck 0 $SYS/#
1778190605: Sending SUBACK to healthcheck
1778190605: Sending PUBLISH to healthcheck (d0, q0, r1, m0, '$SYS/broker/version', ... (23 bytes))
1778190605: Sending PUBLISH to healthcheck (d0, q0, r1, m0, '$SYS/broker/uptime', ... (12 bytes))
1778190605: Sending PUBLISH to healthcheck (d0, q0, r1, m0, '$SYS/broker/clients/total', ... (1 bytes))
1778190605: Sending PUBLISH to healthcheck (d0, q0, r1, m0, '$SYS/broker/clients/disconnected', ... (1 bytes))
1778190605: Sending PUBLISH to healthcheck (d0, q0, r1, m0, '$SYS/broker/clients/inactive', ... (1 bytes))
1778190605: Sending PUBLISH to healthcheck (d0, q0, r1, m0, '$SYS/broker/clients/connected', ... (1 bytes))
1778190605: Sending PUBLISH to healthcheck (d0, q0, r1, m0, '$SYS/broker/clients/active', ... (1 bytes))
1778190605: Sending PUBLISH to healthcheck (d0, q0, r1, m0, '$SYS/broker/clients/expired', ... (1 bytes))
1778190605: Sending PUBLISH to healthcheck (d0, q0, r1, m0, '$SYS/broker/clients/maximum', ... (1 bytes))
1778190605: Sending PUBLISH to healthcheck (d0, q0, r1, m0, '$SYS/broker/messages/stored', ... (2 bytes))
1778190605: Sending PUBLISH to healthcheck (d0, q0, r1, m0, '$SYS/broker/messages/received', ... (3 bytes))
1778190605: Sending PUBLISH to healthcheck (d0, q0, r1, m0, '$SYS/broker/messages/sent', ... (4 bytes))
1778190605: Sending PUBLISH to healthcheck (d0, q0, r1, m0, '$SYS/broker/store/messages/count', ... (2 bytes))
1778190605: Sending PUBLISH to healthcheck (d0, q0, r1, m0, '$SYS/broker/store/messages/bytes', ... (3 bytes))
1778190605: Sending PUBLISH to healthcheck (d0, q0, r1, m0, '$SYS/broker/subscriptions/count', ... (1 bytes))
1778190605: Sending PUBLISH to healthcheck (d0, q0, r1, m0, '$SYS/broker/shared_subscriptions/count', ... (1 bytes))
1778190605: Sending PUBLISH to healthcheck (d0, q0, r1, m0, '$SYS/broker/retained messages/count', ... (2 bytes))
1778190605: Sending PUBLISH to healthcheck (d0, q0, r1, m0, '$SYS/broker/heap/current', ... (6 bytes))
1778190605: Sending PUBLISH to healthcheck (d0, q0, r1, m0, '$SYS/broker/heap/maximum', ... (6 bytes))
1778190605: Sending PUBLISH to healthcheck (d0, q0, r1, m0, '$SYS/broker/bytes/received', ... (4 bytes))
1778190605: Sending PUBLISH to healthcheck (d0, q0, r1, m0, '$SYS/broker/bytes/sent', ... (6 bytes))
1778190605: Sending PUBLISH to healthcheck (d0, q0, r1, m0, '$SYS/broker/publish/bytes/received', ... (4 bytes))
1778190605: Sending PUBLISH to healthcheck (d0, q0, r1, m0, '$SYS/broker/publish/bytes/sent', ... (5 bytes))
1778190605: Sending PUBLISH to healthcheck (d0, q0, r1, m0, '$SYS/broker/publish/messages/dropped', ... (1 bytes))
1778190605: Sending PUBLISH to healthcheck (d0, q0, r1, m0, '$SYS/broker/publish/messages/received', ... (2 bytes))
1778190605: Sending PUBLISH to healthcheck (d0, q0, r1, m0, '$SYS/broker/publish/messages/sent', ... (4 bytes))
1778190605: Sending PUBLISH to healthcheck (d0, q0, r1, m0, '$SYS/broker/packet/out/count', ... (1 bytes))
1778190605: Sending PUBLISH to healthcheck (d0, q0, r1, m0, '$SYS/broker/packet/out/bytes', ... (1 bytes))
1778190605: Sending PUBLISH to healthcheck (d0, q0, r1, m0, '$SYS/broker/connections/socket/count', ... (2 bytes))
1778190605: Sending PUBLISH to healthcheck (d0, q0, r1, m0, '$SYS/broker/load/messages/received/1min', ... (4 bytes))
1778190605: Sending PUBLISH to healthcheck (d0, q0, r1, m0, '$SYS/broker/load/messages/received/5min', ... (4 bytes))
1778190605: Sending PUBLISH to healthcheck (d0, q0, r1, m0, '$SYS/broker/load/messages/received/15min', ... (4 bytes))
1778190605: Sending PUBLISH to healthcheck (d0, q0, r1, m0, '$SYS/broker/load/messages/sent/1min', ... (6 bytes))
1778190605: Sending PUBLISH to healthcheck (d0, q0, r1, m0, '$SYS/broker/load/messages/sent/5min', ... (6 bytes))
1778190605: Sending PUBLISH to healthcheck (d0, q0, r1, m0, '$SYS/broker/load/messages/sent/15min', ... (6 bytes))
1778190605: Sending PUBLISH to healthcheck (d0, q0, r1, m0, '$SYS/broker/load/publish/dropped/1min', ... (4 bytes))
1778190605: Sending PUBLISH to healthcheck (d0, q0, r1, m0, '$SYS/broker/load/publish/dropped/5min', ... (4 bytes))
1778190605: Sending PUBLISH to healthcheck (d0, q0, r1, m0, '$SYS/broker/load/publish/dropped/15min', ... (4 bytes))
1778190605: Sending PUBLISH to healthcheck (d0, q0, r1, m0, '$SYS/broker/load/publish/received/1min', ... (4 bytes))
1778190605: Sending PUBLISH to healthcheck (d0, q0, r1, m0, '$SYS/broker/load/publish/received/5min', ... (4 bytes))
1778190605: Sending PUBLISH to healthcheck (d0, q0, r1, m0, '$SYS/broker/load/publish/received/15min', ... (4 bytes))
1778190605: Sending PUBLISH to healthcheck (d0, q0, r1, m0, '$SYS/broker/load/publish/sent/1min', ... (6 bytes))
1778190605: Sending PUBLISH to healthcheck (d0, q0, r1, m0, '$SYS/broker/load/publish/sent/5min', ... (6 bytes))
1778190605: Sending PUBLISH to healthcheck (d0, q0, r1, m0, '$SYS/broker/load/publish/sent/15min', ... (6 bytes))
1778190605: Sending PUBLISH to healthcheck (d0, q0, r1, m0, '$SYS/broker/load/bytes/received/1min', ... (5 bytes))
1778190605: Sending PUBLISH to healthcheck (d0, q0, r1, m0, '$SYS/broker/load/bytes/received/5min', ... (6 bytes))
1778190605: Sending PUBLISH to healthcheck (d0, q0, r1, m0, '$SYS/broker/load/bytes/received/15min', ... (6 bytes))
1778190605: Sending PUBLISH to healthcheck (d0, q0, r1, m0, '$SYS/broker/load/bytes/sent/1min', ... (7 bytes))
1778190605: Sending PUBLISH to healthcheck (d0, q0, r1, m0, '$SYS/broker/load/bytes/sent/5min', ... (7 bytes))
1778190605: Sending PUBLISH to healthcheck (d0, q0, r1, m0, '$SYS/broker/load/bytes/sent/15min', ... (7 bytes))
1778190605: Sending PUBLISH to healthcheck (d0, q0, r1, m0, '$SYS/broker/load/sockets/1min', ... (4 bytes))
1778190605: Sending PUBLISH to healthcheck (d0, q0, r1, m0, '$SYS/broker/load/sockets/5min', ... (4 bytes))
1778190605: Sending PUBLISH to healthcheck (d0, q0, r1, m0, '$SYS/broker/load/sockets/15min', ... (4 bytes))
1778190605: Sending PUBLISH to healthcheck (d0, q0, r1, m0, '$SYS/broker/load/connections/1min', ... (4 bytes))
1778190605: Sending PUBLISH to healthcheck (d0, q0, r1, m0, '$SYS/broker/load/connections/5min', ... (4 bytes))
1778190605: Sending PUBLISH to healthcheck (d0, q0, r1, m0, '$SYS/broker/load/connections/15min', ... (4 bytes))
1778190605: Client healthcheck [127.0.0.1:57612] disconnected: connection closed by client.
1778190605: Received PINGREQ from mqtt-explorer-5c916486
1778190605: Sending PINGRESP to mqtt-explorer-5c916486
1778190610: Sending PUBLISH to mqtt-explorer-5c916486 (d0, q0, r0, m0, '$SYS/broker/uptime', ... (12 bytes))
1778190610: Sending PUBLISH to mqtt-explorer-5c916486 (d0, q0, r0, m0, '$SYS/broker/load/messages/received/1min', ... (4 bytes))
1778190610: Sending PUBLISH to mqtt-explorer-5c916486 (d0, q0, r0, m0, '$SYS/broker/load/messages/received/5min', ... (4 bytes))
1778190610: Sending PUBLISH to mqtt-explorer-5c916486 (d0, q0, r0, m0, '$SYS/broker/load/messages/received/15min', ... (4 bytes))
1778190610: Sending PUBLISH to mqtt-explorer-5c916486 (d0, q0, r0, m0, '$SYS/broker/load/messages/sent/1min', ... (6 bytes))
1778190610: Sending PUBLISH to mqtt-explorer-5c916486 (d0, q0, r0, m0, '$SYS/broker/load/messages/sent/5min', ... (6 bytes))
1778190610: Sending PUBLISH to mqtt-explorer-5c916486 (d0, q0, r0, m0, '$SYS/broker/load/messages/sent/15min', ... (6 bytes))
1778190610: Sending PUBLISH to mqtt-explorer-5c916486 (d0, q0, r0, m0, '$SYS/broker/load/publish/received/1min', ... (4 bytes))
1778190610: Sending PUBLISH to mqtt-explorer-5c916486 (d0, q0, r0, m0, '$SYS/broker/load/publish/received/5min', ... (4 bytes))
1778190610: Sending PUBLISH to mqtt-explorer-5c916486 (d0, q0, r0, m0, '$SYS/broker/load/publish/sent/1min', ... (6 bytes))
1778190610: Sending PUBLISH to mqtt-explorer-5c916486 (d0, q0, r0, m0, '$SYS/broker/load/publish/sent/5min', ... (6 bytes))
1778190610: Sending PUBLISH to mqtt-explorer-5c916486 (d0, q0, r0, m0, '$SYS/broker/load/publish/sent/15min', ... (6 bytes))
1778190610: Sending PUBLISH to mqtt-explorer-5c916486 (d0, q0, r0, m0, '$SYS/broker/load/bytes/received/1min', ... (6 bytes))
1778190610: Sending PUBLISH to mqtt-explorer-5c916486 (d0, q0, r0, m0, '$SYS/broker/load/bytes/received/5min', ... (6 bytes))
1778190610: Sending PUBLISH to mqtt-explorer-5c916486 (d0, q0, r0, m0, '$SYS/broker/load/bytes/received/15min', ... (6 bytes))
1778190610: Sending PUBLISH to mqtt-explorer-5c916486 (d0, q0, r0, m0, '$SYS/broker/load/bytes/sent/1min', ... (8 bytes))
1778190610: Sending PUBLISH to mqtt-explorer-5c916486 (d0, q0, r0, m0, '$SYS/broker/load/bytes/sent/5min', ... (7 bytes))
1778190610: Sending PUBLISH to mqtt-explorer-5c916486 (d0, q0, r0, m0, '$SYS/broker/load/bytes/sent/15min', ... (7 bytes))
1778190610: Sending PUBLISH to mqtt-explorer-5c916486 (d0, q0, r0, m0, '$SYS/broker/load/sockets/1min', ... (4 bytes))
1778190610: Sending PUBLISH to mqtt-explorer-5c916486 (d0, q0, r0, m0, '$SYS/broker/load/sockets/5min', ... (4 bytes))
1778190610: Sending PUBLISH to mqtt-explorer-5c916486 (d0, q0, r0, m0, '$SYS/broker/load/sockets/15min', ... (4 bytes))
1778190610: Sending PUBLISH to mqtt-explorer-5c916486 (d0, q0, r0, m0, '$SYS/broker/load/connections/1min', ... (4 bytes))
1778190610: Sending PUBLISH to mqtt-explorer-5c916486 (d0, q0, r0, m0, '$SYS/broker/load/connections/5min', ... (4 bytes))
1778190610: Sending PUBLISH to mqtt-explorer-5c916486 (d0, q0, r0, m0, '$SYS/broker/load/connections/15min', ... (4 bytes))
1778190610: Sending PUBLISH to mqtt-explorer-5c916486 (d0, q0, r0, m0, '$SYS/broker/messages/received', ... (3 bytes))
1778190610: Sending PUBLISH to mqtt-explorer-5c916486 (d0, q0, r0, m0, '$SYS/broker/messages/sent', ... (4 bytes))
1778190610: Sending PUBLISH to mqtt-explorer-5c916486 (d0, q0, r0, m0, '$SYS/broker/bytes/received', ... (4 bytes))
1778190610: Sending PUBLISH to mqtt-explorer-5c916486 (d0, q0, r0, m0, '$SYS/broker/bytes/sent', ... (6 bytes))
1778190610: Sending PUBLISH to mqtt-explorer-5c916486 (d0, q0, r0, m0, '$SYS/broker/publish/bytes/sent', ... (5 bytes))
1778190610: Sending PUBLISH to mqtt-explorer-5c916486 (d0, q0, r0, m0, '$SYS/broker/connections/socket/count', ... (2 bytes))
1778190610: Sending PUBLISH to mqtt-explorer-5c916486 (d0, q0, r0, m0, '$SYS/broker/publish/messages/sent', ... (4 bytes))
1778190620: Sending PUBLISH to mqtt-explorer-5c916486 (d0, q0, r0, m0, '$SYS/broker/uptime', ... (12 bytes))
1778190620: Sending PUBLISH to mqtt-explorer-5c916486 (d0, q0, r0, m0, '$SYS/broker/load/messages/received/1min', ... (4 bytes))
1778190620: Sending PUBLISH to mqtt-explorer-5c916486 (d0, q0, r0, m0, '$SYS/broker/load/messages/received/5min', ... (4 bytes))
1778190620: Sending PUBLISH to mqtt-explorer-5c916486 (d0, q0, r0, m0, '$SYS/broker/load/messages/received/15min', ... (4 bytes))
1778190620: Sending PUBLISH to mqtt-explorer-5c916486 (d0, q0, r0, m0, '$SYS/broker/load/messages/sent/1min', ... (6 bytes))
1778190620: Sending PUBLISH to mqtt-explorer-5c916486 (d0, q0, r0, m0, '$SYS/broker/load/messages/sent/5min', ... (6 bytes))
1778190620: Sending PUBLISH to mqtt-explorer-5c916486 (d0, q0, r0, m0, '$SYS/broker/load/messages/sent/15min', ... (6 bytes))
1778190620: Sending PUBLISH to mqtt-explorer-5c916486 (d0, q0, r0, m0, '$SYS/broker/load/publish/received/5min', ... (4 bytes))
1778190620: Sending PUBLISH to mqtt-explorer-5c916486 (d0, q0, r0, m0, '$SYS/broker/load/publish/sent/1min', ... (6 bytes))
1778190620: Sending PUBLISH to mqtt-explorer-5c916486 (d0, q0, r0, m0, '$SYS/broker/load/publish/sent/5min', ... (6 bytes))
1778190620: Sending PUBLISH to mqtt-explorer-5c916486 (d0, q0, r0, m0, '$SYS/broker/load/publish/sent/15min', ... (6 bytes))
1778190620: Sending PUBLISH to mqtt-explorer-5c916486 (d0, q0, r0, m0, '$SYS/broker/load/bytes/received/1min', ... (5 bytes))
1778190620: Sending PUBLISH to mqtt-explorer-5c916486 (d0, q0, r0, m0, '$SYS/broker/load/bytes/received/5min', ... (6 bytes))
1778190620: Sending PUBLISH to mqtt-explorer-5c916486 (d0, q0, r0, m0, '$SYS/broker/load/bytes/received/15min', ... (6 bytes))
1778190620: Sending PUBLISH to mqtt-explorer-5c916486 (d0, q0, r0, m0, '$SYS/broker/load/bytes/sent/1min', ... (7 bytes))
1778190620: Sending PUBLISH to mqtt-explorer-5c916486 (d0, q0, r0, m0, '$SYS/broker/load/bytes/sent/5min', ... (7 bytes))
1778190620: Sending PUBLISH to mqtt-explorer-5c916486 (d0, q0, r0, m0, '$SYS/broker/load/bytes/sent/15min', ... (7 bytes))
1778190620: Sending PUBLISH to mqtt-explorer-5c916486 (d0, q0, r0, m0, '$SYS/broker/load/sockets/1min', ... (4 bytes))
1778190620: Sending PUBLISH to mqtt-explorer-5c916486 (d0, q0, r0, m0, '$SYS/broker/load/sockets/5min', ... (4 bytes))
1778190620: Sending PUBLISH to mqtt-explorer-5c916486 (d0, q0, r0, m0, '$SYS/broker/load/sockets/15min', ... (4 bytes))
1778190620: Sending PUBLISH to mqtt-explorer-5c916486 (d0, q0, r0, m0, '$SYS/broker/load/connections/1min', ... (4 bytes))
1778190620: Sending PUBLISH to mqtt-explorer-5c916486 (d0, q0, r0, m0, '$SYS/broker/load/connections/5min', ... (4 bytes))
1778190620: Sending PUBLISH to mqtt-explorer-5c916486 (d0, q0, r0, m0, '$SYS/broker/load/connections/15min', ... (4 bytes))
1778190620: Sending PUBLISH to mqtt-explorer-5c916486 (d0, q0, r0, m0, '$SYS/broker/store/messages/bytes', ... (3 bytes))
1778190620: Sending PUBLISH to mqtt-explorer-5c916486 (d0, q0, r0, m0, '$SYS/broker/heap/current', ... (6 bytes))
1778190620: Sending PUBLISH to mqtt-explorer-5c916486 (d0, q0, r0, m0, '$SYS/broker/messages/sent', ... (4 bytes))
1778190620: Sending PUBLISH to mqtt-explorer-5c916486 (d0, q0, r0, m0, '$SYS/broker/bytes/sent', ... (6 bytes))
1778190620: Sending PUBLISH to mqtt-explorer-5c916486 (d0, q0, r0, m0, '$SYS/broker/publish/bytes/sent', ... (5 bytes))
1778190620: Sending PUBLISH to mqtt-explorer-5c916486 (d0, q0, r0, m0, '$SYS/broker/publish/messages/sent', ... (4 bytes))
1778190630: Sending PUBLISH to mqtt-explorer-5c916486 (d0, q0, r0, m0, '$SYS/broker/uptime', ... (12 bytes))
1778190630: Sending PUBLISH to mqtt-explorer-5c916486 (d0, q0, r0, m0, '$SYS/broker/load/messages/received/1min', ... (4 bytes))
1778190630: Sending PUBLISH to mqtt-explorer-5c916486 (d0, q0, r0, m0, '$SYS/broker/load/messages/received/5min', ... (4 bytes))
1778190630: Sending PUBLISH to mqtt-explorer-5c916486 (d0, q0, r0, m0, '$SYS/broker/load/messages/received/15min', ... (4 bytes))
1778190630: Sending PUBLISH to mqtt-explorer-5c916486 (d0, q0, r0, m0, '$SYS/broker/load/messages/sent/1min', ... (6 bytes))
1778190630: Sending PUBLISH to mqtt-explorer-5c916486 (d0, q0, r0, m0, '$SYS/broker/load/messages/sent/5min', ... (6 bytes))
1778190630: Sending PUBLISH to mqtt-explorer-5c916486 (d0, q0, r0, m0, '$SYS/broker/load/messages/sent/15min', ... (6 bytes))
1778190630: Sending PUBLISH to mqtt-explorer-5c916486 (d0, q0, r0, m0, '$SYS/broker/load/publish/received/5min', ... (4 bytes))
1778190630: Sending PUBLISH to mqtt-explorer-5c916486 (d0, q0, r0, m0, '$SYS/broker/load/publish/sent/1min', ... (6 bytes))
1778190630: Sending PUBLISH to mqtt-explorer-5c916486 (d0, q0, r0, m0, '$SYS/broker/load/publish/sent/5min', ... (6 bytes))
1778190630: Sending PUBLISH to mqtt-explorer-5c916486 (d0, q0, r0, m0, '$SYS/broker/load/publish/sent/15min', ... (6 bytes))
1778190630: Sending PUBLISH to mqtt-explorer-5c916486 (d0, q0, r0, m0, '$SYS/broker/load/bytes/received/1min', ... (5 bytes))
1778190630: Sending PUBLISH to mqtt-explorer-5c916486 (d0, q0, r0, m0, '$SYS/broker/load/bytes/received/5min', ... (6 bytes))
1778190630: Sending PUBLISH to mqtt-explorer-5c916486 (d0, q0, r0, m0, '$SYS/broker/load/bytes/received/15min', ... (6 bytes))
1778190630: Sending PUBLISH to mqtt-explorer-5c916486 (d0, q0, r0, m0, '$SYS/broker/load/bytes/sent/1min', ... (7 bytes))
1778190630: Sending PUBLISH to mqtt-explorer-5c916486 (d0, q0, r0, m0, '$SYS/broker/load/bytes/sent/5min', ... (7 bytes))
1778190630: Sending PUBLISH to mqtt-explorer-5c916486 (d0, q0, r0, m0, '$SYS/broker/load/bytes/sent/15min', ... (7 bytes))
1778190630: Sending PUBLISH to mqtt-explorer-5c916486 (d0, q0, r0, m0, '$SYS/broker/load/sockets/1min', ... (4 bytes))
1778190630: Sending PUBLISH to mqtt-explorer-5c916486 (d0, q0, r0, m0, '$SYS/broker/load/sockets/5min', ... (4 bytes))
1778190630: Sending PUBLISH to mqtt-explorer-5c916486 (d0, q0, r0, m0, '$SYS/broker/load/sockets/15min', ... (4 bytes))
1778190630: Sending PUBLISH to mqtt-explorer-5c916486 (d0, q0, r0, m0, '$SYS/broker/load/connections/1min', ... (4 bytes))
1778190630: Sending PUBLISH to mqtt-explorer-5c916486 (d0, q0, r0, m0, '$SYS/broker/load/connections/5min', ... (4 bytes))
1778190630: Sending PUBLISH to mqtt-explorer-5c916486 (d0, q0, r0, m0, '$SYS/broker/load/connections/15min', ... (4 bytes))
1778190630: Sending PUBLISH to mqtt-explorer-5c916486 (d0, q0, r0, m0, '$SYS/broker/store/messages/bytes', ... (3 bytes))
1778190630: Sending PUBLISH to mqtt-explorer-5c916486 (d0, q0, r0, m0, '$SYS/broker/heap/current', ... (6 bytes))
1778190630: Sending PUBLISH to mqtt-explorer-5c916486 (d0, q0, r0, m0, '$SYS/broker/messages/sent', ... (4 bytes))
1778190630: Sending PUBLISH to mqtt-explorer-5c916486 (d0, q0, r0, m0, '$SYS/broker/bytes/sent', ... (6 bytes))
1778190630: Sending PUBLISH to mqtt-explorer-5c916486 (d0, q0, r0, m0, '$SYS/broker/publish/bytes/sent', ... (5 bytes))
1778190630: Sending PUBLISH to mqtt-explorer-5c916486 (d0, q0, r0, m0, '$SYS/broker/publish/messages/sent', ... (4 bytes))
1778190635: New connection from 127.0.0.1:54800 on port 1883.
1778190635: New client connected from 127.0.0.1:54800 as healthcheck (p4, c1, k60).
1778190635: No will message specified.
1778190635: Sending CONNACK to healthcheck (0, 0)
1778190635: Received SUBSCRIBE from healthcheck
1778190635: 	$SYS/# (QoS 0)
1778190635: healthcheck 0 $SYS/#
1778190635: Sending SUBACK to healthcheck
1778190635: Sending PUBLISH to healthcheck (d0, q0, r1, m0, '$SYS/broker/version', ... (23 bytes))
1778190635: Sending PUBLISH to healthcheck (d0, q0, r1, m0, '$SYS/broker/uptime', ... (12 bytes))
1778190635: Sending PUBLISH to healthcheck (d0, q0, r1, m0, '$SYS/broker/clients/total', ... (1 bytes))
1778190635: Sending PUBLISH to healthcheck (d0, q0, r1, m0, '$SYS/broker/clients/disconnected', ... (1 bytes))
1778190635: Sending PUBLISH to healthcheck (d0, q0, r1, m0, '$SYS/broker/clients/inactive', ... (1 bytes))
1778190635: Sending PUBLISH to healthcheck (d0, q0, r1, m0, '$SYS/broker/clients/connected', ... (1 bytes))
1778190635: Sending PUBLISH to healthcheck (d0, q0, r1, m0, '$SYS/broker/clients/active', ... (1 bytes))
1778190635: Sending PUBLISH to healthcheck (d0, q0, r1, m0, '$SYS/broker/clients/expired', ... (1 bytes))
1778190635: Sending PUBLISH to healthcheck (d0, q0, r1, m0, '$SYS/broker/clients/maximum', ... (1 bytes))
1778190635: Sending PUBLISH to healthcheck (d0, q0, r1, m0, '$SYS/broker/messages/stored', ... (2 bytes))
1778190635: Sending PUBLISH to healthcheck (d0, q0, r1, m0, '$SYS/broker/messages/received', ... (3 bytes))
1778190635: Sending PUBLISH to healthcheck (d0, q0, r1, m0, '$SYS/broker/messages/sent', ... (4 bytes))
1778190635: Sending PUBLISH to healthcheck (d0, q0, r1, m0, '$SYS/broker/store/messages/count', ... (2 bytes))
1778190635: Sending PUBLISH to healthcheck (d0, q0, r1, m0, '$SYS/broker/store/messages/bytes', ... (3 bytes))
1778190635: Sending PUBLISH to healthcheck (d0, q0, r1, m0, '$SYS/broker/subscriptions/count', ... (1 bytes))
1778190635: Sending PUBLISH to healthcheck (d0, q0, r1, m0, '$SYS/broker/shared_subscriptions/count', ... (1 bytes))
1778190635: Sending PUBLISH to healthcheck (d0, q0, r1, m0, '$SYS/broker/retained messages/count', ... (2 bytes))
1778190635: Sending PUBLISH to healthcheck (d0, q0, r1, m0, '$SYS/broker/heap/current', ... (6 bytes))
1778190635: Sending PUBLISH to healthcheck (d0, q0, r1, m0, '$SYS/broker/heap/maximum', ... (6 bytes))
1778190635: Sending PUBLISH to healthcheck (d0, q0, r1, m0, '$SYS/broker/bytes/received', ... (4 bytes))
1778190635: Sending PUBLISH to healthcheck (d0, q0, r1, m0, '$SYS/broker/bytes/sent', ... (6 bytes))
1778190635: Sending PUBLISH to healthcheck (d0, q0, r1, m0, '$SYS/broker/publish/bytes/received', ... (4 bytes))
1778190635: Sending PUBLISH to healthcheck (d0, q0, r1, m0, '$SYS/broker/publish/bytes/sent', ... (5 bytes))
1778190635: Sending PUBLISH to healthcheck (d0, q0, r1, m0, '$SYS/broker/publish/messages/dropped', ... (1 bytes))
1778190635: Sending PUBLISH to healthcheck (d0, q0, r1, m0, '$SYS/broker/publish/messages/received', ... (2 bytes))
1778190635: Sending PUBLISH to healthcheck (d0, q0, r1, m0, '$SYS/broker/publish/messages/sent', ... (4 bytes))
1778190635: Sending PUBLISH to healthcheck (d0, q0, r1, m0, '$SYS/broker/packet/out/count', ... (1 bytes))
1778190635: Sending PUBLISH to healthcheck (d0, q0, r1, m0, '$SYS/broker/packet/out/bytes', ... (1 bytes))
1778190635: Sending PUBLISH to healthcheck (d0, q0, r1, m0, '$SYS/broker/connections/socket/count', ... (2 bytes))
1778190635: Sending PUBLISH to healthcheck (d0, q0, r1, m0, '$SYS/broker/load/messages/received/1min', ... (4 bytes))
1778190635: Sending PUBLISH to healthcheck (d0, q0, r1, m0, '$SYS/broker/load/messages/received/5min', ... (4 bytes))
1778190635: Sending PUBLISH to healthcheck (d0, q0, r1, m0, '$SYS/broker/load/messages/received/15min', ... (4 bytes))
1778190635: Sending PUBLISH to healthcheck (d0, q0, r1, m0, '$SYS/broker/load/messages/sent/1min', ... (6 bytes))
1778190635: Sending PUBLISH to healthcheck (d0, q0, r1, m0, '$SYS/broker/load/messages/sent/5min', ... (6 bytes))
1778190635: Sending PUBLISH to healthcheck (d0, q0, r1, m0, '$SYS/broker/load/messages/sent/15min', ... (6 bytes))
1778190635: Sending PUBLISH to healthcheck (d0, q0, r1, m0, '$SYS/broker/load/publish/dropped/1min', ... (4 bytes))
1778190635: Sending PUBLISH to healthcheck (d0, q0, r1, m0, '$SYS/broker/load/publish/dropped/5min', ... (4 bytes))
1778190635: Sending PUBLISH to healthcheck (d0, q0, r1, m0, '$SYS/broker/load/publish/dropped/15min', ... (4 bytes))
1778190635: Sending PUBLISH to healthcheck (d0, q0, r1, m0, '$SYS/broker/load/publish/received/1min', ... (4 bytes))
1778190635: Sending PUBLISH to healthcheck (d0, q0, r1, m0, '$SYS/broker/load/publish/received/5min', ... (4 bytes))
1778190635: Sending PUBLISH to healthcheck (d0, q0, r1, m0, '$SYS/broker/load/publish/received/15min', ... (4 bytes))
1778190635: Sending PUBLISH to healthcheck (d0, q0, r1, m0, '$SYS/broker/load/publish/sent/1min', ... (6 bytes))
1778190635: Sending PUBLISH to healthcheck (d0, q0, r1, m0, '$SYS/broker/load/publish/sent/5min', ... (6 bytes))
1778190635: Sending PUBLISH to healthcheck (d0, q0, r1, m0, '$SYS/broker/load/publish/sent/15min', ... (6 bytes))
1778190635: Sending PUBLISH to healthcheck (d0, q0, r1, m0, '$SYS/broker/load/bytes/received/1min', ... (5 bytes))
1778190635: Sending PUBLISH to healthcheck (d0, q0, r1, m0, '$SYS/broker/load/bytes/received/5min', ... (6 bytes))
1778190635: Sending PUBLISH to healthcheck (d0, q0, r1, m0, '$SYS/broker/load/bytes/received/15min', ... (6 bytes))
1778190635: Sending PUBLISH to healthcheck (d0, q0, r1, m0, '$SYS/broker/load/bytes/sent/1min', ... (7 bytes))
1778190635: Sending PUBLISH to healthcheck (d0, q0, r1, m0, '$SYS/broker/load/bytes/sent/5min', ... (7 bytes))
1778190635: Sending PUBLISH to healthcheck (d0, q0, r1, m0, '$SYS/broker/load/bytes/sent/15min', ... (7 bytes))
1778190635: Sending PUBLISH to healthcheck (d0, q0, r1, m0, '$SYS/broker/load/sockets/1min', ... (4 bytes))
1778190635: Sending PUBLISH to healthcheck (d0, q0, r1, m0, '$SYS/broker/load/sockets/5min', ... (4 bytes))
1778190635: Sending PUBLISH to healthcheck (d0, q0, r1, m0, '$SYS/broker/load/sockets/15min', ... (4 bytes))
1778190635: Sending PUBLISH to healthcheck (d0, q0, r1, m0, '$SYS/broker/load/connections/1min', ... (4 bytes))
1778190635: Sending PUBLISH to healthcheck (d0, q0, r1, m0, '$SYS/broker/load/connections/5min', ... (4 bytes))
1778190635: Sending PUBLISH to healthcheck (d0, q0, r1, m0, '$SYS/broker/load/connections/15min', ... (4 bytes))
1778190635: Client healthcheck [127.0.0.1:54800] disconnected: connection closed by client.
1778190640: Sending PUBLISH to mqtt-explorer-5c916486 (d0, q0, r0, m0, '$SYS/broker/uptime', ... (12 bytes))
1778190640: Sending PUBLISH to mqtt-explorer-5c916486 (d0, q0, r0, m0, '$SYS/broker/load/messages/received/1min', ... (4 bytes))
1778190640: Sending PUBLISH to mqtt-explorer-5c916486 (d0, q0, r0, m0, '$SYS/broker/load/messages/received/5min', ... (4 bytes))
1778190640: Sending PUBLISH to mqtt-explorer-5c916486 (d0, q0, r0, m0, '$SYS/broker/load/messages/received/15min', ... (4 bytes))
1778190640: Sending PUBLISH to mqtt-explorer-5c916486 (d0, q0, r0, m0, '$SYS/broker/load/messages/sent/1min', ... (6 bytes))
1778190640: Sending PUBLISH to mqtt-explorer-5c916486 (d0, q0, r0, m0, '$SYS/broker/load/messages/sent/5min', ... (6 bytes))
1778190640: Sending PUBLISH to mqtt-explorer-5c916486 (d0, q0, r0, m0, '$SYS/broker/load/messages/sent/15min', ... (6 bytes))
1778190640: Sending PUBLISH to mqtt-explorer-5c916486 (d0, q0, r0, m0, '$SYS/broker/load/publish/received/5min', ... (4 bytes))
1778190640: Sending PUBLISH to mqtt-explorer-5c916486 (d0, q0, r0, m0, '$SYS/broker/load/publish/sent/1min', ... (6 bytes))
1778190640: Sending PUBLISH to mqtt-explorer-5c916486 (d0, q0, r0, m0, '$SYS/broker/load/publish/sent/5min', ... (6 bytes))
1778190640: Sending PUBLISH to mqtt-explorer-5c916486 (d0, q0, r0, m0, '$SYS/broker/load/publish/sent/15min', ... (6 bytes))
1778190640: Sending PUBLISH to mqtt-explorer-5c916486 (d0, q0, r0, m0, '$SYS/broker/load/bytes/received/1min', ... (5 bytes))
1778190640: Sending PUBLISH to mqtt-explorer-5c916486 (d0, q0, r0, m0, '$SYS/broker/load/bytes/received/5min', ... (6 bytes))
1778190640: Sending PUBLISH to mqtt-explorer-5c916486 (d0, q0, r0, m0, '$SYS/broker/load/bytes/received/15min', ... (6 bytes))
1778190640: Sending PUBLISH to mqtt-explorer-5c916486 (d0, q0, r0, m0, '$SYS/broker/load/bytes/sent/1min', ... (7 bytes))
1778190640: Sending PUBLISH to mqtt-explorer-5c916486 (d0, q0, r0, m0, '$SYS/broker/load/bytes/sent/5min', ... (7 bytes))
1778190640: Sending PUBLISH to mqtt-explorer-5c916486 (d0, q0, r0, m0, '$SYS/broker/load/bytes/sent/15min', ... (7 bytes))
1778190640: Sending PUBLISH to mqtt-explorer-5c916486 (d0, q0, r0, m0, '$SYS/broker/load/sockets/1min', ... (4 bytes))
1778190640: Sending PUBLISH to mqtt-explorer-5c916486 (d0, q0, r0, m0, '$SYS/broker/load/sockets/5min', ... (4 bytes))
1778190640: Sending PUBLISH to mqtt-explorer-5c916486 (d0, q0, r0, m0, '$SYS/broker/load/sockets/15min', ... (4 bytes))
1778190640: Sending PUBLISH to mqtt-explorer-5c916486 (d0, q0, r0, m0, '$SYS/broker/load/connections/1min', ... (4 bytes))
1778190640: Sending PUBLISH to mqtt-explorer-5c916486 (d0, q0, r0, m0, '$SYS/broker/load/connections/5min', ... (4 bytes))
1778190640: Sending PUBLISH to mqtt-explorer-5c916486 (d0, q0, r0, m0, '$SYS/broker/load/connections/15min', ... (4 bytes))
1778190640: Sending PUBLISH to mqtt-explorer-5c916486 (d0, q0, r0, m0, '$SYS/broker/messages/received', ... (3 bytes))
1778190640: Sending PUBLISH to mqtt-explorer-5c916486 (d0, q0, r0, m0, '$SYS/broker/messages/sent', ... (4 bytes))
1778190640: Sending PUBLISH to mqtt-explorer-5c916486 (d0, q0, r0, m0, '$SYS/broker/bytes/received', ... (4 bytes))
1778190640: Sending PUBLISH to mqtt-explorer-5c916486 (d0, q0, r0, m0, '$SYS/broker/bytes/sent', ... (6 bytes))
1778190640: Sending PUBLISH to mqtt-explorer-5c916486 (d0, q0, r0, m0, '$SYS/broker/publish/bytes/sent', ... (5 bytes))
1778190640: Sending PUBLISH to mqtt-explorer-5c916486 (d0, q0, r0, m0, '$SYS/broker/connections/socket/count', ... (2 bytes))
1778190640: Sending PUBLISH to mqtt-explorer-5c916486 (d0, q0, r0, m0, '$SYS/broker/publish/messages/sent', ... (4 bytes))
1778190650: Sending PUBLISH to mqtt-explorer-5c916486 (d0, q0, r0, m0, '$SYS/broker/uptime', ... (12 bytes))
1778190650: Sending PUBLISH to mqtt-explorer-5c916486 (d0, q0, r0, m0, '$SYS/broker/load/messages/received/1min', ... (4 bytes))
1778190650: Sending PUBLISH to mqtt-explorer-5c916486 (d0, q0, r0, m0, '$SYS/broker/load/messages/received/5min', ... (4 bytes))
1778190650: Sending PUBLISH to mqtt-explorer-5c916486 (d0, q0, r0, m0, '$SYS/broker/load/messages/received/15min', ... (4 bytes))
1778190650: Sending PUBLISH to mqtt-explorer-5c916486 (d0, q0, r0, m0, '$SYS/broker/load/messages/sent/1min', ... (6 bytes))
1778190650: Sending PUBLISH to mqtt-explorer-5c916486 (d0, q0, r0, m0, '$SYS/broker/load/messages/sent/5min', ... (6 bytes))
1778190650: Sending PUBLISH to mqtt-explorer-5c916486 (d0, q0, r0, m0, '$SYS/broker/load/messages/sent/15min', ... (6 bytes))
1778190650: Sending PUBLISH to mqtt-explorer-5c916486 (d0, q0, r0, m0, '$SYS/broker/load/publish/received/5min', ... (4 bytes))
1778190650: Sending PUBLISH to mqtt-explorer-5c916486 (d0, q0, r0, m0, '$SYS/broker/load/publish/sent/1min', ... (6 bytes))
1778190650: Sending PUBLISH to mqtt-explorer-5c916486 (d0, q0, r0, m0, '$SYS/broker/load/publish/sent/5min', ... (6 bytes))
1778190650: Sending PUBLISH to mqtt-explorer-5c916486 (d0, q0, r0, m0, '$SYS/broker/load/publish/sent/15min', ... (6 bytes))
1778190650: Sending PUBLISH to mqtt-explorer-5c916486 (d0, q0, r0, m0, '$SYS/broker/load/bytes/received/1min', ... (5 bytes))
1778190650: Sending PUBLISH to mqtt-explorer-5c916486 (d0, q0, r0, m0, '$SYS/broker/load/bytes/received/5min', ... (6 bytes))
1778190650: Sending PUBLISH to mqtt-explorer-5c916486 (d0, q0, r0, m0, '$SYS/broker/load/bytes/received/15min', ... (6 bytes))
1778190650: Sending PUBLISH to mqtt-explorer-5c916486 (d0, q0, r0, m0, '$SYS/broker/load/bytes/sent/1min', ... (7 bytes))
1778190650: Sending PUBLISH to mqtt-explorer-5c916486 (d0, q0, r0, m0, '$SYS/broker/load/bytes/sent/5min', ... (7 bytes))
1778190650: Sending PUBLISH to mqtt-explorer-5c916486 (d0, q0, r0, m0, '$SYS/broker/load/bytes/sent/15min', ... (7 bytes))
1778190650: Sending PUBLISH to mqtt-explorer-5c916486 (d0, q0, r0, m0, '$SYS/broker/load/sockets/1min', ... (4 bytes))
1778190650: Sending PUBLISH to mqtt-explorer-5c916486 (d0, q0, r0, m0, '$SYS/broker/load/sockets/5min', ... (4 bytes))
1778190650: Sending PUBLISH to mqtt-explorer-5c916486 (d0, q0, r0, m0, '$SYS/broker/load/sockets/15min', ... (4 bytes))
1778190650: Sending PUBLISH to mqtt-explorer-5c916486 (d0, q0, r0, m0, '$SYS/broker/load/connections/1min', ... (4 bytes))
1778190650: Sending PUBLISH to mqtt-explorer-5c916486 (d0, q0, r0, m0, '$SYS/broker/load/connections/5min', ... (4 bytes))
1778190650: Sending PUBLISH to mqtt-explorer-5c916486 (d0, q0, r0, m0, '$SYS/broker/load/connections/15min', ... (4 bytes))
1778190650: Sending PUBLISH to mqtt-explorer-5c916486 (d0, q0, r0, m0, '$SYS/broker/messages/sent', ... (4 bytes))
1778190650: Sending PUBLISH to mqtt-explorer-5c916486 (d0, q0, r0, m0, '$SYS/broker/bytes/sent', ... (6 bytes))
1778190650: Sending PUBLISH to mqtt-explorer-5c916486 (d0, q0, r0, m0, '$SYS/broker/publish/bytes/sent', ... (5 bytes))
1778190650: Sending PUBLISH to mqtt-explorer-5c916486 (d0, q0, r0, m0, '$SYS/broker/publish/messages/sent', ... (4 bytes))
1778190660: Sending PUBLISH to mqtt-explorer-5c916486 (d0, q0, r0, m0, '$SYS/broker/uptime', ... (12 bytes))
1778190660: Sending PUBLISH to mqtt-explorer-5c916486 (d0, q0, r0, m0, '$SYS/broker/load/messages/received/1min', ... (4 bytes))
1778190660: Sending PUBLISH to mqtt-explorer-5c916486 (d0, q0, r0, m0, '$SYS/broker/load/messages/received/5min', ... (4 bytes))
1778190660: Sending PUBLISH to mqtt-explorer-5c916486 (d0, q0, r0, m0, '$SYS/broker/load/messages/received/15min', ... (4 bytes))
1778190660: Sending PUBLISH to mqtt-explorer-5c916486 (d0, q0, r0, m0, '$SYS/broker/load/messages/sent/1min', ... (6 bytes))
1778190660: Sending PUBLISH to mqtt-explorer-5c916486 (d0, q0, r0, m0, '$SYS/broker/load/messages/sent/5min', ... (6 bytes))
1778190660: Sending PUBLISH to mqtt-explorer-5c916486 (d0, q0, r0, m0, '$SYS/broker/load/messages/sent/15min', ... (6 bytes))
1778190660: Sending PUBLISH to mqtt-explorer-5c916486 (d0, q0, r0, m0, '$SYS/broker/load/publish/received/5min', ... (4 bytes))
1778190660: Sending PUBLISH to mqtt-explorer-5c916486 (d0, q0, r0, m0, '$SYS/broker/load/publish/sent/1min', ... (6 bytes))
1778190660: Sending PUBLISH to mqtt-explorer-5c916486 (d0, q0, r0, m0, '$SYS/broker/load/publish/sent/5min', ... (6 bytes))
1778190660: Sending PUBLISH to mqtt-explorer-5c916486 (d0, q0, r0, m0, '$SYS/broker/load/publish/sent/15min', ... (6 bytes))
1778190660: Sending PUBLISH to mqtt-explorer-5c916486 (d0, q0, r0, m0, '$SYS/broker/load/bytes/received/1min', ... (5 bytes))
1778190660: Sending PUBLISH to mqtt-explorer-5c916486 (d0, q0, r0, m0, '$SYS/broker/load/bytes/received/5min', ... (6 bytes))
1778190660: Sending PUBLISH to mqtt-explorer-5c916486 (d0, q0, r0, m0, '$SYS/broker/load/bytes/received/15min', ... (6 bytes))
1778190660: Sending PUBLISH to mqtt-explorer-5c916486 (d0, q0, r0, m0, '$SYS/broker/load/bytes/sent/1min', ... (7 bytes))
1778190660: Sending PUBLISH to mqtt-explorer-5c916486 (d0, q0, r0, m0, '$SYS/broker/load/bytes/sent/5min', ... (7 bytes))
1778190660: Sending PUBLISH to mqtt-explorer-5c916486 (d0, q0, r0, m0, '$SYS/broker/load/bytes/sent/15min', ... (7 bytes))
1778190660: Sending PUBLISH to mqtt-explorer-5c916486 (d0, q0, r0, m0, '$SYS/broker/load/sockets/1min', ... (4 bytes))
1778190660: Sending PUBLISH to mqtt-explorer-5c916486 (d0, q0, r0, m0, '$SYS/broker/load/sockets/5min', ... (4 bytes))
1778190660: Sending PUBLISH to mqtt-explorer-5c916486 (d0, q0, r0, m0, '$SYS/broker/load/sockets/15min', ... (4 bytes))
1778190660: Sending PUBLISH to mqtt-explorer-5c916486 (d0, q0, r0, m0, '$SYS/broker/load/connections/1min', ... (4 bytes))
1778190660: Sending PUBLISH to mqtt-explorer-5c916486 (d0, q0, r0, m0, '$SYS/broker/load/connections/5min', ... (4 bytes))
1778190660: Sending PUBLISH to mqtt-explorer-5c916486 (d0, q0, r0, m0, '$SYS/broker/load/connections/15min', ... (4 bytes))
1778190660: Sending PUBLISH to mqtt-explorer-5c916486 (d0, q0, r0, m0, '$SYS/broker/messages/sent', ... (4 bytes))
1778190660: Sending PUBLISH to mqtt-explorer-5c916486 (d0, q0, r0, m0, '$SYS/broker/bytes/sent', ... (6 bytes))
1778190660: Sending PUBLISH to mqtt-explorer-5c916486 (d0, q0, r0, m0, '$SYS/broker/publish/bytes/sent', ... (5 bytes))
1778190660: Sending PUBLISH to mqtt-explorer-5c916486 (d0, q0, r0, m0, '$SYS/broker/publish/messages/sent', ... (4 bytes))
1778190660: Received PINGREQ from ISIC-ESP8266-001
1778190660: Sending PINGRESP to ISIC-ESP8266-001
1778190665: New connection from 127.0.0.1:59270 on port 1883.
1778190665: New client connected from 127.0.0.1:59270 as healthcheck (p4, c1, k60).
1778190665: No will message specified.
1778190665: Sending CONNACK to healthcheck (0, 0)
1778190665: Received SUBSCRIBE from healthcheck
1778190665: 	$SYS/# (QoS 0)
1778190665: healthcheck 0 $SYS/#
1778190665: Sending SUBACK to healthcheck
1778190665: Sending PUBLISH to healthcheck (d0, q0, r1, m0, '$SYS/broker/version', ... (23 bytes))
1778190665: Sending PUBLISH to healthcheck (d0, q0, r1, m0, '$SYS/broker/uptime', ... (12 bytes))
1778190665: Sending PUBLISH to healthcheck (d0, q0, r1, m0, '$SYS/broker/clients/total', ... (1 bytes))
1778190665: Sending PUBLISH to healthcheck (d0, q0, r1, m0, '$SYS/broker/clients/disconnected', ... (1 bytes))
1778190665: Sending PUBLISH to healthcheck (d0, q0, r1, m0, '$SYS/broker/clients/inactive', ... (1 bytes))
1778190665: Sending PUBLISH to healthcheck (d0, q0, r1, m0, '$SYS/broker/clients/connected', ... (1 bytes))
1778190665: Sending PUBLISH to healthcheck (d0, q0, r1, m0, '$SYS/broker/clients/active', ... (1 bytes))
1778190665: Sending PUBLISH to healthcheck (d0, q0, r1, m0, '$SYS/broker/clients/expired', ... (1 bytes))
1778190665: Sending PUBLISH to healthcheck (d0, q0, r1, m0, '$SYS/broker/clients/maximum', ... (1 bytes))
1778190665: Sending PUBLISH to healthcheck (d0, q0, r1, m0, '$SYS/broker/messages/stored', ... (2 bytes))
1778190665: Sending PUBLISH to healthcheck (d0, q0, r1, m0, '$SYS/broker/messages/received', ... (3 bytes))
1778190665: Sending PUBLISH to healthcheck (d0, q0, r1, m0, '$SYS/broker/messages/sent', ... (4 bytes))
1778190665: Sending PUBLISH to healthcheck (d0, q0, r1, m0, '$SYS/broker/store/messages/count', ... (2 bytes))
1778190665: Sending PUBLISH to healthcheck (d0, q0, r1, m0, '$SYS/broker/store/messages/bytes', ... (3 bytes))
1778190665: Sending PUBLISH to healthcheck (d0, q0, r1, m0, '$SYS/broker/subscriptions/count', ... (1 bytes))
1778190665: Sending PUBLISH to healthcheck (d0, q0, r1, m0, '$SYS/broker/shared_subscriptions/count', ... (1 bytes))
1778190665: Sending PUBLISH to healthcheck (d0, q0, r1, m0, '$SYS/broker/retained messages/count', ... (2 bytes))
1778190665: Sending PUBLISH to healthcheck (d0, q0, r1, m0, '$SYS/broker/heap/current', ... (6 bytes))
1778190665: Sending PUBLISH to healthcheck (d0, q0, r1, m0, '$SYS/broker/heap/maximum', ... (6 bytes))
1778190665: Sending PUBLISH to healthcheck (d0, q0, r1, m0, '$SYS/broker/bytes/received', ... (4 bytes))
1778190665: Sending PUBLISH to healthcheck (d0, q0, r1, m0, '$SYS/broker/bytes/sent', ... (6 bytes))
1778190665: Sending PUBLISH to healthcheck (d0, q0, r1, m0, '$SYS/broker/publish/bytes/received', ... (4 bytes))
1778190665: Sending PUBLISH to healthcheck (d0, q0, r1, m0, '$SYS/broker/publish/bytes/sent', ... (5 bytes))
1778190665: Sending PUBLISH to healthcheck (d0, q0, r1, m0, '$SYS/broker/publish/messages/dropped', ... (1 bytes))
1778190665: Sending PUBLISH to healthcheck (d0, q0, r1, m0, '$SYS/broker/publish/messages/received', ... (2 bytes))
1778190665: Sending PUBLISH to healthcheck (d0, q0, r1, m0, '$SYS/broker/publish/messages/sent', ... (4 bytes))
1778190665: Sending PUBLISH to healthcheck (d0, q0, r1, m0, '$SYS/broker/packet/out/count', ... (1 bytes))
1778190665: Sending PUBLISH to healthcheck (d0, q0, r1, m0, '$SYS/broker/packet/out/bytes', ... (1 bytes))
1778190665: Sending PUBLISH to healthcheck (d0, q0, r1, m0, '$SYS/broker/connections/socket/count', ... (2 bytes))
1778190665: Sending PUBLISH to healthcheck (d0, q0, r1, m0, '$SYS/broker/load/messages/received/1min', ... (4 bytes))
1778190665: Sending PUBLISH to healthcheck (d0, q0, r1, m0, '$SYS/broker/load/messages/received/5min', ... (4 bytes))
1778190665: Sending PUBLISH to healthcheck (d0, q0, r1, m0, '$SYS/broker/load/messages/received/15min', ... (4 bytes))
1778190665: Sending PUBLISH to healthcheck (d0, q0, r1, m0, '$SYS/broker/load/messages/sent/1min', ... (6 bytes))
1778190665: Sending PUBLISH to healthcheck (d0, q0, r1, m0, '$SYS/broker/load/messages/sent/5min', ... (6 bytes))
1778190665: Sending PUBLISH to healthcheck (d0, q0, r1, m0, '$SYS/broker/load/messages/sent/15min', ... (6 bytes))
1778190665: Sending PUBLISH to healthcheck (d0, q0, r1, m0, '$SYS/broker/load/publish/dropped/1min', ... (4 bytes))
1778190665: Sending PUBLISH to healthcheck (d0, q0, r1, m0, '$SYS/broker/load/publish/dropped/5min', ... (4 bytes))
1778190665: Sending PUBLISH to healthcheck (d0, q0, r1, m0, '$SYS/broker/load/publish/dropped/15min', ... (4 bytes))
1778190665: Sending PUBLISH to healthcheck (d0, q0, r1, m0, '$SYS/broker/load/publish/received/1min', ... (4 bytes))
1778190665: Sending PUBLISH to healthcheck (d0, q0, r1, m0, '$SYS/broker/load/publish/received/5min', ... (4 bytes))
1778190665: Sending PUBLISH to healthcheck (d0, q0, r1, m0, '$SYS/broker/load/publish/received/15min', ... (4 bytes))
1778190665: Sending PUBLISH to healthcheck (d0, q0, r1, m0, '$SYS/broker/load/publish/sent/1min', ... (6 bytes))
1778190665: Sending PUBLISH to healthcheck (d0, q0, r1, m0, '$SYS/broker/load/publish/sent/5min', ... (6 bytes))
1778190665: Sending PUBLISH to healthcheck (d0, q0, r1, m0, '$SYS/broker/load/publish/sent/15min', ... (6 bytes))
1778190665: Sending PUBLISH to healthcheck (d0, q0, r1, m0, '$SYS/broker/load/bytes/received/1min', ... (5 bytes))
1778190665: Sending PUBLISH to healthcheck (d0, q0, r1, m0, '$SYS/broker/load/bytes/received/5min', ... (6 bytes))
1778190665: Sending PUBLISH to healthcheck (d0, q0, r1, m0, '$SYS/broker/load/bytes/received/15min', ... (6 bytes))
1778190665: Sending PUBLISH to healthcheck (d0, q0, r1, m0, '$SYS/broker/load/bytes/sent/1min', ... (7 bytes))
1778190665: Sending PUBLISH to healthcheck (d0, q0, r1, m0, '$SYS/broker/load/bytes/sent/5min', ... (7 bytes))
1778190665: Sending PUBLISH to healthcheck (d0, q0, r1, m0, '$SYS/broker/load/bytes/sent/15min', ... (7 bytes))
1778190665: Sending PUBLISH to healthcheck (d0, q0, r1, m0, '$SYS/broker/load/sockets/1min', ... (4 bytes))
1778190665: Sending PUBLISH to healthcheck (d0, q0, r1, m0, '$SYS/broker/load/sockets/5min', ... (4 bytes))
1778190665: Sending PUBLISH to healthcheck (d0, q0, r1, m0, '$SYS/broker/load/sockets/15min', ... (4 bytes))
1778190665: Sending PUBLISH to healthcheck (d0, q0, r1, m0, '$SYS/broker/load/connections/1min', ... (4 bytes))
1778190665: Sending PUBLISH to healthcheck (d0, q0, r1, m0, '$SYS/broker/load/connections/5min', ... (4 bytes))
1778190665: Sending PUBLISH to healthcheck (d0, q0, r1, m0, '$SYS/broker/load/connections/15min', ... (4 bytes))
1778190665: Client healthcheck [127.0.0.1:59270] disconnected: connection closed by client.
1778190665: Received PINGREQ from mqtt-explorer-5c916486
1778190665: Sending PINGRESP to mqtt-explorer-5c916486
1778190670: Sending PUBLISH to mqtt-explorer-5c916486 (d0, q0, r0, m0, '$SYS/broker/uptime', ... (12 bytes))
1778190670: Sending PUBLISH to mqtt-explorer-5c916486 (d0, q0, r0, m0, '$SYS/broker/load/messages/received/1min', ... (4 bytes))
1778190670: Sending PUBLISH to mqtt-explorer-5c916486 (d0, q0, r0, m0, '$SYS/broker/load/messages/received/5min', ... (4 bytes))
1778190670: Sending PUBLISH to mqtt-explorer-5c916486 (d0, q0, r0, m0, '$SYS/broker/load/messages/received/15min', ... (4 bytes))
1778190670: Sending PUBLISH to mqtt-explorer-5c916486 (d0, q0, r0, m0, '$SYS/broker/load/messages/sent/1min', ... (6 bytes))
1778190670: Sending PUBLISH to mqtt-explorer-5c916486 (d0, q0, r0, m0, '$SYS/broker/load/messages/sent/5min', ... (6 bytes))
1778190670: Sending PUBLISH to mqtt-explorer-5c916486 (d0, q0, r0, m0, '$SYS/broker/load/messages/sent/15min', ... (6 bytes))
1778190670: Sending PUBLISH to mqtt-explorer-5c916486 (d0, q0, r0, m0, '$SYS/broker/load/publish/received/5min', ... (4 bytes))
1778190670: Sending PUBLISH to mqtt-explorer-5c916486 (d0, q0, r0, m0, '$SYS/broker/load/publish/sent/1min', ... (6 bytes))
1778190670: Sending PUBLISH to mqtt-explorer-5c916486 (d0, q0, r0, m0, '$SYS/broker/load/publish/sent/5min', ... (6 bytes))
1778190670: Sending PUBLISH to mqtt-explorer-5c916486 (d0, q0, r0, m0, '$SYS/broker/load/publish/sent/15min', ... (6 bytes))
1778190670: Sending PUBLISH to mqtt-explorer-5c916486 (d0, q0, r0, m0, '$SYS/broker/load/bytes/received/1min', ... (5 bytes))
1778190670: Sending PUBLISH to mqtt-explorer-5c916486 (d0, q0, r0, m0, '$SYS/broker/load/bytes/received/5min', ... (6 bytes))
1778190670: Sending PUBLISH to mqtt-explorer-5c916486 (d0, q0, r0, m0, '$SYS/broker/load/bytes/received/15min', ... (6 bytes))
1778190670: Sending PUBLISH to mqtt-explorer-5c916486 (d0, q0, r0, m0, '$SYS/broker/load/bytes/sent/1min', ... (7 bytes))
1778190670: Sending PUBLISH to mqtt-explorer-5c916486 (d0, q0, r0, m0, '$SYS/broker/load/bytes/sent/5min', ... (7 bytes))
1778190670: Sending PUBLISH to mqtt-explorer-5c916486 (d0, q0, r0, m0, '$SYS/broker/load/bytes/sent/15min', ... (7 bytes))
1778190670: Sending PUBLISH to mqtt-explorer-5c916486 (d0, q0, r0, m0, '$SYS/broker/load/sockets/1min', ... (4 bytes))
1778190670: Sending PUBLISH to mqtt-explorer-5c916486 (d0, q0, r0, m0, '$SYS/broker/load/sockets/5min', ... (4 bytes))
1778190670: Sending PUBLISH to mqtt-explorer-5c916486 (d0, q0, r0, m0, '$SYS/broker/load/sockets/15min', ... (4 bytes))
1778190670: Sending PUBLISH to mqtt-explorer-5c916486 (d0, q0, r0, m0, '$SYS/broker/load/connections/1min', ... (4 bytes))
1778190670: Sending PUBLISH to mqtt-explorer-5c916486 (d0, q0, r0, m0, '$SYS/broker/load/connections/5min', ... (4 bytes))
1778190670: Sending PUBLISH to mqtt-explorer-5c916486 (d0, q0, r0, m0, '$SYS/broker/load/connections/15min', ... (4 bytes))
1778190670: Sending PUBLISH to mqtt-explorer-5c916486 (d0, q0, r0, m0, '$SYS/broker/messages/received', ... (3 bytes))
1778190670: Sending PUBLISH to mqtt-explorer-5c916486 (d0, q0, r0, m0, '$SYS/broker/messages/sent', ... (4 bytes))
1778190670: Sending PUBLISH to mqtt-explorer-5c916486 (d0, q0, r0, m0, '$SYS/broker/bytes/received', ... (4 bytes))
1778190670: Sending PUBLISH to mqtt-explorer-5c916486 (d0, q0, r0, m0, '$SYS/broker/bytes/sent', ... (6 bytes))
1778190670: Sending PUBLISH to mqtt-explorer-5c916486 (d0, q0, r0, m0, '$SYS/broker/publish/bytes/sent', ... (5 bytes))
1778190670: Sending PUBLISH to mqtt-explorer-5c916486 (d0, q0, r0, m0, '$SYS/broker/connections/socket/count', ... (2 bytes))
1778190670: Sending PUBLISH to mqtt-explorer-5c916486 (d0, q0, r0, m0, '$SYS/broker/publish/messages/sent', ... (4 bytes))
1778190680: Sending PUBLISH to mqtt-explorer-5c916486 (d0, q0, r0, m0, '$SYS/broker/uptime', ... (12 bytes))
1778190680: Sending PUBLISH to mqtt-explorer-5c916486 (d0, q0, r0, m0, '$SYS/broker/load/messages/received/1min', ... (4 bytes))
1778190680: Sending PUBLISH to mqtt-explorer-5c916486 (d0, q0, r0, m0, '$SYS/broker/load/messages/received/5min', ... (4 bytes))
1778190680: Sending PUBLISH to mqtt-explorer-5c916486 (d0, q0, r0, m0, '$SYS/broker/load/messages/received/15min', ... (4 bytes))
1778190680: Sending PUBLISH to mqtt-explorer-5c916486 (d0, q0, r0, m0, '$SYS/broker/load/messages/sent/1min', ... (6 bytes))
1778190680: Sending PUBLISH to mqtt-explorer-5c916486 (d0, q0, r0, m0, '$SYS/broker/load/messages/sent/5min', ... (6 bytes))
1778190680: Sending PUBLISH to mqtt-explorer-5c916486 (d0, q0, r0, m0, '$SYS/broker/load/messages/sent/15min', ... (6 bytes))
1778190680: Sending PUBLISH to mqtt-explorer-5c916486 (d0, q0, r0, m0, '$SYS/broker/load/publish/received/5min', ... (4 bytes))
1778190680: Sending PUBLISH to mqtt-explorer-5c916486 (d0, q0, r0, m0, '$SYS/broker/load/publish/sent/1min', ... (6 bytes))
1778190680: Sending PUBLISH to mqtt-explorer-5c916486 (d0, q0, r0, m0, '$SYS/broker/load/publish/sent/5min', ... (6 bytes))
1778190680: Sending PUBLISH to mqtt-explorer-5c916486 (d0, q0, r0, m0, '$SYS/broker/load/publish/sent/15min', ... (6 bytes))
1778190680: Sending PUBLISH to mqtt-explorer-5c916486 (d0, q0, r0, m0, '$SYS/broker/load/bytes/received/1min', ... (5 bytes))
1778190680: Sending PUBLISH to mqtt-explorer-5c916486 (d0, q0, r0, m0, '$SYS/broker/load/bytes/received/5min', ... (6 bytes))
1778190680: Sending PUBLISH to mqtt-explorer-5c916486 (d0, q0, r0, m0, '$SYS/broker/load/bytes/received/15min', ... (6 bytes))
1778190680: Sending PUBLISH to mqtt-explorer-5c916486 (d0, q0, r0, m0, '$SYS/broker/load/bytes/sent/1min', ... (7 bytes))
1778190680: Sending PUBLISH to mqtt-explorer-5c916486 (d0, q0, r0, m0, '$SYS/broker/load/bytes/sent/5min', ... (7 bytes))
1778190680: Sending PUBLISH to mqtt-explorer-5c916486 (d0, q0, r0, m0, '$SYS/broker/load/bytes/sent/15min', ... (7 bytes))
1778190680: Sending PUBLISH to mqtt-explorer-5c916486 (d0, q0, r0, m0, '$SYS/broker/load/sockets/1min', ... (4 bytes))
1778190680: Sending PUBLISH to mqtt-explorer-5c916486 (d0, q0, r0, m0, '$SYS/broker/load/sockets/5min', ... (4 bytes))
1778190680: Sending PUBLISH to mqtt-explorer-5c916486 (d0, q0, r0, m0, '$SYS/broker/load/sockets/15min', ... (4 bytes))
1778190680: Sending PUBLISH to mqtt-explorer-5c916486 (d0, q0, r0, m0, '$SYS/broker/load/connections/1min', ... (4 bytes))
1778190680: Sending PUBLISH to mqtt-explorer-5c916486 (d0, q0, r0, m0, '$SYS/broker/load/connections/5min', ... (4 bytes))
1778190680: Sending PUBLISH to mqtt-explorer-5c916486 (d0, q0, r0, m0, '$SYS/broker/load/connections/15min', ... (4 bytes))
1778190680: Sending PUBLISH to mqtt-explorer-5c916486 (d0, q0, r0, m0, '$SYS/broker/messages/sent', ... (4 bytes))
1778190680: Sending PUBLISH to mqtt-explorer-5c916486 (d0, q0, r0, m0, '$SYS/broker/bytes/sent', ... (6 bytes))
1778190680: Sending PUBLISH to mqtt-explorer-5c916486 (d0, q0, r0, m0, '$SYS/broker/publish/bytes/sent', ... (5 bytes))
1778190680: Sending PUBLISH to mqtt-explorer-5c916486 (d0, q0, r0, m0, '$SYS/broker/publish/messages/sent', ... (4 bytes))
1778190690: Sending PUBLISH to mqtt-explorer-5c916486 (d0, q0, r0, m0, '$SYS/broker/uptime', ... (12 bytes))
1778190690: Sending PUBLISH to mqtt-explorer-5c916486 (d0, q0, r0, m0, '$SYS/broker/load/messages/received/1min', ... (4 bytes))
1778190690: Sending PUBLISH to mqtt-explorer-5c916486 (d0, q0, r0, m0, '$SYS/broker/load/messages/received/5min', ... (4 bytes))
1778190690: Sending PUBLISH to mqtt-explorer-5c916486 (d0, q0, r0, m0, '$SYS/broker/load/messages/received/15min', ... (4 bytes))
1778190690: Sending PUBLISH to mqtt-explorer-5c916486 (d0, q0, r0, m0, '$SYS/broker/load/messages/sent/1min', ... (6 bytes))
1778190690: Sending PUBLISH to mqtt-explorer-5c916486 (d0, q0, r0, m0, '$SYS/broker/load/messages/sent/5min', ... (6 bytes))
1778190690: Sending PUBLISH to mqtt-explorer-5c916486 (d0, q0, r0, m0, '$SYS/broker/load/messages/sent/15min', ... (6 bytes))
1778190690: Sending PUBLISH to mqtt-explorer-5c916486 (d0, q0, r0, m0, '$SYS/broker/load/publish/sent/1min', ... (6 bytes))
1778190690: Sending PUBLISH to mqtt-explorer-5c916486 (d0, q0, r0, m0, '$SYS/broker/load/publish/sent/5min', ... (6 bytes))
1778190690: Sending PUBLISH to mqtt-explorer-5c916486 (d0, q0, r0, m0, '$SYS/broker/load/publish/sent/15min', ... (6 bytes))
1778190690: Sending PUBLISH to mqtt-explorer-5c916486 (d0, q0, r0, m0, '$SYS/broker/load/bytes/received/1min', ... (5 bytes))
1778190690: Sending PUBLISH to mqtt-explorer-5c916486 (d0, q0, r0, m0, '$SYS/broker/load/bytes/received/5min', ... (6 bytes))
1778190690: Sending PUBLISH to mqtt-explorer-5c916486 (d0, q0, r0, m0, '$SYS/broker/load/bytes/received/15min', ... (6 bytes))
1778190690: Sending PUBLISH to mqtt-explorer-5c916486 (d0, q0, r0, m0, '$SYS/broker/load/bytes/sent/1min', ... (7 bytes))
1778190690: Sending PUBLISH to mqtt-explorer-5c916486 (d0, q0, r0, m0, '$SYS/broker/load/bytes/sent/5min', ... (7 bytes))
1778190690: Sending PUBLISH to mqtt-explorer-5c916486 (d0, q0, r0, m0, '$SYS/broker/load/bytes/sent/15min', ... (7 bytes))
1778190690: Sending PUBLISH to mqtt-explorer-5c916486 (d0, q0, r0, m0, '$SYS/broker/load/sockets/1min', ... (4 bytes))
1778190690: Sending PUBLISH to mqtt-explorer-5c916486 (d0, q0, r0, m0, '$SYS/broker/load/sockets/5min', ... (4 bytes))
1778190690: Sending PUBLISH to mqtt-explorer-5c916486 (d0, q0, r0, m0, '$SYS/broker/load/sockets/15min', ... (4 bytes))
1778190690: Sending PUBLISH to mqtt-explorer-5c916486 (d0, q0, r0, m0, '$SYS/broker/load/connections/1min', ... (4 bytes))
1778190690: Sending PUBLISH to mqtt-explorer-5c916486 (d0, q0, r0, m0, '$SYS/broker/load/connections/5min', ... (4 bytes))
1778190690: Sending PUBLISH to mqtt-explorer-5c916486 (d0, q0, r0, m0, '$SYS/broker/load/connections/15min', ... (4 bytes))
1778190690: Sending PUBLISH to mqtt-explorer-5c916486 (d0, q0, r0, m0, '$SYS/broker/messages/sent', ... (4 bytes))
1778190690: Sending PUBLISH to mqtt-explorer-5c916486 (d0, q0, r0, m0, '$SYS/broker/bytes/sent', ... (6 bytes))
1778190690: Sending PUBLISH to mqtt-explorer-5c916486 (d0, q0, r0, m0, '$SYS/broker/publish/bytes/sent', ... (5 bytes))
1778190690: Sending PUBLISH to mqtt-explorer-5c916486 (d0, q0, r0, m0, '$SYS/broker/publish/messages/sent', ... (4 bytes))
1778190695: New connection from 127.0.0.1:47152 on port 1883.
1778190695: New client connected from 127.0.0.1:47152 as healthcheck (p4, c1, k60).
1778190695: No will message specified.
1778190695: Sending CONNACK to healthcheck (0, 0)
1778190695: Received SUBSCRIBE from healthcheck
1778190695: 	$SYS/# (QoS 0)
1778190695: healthcheck 0 $SYS/#
1778190695: Sending SUBACK to healthcheck
1778190695: Sending PUBLISH to healthcheck (d0, q0, r1, m0, '$SYS/broker/version', ... (23 bytes))
1778190695: Sending PUBLISH to healthcheck (d0, q0, r1, m0, '$SYS/broker/uptime', ... (12 bytes))
1778190695: Sending PUBLISH to healthcheck (d0, q0, r1, m0, '$SYS/broker/clients/total', ... (1 bytes))
1778190695: Sending PUBLISH to healthcheck (d0, q0, r1, m0, '$SYS/broker/clients/disconnected', ... (1 bytes))
1778190695: Sending PUBLISH to healthcheck (d0, q0, r1, m0, '$SYS/broker/clients/inactive', ... (1 bytes))
1778190695: Sending PUBLISH to healthcheck (d0, q0, r1, m0, '$SYS/broker/clients/connected', ... (1 bytes))
1778190695: Sending PUBLISH to healthcheck (d0, q0, r1, m0, '$SYS/broker/clients/active', ... (1 bytes))
1778190695: Sending PUBLISH to healthcheck (d0, q0, r1, m0, '$SYS/broker/clients/expired', ... (1 bytes))
1778190695: Sending PUBLISH to healthcheck (d0, q0, r1, m0, '$SYS/broker/clients/maximum', ... (1 bytes))
1778190695: Sending PUBLISH to healthcheck (d0, q0, r1, m0, '$SYS/broker/messages/stored', ... (2 bytes))
1778190695: Sending PUBLISH to healthcheck (d0, q0, r1, m0, '$SYS/broker/messages/received', ... (3 bytes))
1778190695: Sending PUBLISH to healthcheck (d0, q0, r1, m0, '$SYS/broker/messages/sent', ... (4 bytes))
1778190695: Sending PUBLISH to healthcheck (d0, q0, r1, m0, '$SYS/broker/store/messages/count', ... (2 bytes))
1778190695: Sending PUBLISH to healthcheck (d0, q0, r1, m0, '$SYS/broker/store/messages/bytes', ... (3 bytes))
1778190695: Sending PUBLISH to healthcheck (d0, q0, r1, m0, '$SYS/broker/subscriptions/count', ... (1 bytes))
1778190695: Sending PUBLISH to healthcheck (d0, q0, r1, m0, '$SYS/broker/shared_subscriptions/count', ... (1 bytes))
1778190695: Sending PUBLISH to healthcheck (d0, q0, r1, m0, '$SYS/broker/retained messages/count', ... (2 bytes))
1778190695: Sending PUBLISH to healthcheck (d0, q0, r1, m0, '$SYS/broker/heap/current', ... (6 bytes))
1778190695: Sending PUBLISH to healthcheck (d0, q0, r1, m0, '$SYS/broker/heap/maximum', ... (6 bytes))
1778190695: Sending PUBLISH to healthcheck (d0, q0, r1, m0, '$SYS/broker/bytes/received', ... (4 bytes))
1778190695: Sending PUBLISH to healthcheck (d0, q0, r1, m0, '$SYS/broker/bytes/sent', ... (6 bytes))
1778190695: Sending PUBLISH to healthcheck (d0, q0, r1, m0, '$SYS/broker/publish/bytes/received', ... (4 bytes))
1778190695: Sending PUBLISH to healthcheck (d0, q0, r1, m0, '$SYS/broker/publish/bytes/sent', ... (5 bytes))
1778190695: Sending PUBLISH to healthcheck (d0, q0, r1, m0, '$SYS/broker/publish/messages/dropped', ... (1 bytes))
1778190695: Sending PUBLISH to healthcheck (d0, q0, r1, m0, '$SYS/broker/publish/messages/received', ... (2 bytes))
1778190695: Sending PUBLISH to healthcheck (d0, q0, r1, m0, '$SYS/broker/publish/messages/sent', ... (4 bytes))
1778190695: Sending PUBLISH to healthcheck (d0, q0, r1, m0, '$SYS/broker/packet/out/count', ... (1 bytes))
1778190695: Sending PUBLISH to healthcheck (d0, q0, r1, m0, '$SYS/broker/packet/out/bytes', ... (1 bytes))
1778190695: Sending PUBLISH to healthcheck (d0, q0, r1, m0, '$SYS/broker/connections/socket/count', ... (2 bytes))
1778190695: Sending PUBLISH to healthcheck (d0, q0, r1, m0, '$SYS/broker/load/messages/received/1min', ... (4 bytes))
1778190695: Sending PUBLISH to healthcheck (d0, q0, r1, m0, '$SYS/broker/load/messages/received/5min', ... (4 bytes))
1778190695: Sending PUBLISH to healthcheck (d0, q0, r1, m0, '$SYS/broker/load/messages/received/15min', ... (4 bytes))
1778190695: Sending PUBLISH to healthcheck (d0, q0, r1, m0, '$SYS/broker/load/messages/sent/1min', ... (6 bytes))
1778190695: Sending PUBLISH to healthcheck (d0, q0, r1, m0, '$SYS/broker/load/messages/sent/5min', ... (6 bytes))
1778190695: Sending PUBLISH to healthcheck (d0, q0, r1, m0, '$SYS/broker/load/messages/sent/15min', ... (6 bytes))
1778190695: Sending PUBLISH to healthcheck (d0, q0, r1, m0, '$SYS/broker/load/publish/dropped/1min', ... (4 bytes))
1778190695: Sending PUBLISH to healthcheck (d0, q0, r1, m0, '$SYS/broker/load/publish/dropped/5min', ... (4 bytes))
1778190695: Sending PUBLISH to healthcheck (d0, q0, r1, m0, '$SYS/broker/load/publish/dropped/15min', ... (4 bytes))
1778190695: Sending PUBLISH to healthcheck (d0, q0, r1, m0, '$SYS/broker/load/publish/received/1min', ... (4 bytes))
1778190695: Sending PUBLISH to healthcheck (d0, q0, r1, m0, '$SYS/broker/load/publish/received/5min', ... (4 bytes))
1778190695: Sending PUBLISH to healthcheck (d0, q0, r1, m0, '$SYS/broker/load/publish/received/15min', ... (4 bytes))
1778190695: Sending PUBLISH to healthcheck (d0, q0, r1, m0, '$SYS/broker/load/publish/sent/1min', ... (6 bytes))
1778190695: Sending PUBLISH to healthcheck (d0, q0, r1, m0, '$SYS/broker/load/publish/sent/5min', ... (6 bytes))
1778190695: Sending PUBLISH to healthcheck (d0, q0, r1, m0, '$SYS/broker/load/publish/sent/15min', ... (6 bytes))
1778190695: Sending PUBLISH to healthcheck (d0, q0, r1, m0, '$SYS/broker/load/bytes/received/1min', ... (5 bytes))
1778190695: Sending PUBLISH to healthcheck (d0, q0, r1, m0, '$SYS/broker/load/bytes/received/5min', ... (6 bytes))
1778190695: Sending PUBLISH to healthcheck (d0, q0, r1, m0, '$SYS/broker/load/bytes/received/15min', ... (6 bytes))
1778190695: Sending PUBLISH to healthcheck (d0, q0, r1, m0, '$SYS/broker/load/bytes/sent/1min', ... (7 bytes))
1778190695: Sending PUBLISH to healthcheck (d0, q0, r1, m0, '$SYS/broker/load/bytes/sent/5min', ... (7 bytes))
1778190695: Sending PUBLISH to healthcheck (d0, q0, r1, m0, '$SYS/broker/load/bytes/sent/15min', ... (7 bytes))
1778190695: Sending PUBLISH to healthcheck (d0, q0, r1, m0, '$SYS/broker/load/sockets/1min', ... (4 bytes))
1778190695: Sending PUBLISH to healthcheck (d0, q0, r1, m0, '$SYS/broker/load/sockets/5min', ... (4 bytes))
1778190695: Sending PUBLISH to healthcheck (d0, q0, r1, m0, '$SYS/broker/load/sockets/15min', ... (4 bytes))
1778190695: Sending PUBLISH to healthcheck (d0, q0, r1, m0, '$SYS/broker/load/connections/1min', ... (4 bytes))
1778190695: Sending PUBLISH to healthcheck (d0, q0, r1, m0, '$SYS/broker/load/connections/5min', ... (4 bytes))
1778190695: Sending PUBLISH to healthcheck (d0, q0, r1, m0, '$SYS/broker/load/connections/15min', ... (4 bytes))
1778190695: Client healthcheck [127.0.0.1:47152] disconnected: connection closed by client.
1778190700: Sending PUBLISH to mqtt-explorer-5c916486 (d0, q0, r0, m0, '$SYS/broker/uptime', ... (12 bytes))
1778190700: Sending PUBLISH to mqtt-explorer-5c916486 (d0, q0, r0, m0, '$SYS/broker/load/messages/received/1min', ... (4 bytes))
1778190700: Sending PUBLISH to mqtt-explorer-5c916486 (d0, q0, r0, m0, '$SYS/broker/load/messages/received/5min', ... (4 bytes))
1778190700: Sending PUBLISH to mqtt-explorer-5c916486 (d0, q0, r0, m0, '$SYS/broker/load/messages/received/15min', ... (4 bytes))
1778190700: Sending PUBLISH to mqtt-explorer-5c916486 (d0, q0, r0, m0, '$SYS/broker/load/messages/sent/1min', ... (6 bytes))
1778190700: Sending PUBLISH to mqtt-explorer-5c916486 (d0, q0, r0, m0, '$SYS/broker/load/messages/sent/5min', ... (6 bytes))
1778190700: Sending PUBLISH to mqtt-explorer-5c916486 (d0, q0, r0, m0, '$SYS/broker/load/messages/sent/15min', ... (6 bytes))
1778190700: Sending PUBLISH to mqtt-explorer-5c916486 (d0, q0, r0, m0, '$SYS/broker/load/publish/sent/1min', ... (6 bytes))
1778190700: Sending PUBLISH to mqtt-explorer-5c916486 (d0, q0, r0, m0, '$SYS/broker/load/publish/sent/5min', ... (6 bytes))
1778190700: Sending PUBLISH to mqtt-explorer-5c916486 (d0, q0, r0, m0, '$SYS/broker/load/publish/sent/15min', ... (6 bytes))
1778190700: Sending PUBLISH to mqtt-explorer-5c916486 (d0, q0, r0, m0, '$SYS/broker/load/bytes/received/1min', ... (5 bytes))
1778190700: Sending PUBLISH to mqtt-explorer-5c916486 (d0, q0, r0, m0, '$SYS/broker/load/bytes/received/5min', ... (6 bytes))
1778190700: Sending PUBLISH to mqtt-explorer-5c916486 (d0, q0, r0, m0, '$SYS/broker/load/bytes/received/15min', ... (6 bytes))
1778190700: Sending PUBLISH to mqtt-explorer-5c916486 (d0, q0, r0, m0, '$SYS/broker/load/bytes/sent/1min', ... (7 bytes))
1778190700: Sending PUBLISH to mqtt-explorer-5c916486 (d0, q0, r0, m0, '$SYS/broker/load/bytes/sent/5min', ... (7 bytes))
1778190700: Sending PUBLISH to mqtt-explorer-5c916486 (d0, q0, r0, m0, '$SYS/broker/load/bytes/sent/15min', ... (7 bytes))
1778190700: Sending PUBLISH to mqtt-explorer-5c916486 (d0, q0, r0, m0, '$SYS/broker/load/sockets/1min', ... (4 bytes))
1778190700: Sending PUBLISH to mqtt-explorer-5c916486 (d0, q0, r0, m0, '$SYS/broker/load/sockets/5min', ... (4 bytes))
1778190700: Sending PUBLISH to mqtt-explorer-5c916486 (d0, q0, r0, m0, '$SYS/broker/load/sockets/15min', ... (4 bytes))
1778190700: Sending PUBLISH to mqtt-explorer-5c916486 (d0, q0, r0, m0, '$SYS/broker/load/connections/1min', ... (4 bytes))
1778190700: Sending PUBLISH to mqtt-explorer-5c916486 (d0, q0, r0, m0, '$SYS/broker/load/connections/5min', ... (4 bytes))
1778190700: Sending PUBLISH to mqtt-explorer-5c916486 (d0, q0, r0, m0, '$SYS/broker/load/connections/15min', ... (4 bytes))
1778190700: Sending PUBLISH to mqtt-explorer-5c916486 (d0, q0, r0, m0, '$SYS/broker/messages/received', ... (3 bytes))
1778190700: Sending PUBLISH to mqtt-explorer-5c916486 (d0, q0, r0, m0, '$SYS/broker/messages/sent', ... (4 bytes))
1778190700: Sending PUBLISH to mqtt-explorer-5c916486 (d0, q0, r0, m0, '$SYS/broker/bytes/received', ... (4 bytes))
1778190700: Sending PUBLISH to mqtt-explorer-5c916486 (d0, q0, r0, m0, '$SYS/broker/bytes/sent', ... (6 bytes))
1778190700: Sending PUBLISH to mqtt-explorer-5c916486 (d0, q0, r0, m0, '$SYS/broker/publish/bytes/sent', ... (5 bytes))
1778190700: Sending PUBLISH to mqtt-explorer-5c916486 (d0, q0, r0, m0, '$SYS/broker/connections/socket/count', ... (2 bytes))
1778190700: Sending PUBLISH to mqtt-explorer-5c916486 (d0, q0, r0, m0, '$SYS/broker/publish/messages/sent', ... (4 bytes))
1778190710: Sending PUBLISH to mqtt-explorer-5c916486 (d0, q0, r0, m0, '$SYS/broker/uptime', ... (12 bytes))
1778190710: Sending PUBLISH to mqtt-explorer-5c916486 (d0, q0, r0, m0, '$SYS/broker/load/messages/received/1min', ... (4 bytes))
1778190710: Sending PUBLISH to mqtt-explorer-5c916486 (d0, q0, r0, m0, '$SYS/broker/load/messages/received/5min', ... (4 bytes))
1778190710: Sending PUBLISH to mqtt-explorer-5c916486 (d0, q0, r0, m0, '$SYS/broker/load/messages/received/15min', ... (4 bytes))
1778190710: Sending PUBLISH to mqtt-explorer-5c916486 (d0, q0, r0, m0, '$SYS/broker/load/messages/sent/1min', ... (6 bytes))
1778190710: Sending PUBLISH to mqtt-explorer-5c916486 (d0, q0, r0, m0, '$SYS/broker/load/messages/sent/5min', ... (6 bytes))
1778190710: Sending PUBLISH to mqtt-explorer-5c916486 (d0, q0, r0, m0, '$SYS/broker/load/messages/sent/15min', ... (6 bytes))
1778190710: Sending PUBLISH to mqtt-explorer-5c916486 (d0, q0, r0, m0, '$SYS/broker/load/publish/sent/1min', ... (6 bytes))
1778190710: Sending PUBLISH to mqtt-explorer-5c916486 (d0, q0, r0, m0, '$SYS/broker/load/publish/sent/5min', ... (6 bytes))
1778190710: Sending PUBLISH to mqtt-explorer-5c916486 (d0, q0, r0, m0, '$SYS/broker/load/publish/sent/15min', ... (6 bytes))
1778190710: Sending PUBLISH to mqtt-explorer-5c916486 (d0, q0, r0, m0, '$SYS/broker/load/bytes/received/1min', ... (5 bytes))
1778190710: Sending PUBLISH to mqtt-explorer-5c916486 (d0, q0, r0, m0, '$SYS/broker/load/bytes/received/5min', ... (6 bytes))
1778190710: Sending PUBLISH to mqtt-explorer-5c916486 (d0, q0, r0, m0, '$SYS/broker/load/bytes/received/15min', ... (6 bytes))
1778190710: Sending PUBLISH to mqtt-explorer-5c916486 (d0, q0, r0, m0, '$SYS/broker/load/bytes/sent/1min', ... (7 bytes))
1778190710: Sending PUBLISH to mqtt-explorer-5c916486 (d0, q0, r0, m0, '$SYS/broker/load/bytes/sent/5min', ... (7 bytes))
1778190710: Sending PUBLISH to mqtt-explorer-5c916486 (d0, q0, r0, m0, '$SYS/broker/load/bytes/sent/15min', ... (7 bytes))
1778190710: Sending PUBLISH to mqtt-explorer-5c916486 (d0, q0, r0, m0, '$SYS/broker/load/sockets/1min', ... (4 bytes))
1778190710: Sending PUBLISH to mqtt-explorer-5c916486 (d0, q0, r0, m0, '$SYS/broker/load/sockets/5min', ... (4 bytes))
1778190710: Sending PUBLISH to mqtt-explorer-5c916486 (d0, q0, r0, m0, '$SYS/broker/load/sockets/15min', ... (4 bytes))
1778190710: Sending PUBLISH to mqtt-explorer-5c916486 (d0, q0, r0, m0, '$SYS/broker/load/connections/1min', ... (4 bytes))
1778190710: Sending PUBLISH to mqtt-explorer-5c916486 (d0, q0, r0, m0, '$SYS/broker/load/connections/5min', ... (4 bytes))
1778190710: Sending PUBLISH to mqtt-explorer-5c916486 (d0, q0, r0, m0, '$SYS/broker/load/connections/15min', ... (4 bytes))
1778190710: Sending PUBLISH to mqtt-explorer-5c916486 (d0, q0, r0, m0, '$SYS/broker/messages/sent', ... (4 bytes))
1778190710: Sending PUBLISH to mqtt-explorer-5c916486 (d0, q0, r0, m0, '$SYS/broker/bytes/sent', ... (6 bytes))
1778190710: Sending PUBLISH to mqtt-explorer-5c916486 (d0, q0, r0, m0, '$SYS/broker/publish/bytes/sent', ... (5 bytes))
1778190710: Sending PUBLISH to mqtt-explorer-5c916486 (d0, q0, r0, m0, '$SYS/broker/publish/messages/sent', ... (4 bytes))
1778190720: Sending PUBLISH to mqtt-explorer-5c916486 (d0, q0, r0, m0, '$SYS/broker/uptime', ... (12 bytes))
1778190720: Sending PUBLISH to mqtt-explorer-5c916486 (d0, q0, r0, m0, '$SYS/broker/load/messages/received/1min', ... (4 bytes))
1778190720: Sending PUBLISH to mqtt-explorer-5c916486 (d0, q0, r0, m0, '$SYS/broker/load/messages/received/5min', ... (4 bytes))
1778190720: Sending PUBLISH to mqtt-explorer-5c916486 (d0, q0, r0, m0, '$SYS/broker/load/messages/received/15min', ... (4 bytes))
1778190720: Sending PUBLISH to mqtt-explorer-5c916486 (d0, q0, r0, m0, '$SYS/broker/load/messages/sent/1min', ... (6 bytes))
1778190720: Sending PUBLISH to mqtt-explorer-5c916486 (d0, q0, r0, m0, '$SYS/broker/load/messages/sent/5min', ... (6 bytes))
1778190720: Sending PUBLISH to mqtt-explorer-5c916486 (d0, q0, r0, m0, '$SYS/broker/load/messages/sent/15min', ... (6 bytes))
1778190720: Sending PUBLISH to mqtt-explorer-5c916486 (d0, q0, r0, m0, '$SYS/broker/load/publish/sent/1min', ... (6 bytes))
1778190720: Sending PUBLISH to mqtt-explorer-5c916486 (d0, q0, r0, m0, '$SYS/broker/load/publish/sent/5min', ... (6 bytes))
1778190720: Sending PUBLISH to mqtt-explorer-5c916486 (d0, q0, r0, m0, '$SYS/broker/load/publish/sent/15min', ... (6 bytes))
1778190720: Sending PUBLISH to mqtt-explorer-5c916486 (d0, q0, r0, m0, '$SYS/broker/load/bytes/received/1min', ... (5 bytes))
1778190720: Sending PUBLISH to mqtt-explorer-5c916486 (d0, q0, r0, m0, '$SYS/broker/load/bytes/received/5min', ... (6 bytes))
1778190720: Sending PUBLISH to mqtt-explorer-5c916486 (d0, q0, r0, m0, '$SYS/broker/load/bytes/received/15min', ... (6 bytes))
1778190720: Sending PUBLISH to mqtt-explorer-5c916486 (d0, q0, r0, m0, '$SYS/broker/load/bytes/sent/1min', ... (7 bytes))
1778190720: Sending PUBLISH to mqtt-explorer-5c916486 (d0, q0, r0, m0, '$SYS/broker/load/bytes/sent/5min', ... (7 bytes))
1778190720: Sending PUBLISH to mqtt-explorer-5c916486 (d0, q0, r0, m0, '$SYS/broker/load/bytes/sent/15min', ... (7 bytes))
1778190720: Sending PUBLISH to mqtt-explorer-5c916486 (d0, q0, r0, m0, '$SYS/broker/load/sockets/1min', ... (4 bytes))
1778190720: Sending PUBLISH to mqtt-explorer-5c916486 (d0, q0, r0, m0, '$SYS/broker/load/sockets/5min', ... (4 bytes))
1778190720: Sending PUBLISH to mqtt-explorer-5c916486 (d0, q0, r0, m0, '$SYS/broker/load/sockets/15min', ... (4 bytes))
1778190720: Sending PUBLISH to mqtt-explorer-5c916486 (d0, q0, r0, m0, '$SYS/broker/load/connections/1min', ... (4 bytes))
1778190720: Sending PUBLISH to mqtt-explorer-5c916486 (d0, q0, r0, m0, '$SYS/broker/load/connections/5min', ... (4 bytes))
1778190720: Sending PUBLISH to mqtt-explorer-5c916486 (d0, q0, r0, m0, '$SYS/broker/load/connections/15min', ... (4 bytes))
1778190720: Sending PUBLISH to mqtt-explorer-5c916486 (d0, q0, r0, m0, '$SYS/broker/messages/sent', ... (4 bytes))
1778190720: Sending PUBLISH to mqtt-explorer-5c916486 (d0, q0, r0, m0, '$SYS/broker/bytes/sent', ... (6 bytes))
1778190720: Sending PUBLISH to mqtt-explorer-5c916486 (d0, q0, r0, m0, '$SYS/broker/publish/bytes/sent', ... (5 bytes))
1778190720: Sending PUBLISH to mqtt-explorer-5c916486 (d0, q0, r0, m0, '$SYS/broker/publish/messages/sent', ... (4 bytes))
1778190721: Received PINGREQ from ISIC-ESP8266-001
1778190721: Sending PINGRESP to ISIC-ESP8266-001
1778190725: New connection from 127.0.0.1:49980 on port 1883.
1778190725: New client connected from 127.0.0.1:49980 as healthcheck (p4, c1, k60).
1778190725: No will message specified.
1778190725: Sending CONNACK to healthcheck (0, 0)
1778190725: Received SUBSCRIBE from healthcheck
1778190725: 	$SYS/# (QoS 0)
1778190725: healthcheck 0 $SYS/#
1778190725: Sending SUBACK to healthcheck
1778190725: Sending PUBLISH to healthcheck (d0, q0, r1, m0, '$SYS/broker/version', ... (23 bytes))
1778190725: Sending PUBLISH to healthcheck (d0, q0, r1, m0, '$SYS/broker/uptime', ... (12 bytes))
1778190725: Sending PUBLISH to healthcheck (d0, q0, r1, m0, '$SYS/broker/clients/total', ... (1 bytes))
1778190725: Sending PUBLISH to healthcheck (d0, q0, r1, m0, '$SYS/broker/clients/disconnected', ... (1 bytes))
1778190725: Sending PUBLISH to healthcheck (d0, q0, r1, m0, '$SYS/broker/clients/inactive', ... (1 bytes))
1778190725: Sending PUBLISH to healthcheck (d0, q0, r1, m0, '$SYS/broker/clients/connected', ... (1 bytes))
1778190725: Sending PUBLISH to healthcheck (d0, q0, r1, m0, '$SYS/broker/clients/active', ... (1 bytes))
1778190725: Sending PUBLISH to healthcheck (d0, q0, r1, m0, '$SYS/broker/clients/expired', ... (1 bytes))
1778190725: Sending PUBLISH to healthcheck (d0, q0, r1, m0, '$SYS/broker/clients/maximum', ... (1 bytes))
1778190725: Sending PUBLISH to healthcheck (d0, q0, r1, m0, '$SYS/broker/messages/stored', ... (2 bytes))
1778190725: Sending PUBLISH to healthcheck (d0, q0, r1, m0, '$SYS/broker/messages/received', ... (3 bytes))
1778190725: Sending PUBLISH to healthcheck (d0, q0, r1, m0, '$SYS/broker/messages/sent', ... (4 bytes))
1778190725: Sending PUBLISH to healthcheck (d0, q0, r1, m0, '$SYS/broker/store/messages/count', ... (2 bytes))
1778190725: Sending PUBLISH to healthcheck (d0, q0, r1, m0, '$SYS/broker/store/messages/bytes', ... (3 bytes))
1778190725: Sending PUBLISH to healthcheck (d0, q0, r1, m0, '$SYS/broker/subscriptions/count', ... (1 bytes))
1778190725: Sending PUBLISH to healthcheck (d0, q0, r1, m0, '$SYS/broker/shared_subscriptions/count', ... (1 bytes))
1778190725: Sending PUBLISH to healthcheck (d0, q0, r1, m0, '$SYS/broker/retained messages/count', ... (2 bytes))
1778190725: Sending PUBLISH to healthcheck (d0, q0, r1, m0, '$SYS/broker/heap/current', ... (6 bytes))
1778190725: Sending PUBLISH to healthcheck (d0, q0, r1, m0, '$SYS/broker/heap/maximum', ... (6 bytes))
1778190725: Sending PUBLISH to healthcheck (d0, q0, r1, m0, '$SYS/broker/bytes/received', ... (4 bytes))
1778190725: Sending PUBLISH to healthcheck (d0, q0, r1, m0, '$SYS/broker/bytes/sent', ... (6 bytes))
1778190725: Sending PUBLISH to healthcheck (d0, q0, r1, m0, '$SYS/broker/publish/bytes/received', ... (4 bytes))
1778190725: Sending PUBLISH to healthcheck (d0, q0, r1, m0, '$SYS/broker/publish/bytes/sent', ... (5 bytes))
1778190725: Sending PUBLISH to healthcheck (d0, q0, r1, m0, '$SYS/broker/publish/messages/dropped', ... (1 bytes))
1778190725: Sending PUBLISH to healthcheck (d0, q0, r1, m0, '$SYS/broker/publish/messages/received', ... (2 bytes))
1778190725: Sending PUBLISH to healthcheck (d0, q0, r1, m0, '$SYS/broker/publish/messages/sent', ... (4 bytes))
1778190725: Sending PUBLISH to healthcheck (d0, q0, r1, m0, '$SYS/broker/packet/out/count', ... (1 bytes))
1778190725: Sending PUBLISH to healthcheck (d0, q0, r1, m0, '$SYS/broker/packet/out/bytes', ... (1 bytes))
1778190725: Sending PUBLISH to healthcheck (d0, q0, r1, m0, '$SYS/broker/connections/socket/count', ... (2 bytes))
1778190725: Sending PUBLISH to healthcheck (d0, q0, r1, m0, '$SYS/broker/load/messages/received/1min', ... (4 bytes))
1778190725: Sending PUBLISH to healthcheck (d0, q0, r1, m0, '$SYS/broker/load/messages/received/5min', ... (4 bytes))
1778190725: Sending PUBLISH to healthcheck (d0, q0, r1, m0, '$SYS/broker/load/messages/received/15min', ... (4 bytes))
1778190725: Sending PUBLISH to healthcheck (d0, q0, r1, m0, '$SYS/broker/load/messages/sent/1min', ... (6 bytes))
1778190725: Sending PUBLISH to healthcheck (d0, q0, r1, m0, '$SYS/broker/load/messages/sent/5min', ... (6 bytes))
1778190725: Sending PUBLISH to healthcheck (d0, q0, r1, m0, '$SYS/broker/load/messages/sent/15min', ... (6 bytes))
1778190725: Sending PUBLISH to healthcheck (d0, q0, r1, m0, '$SYS/broker/load/publish/dropped/1min', ... (4 bytes))
1778190725: Sending PUBLISH to healthcheck (d0, q0, r1, m0, '$SYS/broker/load/publish/dropped/5min', ... (4 bytes))
1778190725: Sending PUBLISH to healthcheck (d0, q0, r1, m0, '$SYS/broker/load/publish/dropped/15min', ... (4 bytes))
1778190725: Sending PUBLISH to healthcheck (d0, q0, r1, m0, '$SYS/broker/load/publish/received/1min', ... (4 bytes))
1778190725: Sending PUBLISH to healthcheck (d0, q0, r1, m0, '$SYS/broker/load/publish/received/5min', ... (4 bytes))
1778190725: Sending PUBLISH to healthcheck (d0, q0, r1, m0, '$SYS/broker/load/publish/received/15min', ... (4 bytes))
1778190725: Sending PUBLISH to healthcheck (d0, q0, r1, m0, '$SYS/broker/load/publish/sent/1min', ... (6 bytes))
1778190725: Sending PUBLISH to healthcheck (d0, q0, r1, m0, '$SYS/broker/load/publish/sent/5min', ... (6 bytes))
1778190725: Sending PUBLISH to healthcheck (d0, q0, r1, m0, '$SYS/broker/load/publish/sent/15min', ... (6 bytes))
1778190725: Sending PUBLISH to healthcheck (d0, q0, r1, m0, '$SYS/broker/load/bytes/received/1min', ... (5 bytes))
1778190725: Sending PUBLISH to healthcheck (d0, q0, r1, m0, '$SYS/broker/load/bytes/received/5min', ... (6 bytes))
1778190725: Sending PUBLISH to healthcheck (d0, q0, r1, m0, '$SYS/broker/load/bytes/received/15min', ... (6 bytes))
1778190725: Sending PUBLISH to healthcheck (d0, q0, r1, m0, '$SYS/broker/load/bytes/sent/1min', ... (7 bytes))
1778190725: Sending PUBLISH to healthcheck (d0, q0, r1, m0, '$SYS/broker/load/bytes/sent/5min', ... (7 bytes))
1778190725: Sending PUBLISH to healthcheck (d0, q0, r1, m0, '$SYS/broker/load/bytes/sent/15min', ... (7 bytes))
1778190725: Sending PUBLISH to healthcheck (d0, q0, r1, m0, '$SYS/broker/load/sockets/1min', ... (4 bytes))
1778190725: Sending PUBLISH to healthcheck (d0, q0, r1, m0, '$SYS/broker/load/sockets/5min', ... (4 bytes))
1778190725: Sending PUBLISH to healthcheck (d0, q0, r1, m0, '$SYS/broker/load/sockets/15min', ... (4 bytes))
1778190725: Sending PUBLISH to healthcheck (d0, q0, r1, m0, '$SYS/broker/load/connections/1min', ... (4 bytes))
1778190725: Sending PUBLISH to healthcheck (d0, q0, r1, m0, '$SYS/broker/load/connections/5min', ... (4 bytes))
1778190725: Sending PUBLISH to healthcheck (d0, q0, r1, m0, '$SYS/broker/load/connections/15min', ... (4 bytes))
1778190725: Client healthcheck [127.0.0.1:49980] disconnected: connection closed by client.
1778190725: Received PINGREQ from mqtt-explorer-5c916486
1778190725: Sending PINGRESP to mqtt-explorer-5c916486
1778190730: Sending PUBLISH to mqtt-explorer-5c916486 (d0, q0, r0, m0, '$SYS/broker/uptime', ... (12 bytes))
1778190730: Sending PUBLISH to mqtt-explorer-5c916486 (d0, q0, r0, m0, '$SYS/broker/load/messages/received/1min', ... (4 bytes))
1778190730: Sending PUBLISH to mqtt-explorer-5c916486 (d0, q0, r0, m0, '$SYS/broker/load/messages/received/5min', ... (4 bytes))
1778190730: Sending PUBLISH to mqtt-explorer-5c916486 (d0, q0, r0, m0, '$SYS/broker/load/messages/received/15min', ... (4 bytes))
1778190730: Sending PUBLISH to mqtt-explorer-5c916486 (d0, q0, r0, m0, '$SYS/broker/load/messages/sent/1min', ... (6 bytes))
1778190730: Sending PUBLISH to mqtt-explorer-5c916486 (d0, q0, r0, m0, '$SYS/broker/load/messages/sent/5min', ... (6 bytes))
1778190730: Sending PUBLISH to mqtt-explorer-5c916486 (d0, q0, r0, m0, '$SYS/broker/load/messages/sent/15min', ... (6 bytes))
1778190730: Sending PUBLISH to mqtt-explorer-5c916486 (d0, q0, r0, m0, '$SYS/broker/load/publish/sent/1min', ... (6 bytes))
1778190730: Sending PUBLISH to mqtt-explorer-5c916486 (d0, q0, r0, m0, '$SYS/broker/load/publish/sent/5min', ... (6 bytes))
1778190730: Sending PUBLISH to mqtt-explorer-5c916486 (d0, q0, r0, m0, '$SYS/broker/load/publish/sent/15min', ... (6 bytes))
1778190730: Sending PUBLISH to mqtt-explorer-5c916486 (d0, q0, r0, m0, '$SYS/broker/load/bytes/received/1min', ... (5 bytes))
1778190730: Sending PUBLISH to mqtt-explorer-5c916486 (d0, q0, r0, m0, '$SYS/broker/load/bytes/received/5min', ... (6 bytes))
1778190730: Sending PUBLISH to mqtt-explorer-5c916486 (d0, q0, r0, m0, '$SYS/broker/load/bytes/received/15min', ... (6 bytes))
1778190730: Sending PUBLISH to mqtt-explorer-5c916486 (d0, q0, r0, m0, '$SYS/broker/load/bytes/sent/1min', ... (7 bytes))
1778190730: Sending PUBLISH to mqtt-explorer-5c916486 (d0, q0, r0, m0, '$SYS/broker/load/bytes/sent/5min', ... (7 bytes))
1778190730: Sending PUBLISH to mqtt-explorer-5c916486 (d0, q0, r0, m0, '$SYS/broker/load/bytes/sent/15min', ... (7 bytes))
1778190730: Sending PUBLISH to mqtt-explorer-5c916486 (d0, q0, r0, m0, '$SYS/broker/load/sockets/1min', ... (4 bytes))
1778190730: Sending PUBLISH to mqtt-explorer-5c916486 (d0, q0, r0, m0, '$SYS/broker/load/sockets/5min', ... (4 bytes))
1778190730: Sending PUBLISH to mqtt-explorer-5c916486 (d0, q0, r0, m0, '$SYS/broker/load/sockets/15min', ... (4 bytes))
1778190730: Sending PUBLISH to mqtt-explorer-5c916486 (d0, q0, r0, m0, '$SYS/broker/load/connections/1min', ... (4 bytes))
1778190730: Sending PUBLISH to mqtt-explorer-5c916486 (d0, q0, r0, m0, '$SYS/broker/load/connections/5min', ... (4 bytes))
1778190730: Sending PUBLISH to mqtt-explorer-5c916486 (d0, q0, r0, m0, '$SYS/broker/load/connections/15min', ... (4 bytes))
1778190730: Sending PUBLISH to mqtt-explorer-5c916486 (d0, q0, r0, m0, '$SYS/broker/messages/received', ... (3 bytes))
1778190730: Sending PUBLISH to mqtt-explorer-5c916486 (d0, q0, r0, m0, '$SYS/broker/messages/sent', ... (4 bytes))
1778190730: Sending PUBLISH to mqtt-explorer-5c916486 (d0, q0, r0, m0, '$SYS/broker/bytes/received', ... (4 bytes))
1778190730: Sending PUBLISH to mqtt-explorer-5c916486 (d0, q0, r0, m0, '$SYS/broker/bytes/sent', ... (6 bytes))
1778190730: Sending PUBLISH to mqtt-explorer-5c916486 (d0, q0, r0, m0, '$SYS/broker/publish/bytes/sent', ... (5 bytes))
1778190730: Sending PUBLISH to mqtt-explorer-5c916486 (d0, q0, r0, m0, '$SYS/broker/connections/socket/count', ... (2 bytes))
1778190730: Sending PUBLISH to mqtt-explorer-5c916486 (d0, q0, r0, m0, '$SYS/broker/publish/messages/sent', ... (4 bytes))
1778190740: Sending PUBLISH to mqtt-explorer-5c916486 (d0, q0, r0, m0, '$SYS/broker/uptime', ... (12 bytes))
1778190740: Sending PUBLISH to mqtt-explorer-5c916486 (d0, q0, r0, m0, '$SYS/broker/load/messages/received/1min', ... (4 bytes))
1778190740: Sending PUBLISH to mqtt-explorer-5c916486 (d0, q0, r0, m0, '$SYS/broker/load/messages/received/5min', ... (4 bytes))
1778190740: Sending PUBLISH to mqtt-explorer-5c916486 (d0, q0, r0, m0, '$SYS/broker/load/messages/received/15min', ... (4 bytes))
1778190740: Sending PUBLISH to mqtt-explorer-5c916486 (d0, q0, r0, m0, '$SYS/broker/load/messages/sent/1min', ... (6 bytes))
1778190740: Sending PUBLISH to mqtt-explorer-5c916486 (d0, q0, r0, m0, '$SYS/broker/load/messages/sent/5min', ... (6 bytes))
1778190740: Sending PUBLISH to mqtt-explorer-5c916486 (d0, q0, r0, m0, '$SYS/broker/load/messages/sent/15min', ... (6 bytes))
1778190740: Sending PUBLISH to mqtt-explorer-5c916486 (d0, q0, r0, m0, '$SYS/broker/load/publish/sent/1min', ... (6 bytes))
1778190740: Sending PUBLISH to mqtt-explorer-5c916486 (d0, q0, r0, m0, '$SYS/broker/load/publish/sent/5min', ... (6 bytes))
1778190740: Sending PUBLISH to mqtt-explorer-5c916486 (d0, q0, r0, m0, '$SYS/broker/load/publish/sent/15min', ... (6 bytes))
1778190740: Sending PUBLISH to mqtt-explorer-5c916486 (d0, q0, r0, m0, '$SYS/broker/load/bytes/received/1min', ... (5 bytes))
1778190740: Sending PUBLISH to mqtt-explorer-5c916486 (d0, q0, r0, m0, '$SYS/broker/load/bytes/received/5min', ... (6 bytes))
1778190740: Sending PUBLISH to mqtt-explorer-5c916486 (d0, q0, r0, m0, '$SYS/broker/load/bytes/received/15min', ... (6 bytes))
1778190740: Sending PUBLISH to mqtt-explorer-5c916486 (d0, q0, r0, m0, '$SYS/broker/load/bytes/sent/1min', ... (7 bytes))
1778190740: Sending PUBLISH to mqtt-explorer-5c916486 (d0, q0, r0, m0, '$SYS/broker/load/bytes/sent/5min', ... (7 bytes))
1778190740: Sending PUBLISH to mqtt-explorer-5c916486 (d0, q0, r0, m0, '$SYS/broker/load/bytes/sent/15min', ... (7 bytes))
1778190740: Sending PUBLISH to mqtt-explorer-5c916486 (d0, q0, r0, m0, '$SYS/broker/load/sockets/1min', ... (4 bytes))
1778190740: Sending PUBLISH to mqtt-explorer-5c916486 (d0, q0, r0, m0, '$SYS/broker/load/sockets/5min', ... (4 bytes))
1778190740: Sending PUBLISH to mqtt-explorer-5c916486 (d0, q0, r0, m0, '$SYS/broker/load/sockets/15min', ... (4 bytes))
1778190740: Sending PUBLISH to mqtt-explorer-5c916486 (d0, q0, r0, m0, '$SYS/broker/load/connections/1min', ... (4 bytes))
1778190740: Sending PUBLISH to mqtt-explorer-5c916486 (d0, q0, r0, m0, '$SYS/broker/load/connections/5min', ... (4 bytes))
1778190740: Sending PUBLISH to mqtt-explorer-5c916486 (d0, q0, r0, m0, '$SYS/broker/load/connections/15min', ... (4 bytes))
1778190740: Sending PUBLISH to mqtt-explorer-5c916486 (d0, q0, r0, m0, '$SYS/broker/messages/sent', ... (4 bytes))
1778190740: Sending PUBLISH to mqtt-explorer-5c916486 (d0, q0, r0, m0, '$SYS/broker/bytes/sent', ... (6 bytes))
1778190740: Sending PUBLISH to mqtt-explorer-5c916486 (d0, q0, r0, m0, '$SYS/broker/publish/bytes/sent', ... (5 bytes))
1778190740: Sending PUBLISH to mqtt-explorer-5c916486 (d0, q0, r0, m0, '$SYS/broker/publish/messages/sent', ... (4 bytes))
1778190750: Sending PUBLISH to mqtt-explorer-5c916486 (d0, q0, r0, m0, '$SYS/broker/uptime', ... (12 bytes))
1778190750: Sending PUBLISH to mqtt-explorer-5c916486 (d0, q0, r0, m0, '$SYS/broker/load/messages/received/1min', ... (4 bytes))
1778190750: Sending PUBLISH to mqtt-explorer-5c916486 (d0, q0, r0, m0, '$SYS/broker/load/messages/received/5min', ... (4 bytes))
1778190750: Sending PUBLISH to mqtt-explorer-5c916486 (d0, q0, r0, m0, '$SYS/broker/load/messages/received/15min', ... (4 bytes))
1778190750: Sending PUBLISH to mqtt-explorer-5c916486 (d0, q0, r0, m0, '$SYS/broker/load/messages/sent/1min', ... (6 bytes))
1778190750: Sending PUBLISH to mqtt-explorer-5c916486 (d0, q0, r0, m0, '$SYS/broker/load/messages/sent/5min', ... (6 bytes))
1778190750: Sending PUBLISH to mqtt-explorer-5c916486 (d0, q0, r0, m0, '$SYS/broker/load/messages/sent/15min', ... (6 bytes))
1778190750: Sending PUBLISH to mqtt-explorer-5c916486 (d0, q0, r0, m0, '$SYS/broker/load/publish/sent/1min', ... (6 bytes))
1778190750: Sending PUBLISH to mqtt-explorer-5c916486 (d0, q0, r0, m0, '$SYS/broker/load/publish/sent/5min', ... (6 bytes))
1778190750: Sending PUBLISH to mqtt-explorer-5c916486 (d0, q0, r0, m0, '$SYS/broker/load/publish/sent/15min', ... (6 bytes))
1778190750: Sending PUBLISH to mqtt-explorer-5c916486 (d0, q0, r0, m0, '$SYS/broker/load/bytes/received/1min', ... (5 bytes))
1778190750: Sending PUBLISH to mqtt-explorer-5c916486 (d0, q0, r0, m0, '$SYS/broker/load/bytes/received/5min', ... (6 bytes))
1778190750: Sending PUBLISH to mqtt-explorer-5c916486 (d0, q0, r0, m0, '$SYS/broker/load/bytes/received/15min', ... (6 bytes))
1778190750: Sending PUBLISH to mqtt-explorer-5c916486 (d0, q0, r0, m0, '$SYS/broker/load/bytes/sent/1min', ... (7 bytes))
1778190750: Sending PUBLISH to mqtt-explorer-5c916486 (d0, q0, r0, m0, '$SYS/broker/load/bytes/sent/5min', ... (7 bytes))
1778190750: Sending PUBLISH to mqtt-explorer-5c916486 (d0, q0, r0, m0, '$SYS/broker/load/bytes/sent/15min', ... (7 bytes))
1778190750: Sending PUBLISH to mqtt-explorer-5c916486 (d0, q0, r0, m0, '$SYS/broker/load/sockets/1min', ... (4 bytes))
1778190750: Sending PUBLISH to mqtt-explorer-5c916486 (d0, q0, r0, m0, '$SYS/broker/load/sockets/5min', ... (4 bytes))
1778190750: Sending PUBLISH to mqtt-explorer-5c916486 (d0, q0, r0, m0, '$SYS/broker/load/sockets/15min', ... (4 bytes))
1778190750: Sending PUBLISH to mqtt-explorer-5c916486 (d0, q0, r0, m0, '$SYS/broker/load/connections/1min', ... (4 bytes))
1778190750: Sending PUBLISH to mqtt-explorer-5c916486 (d0, q0, r0, m0, '$SYS/broker/load/connections/5min', ... (4 bytes))
1778190750: Sending PUBLISH to mqtt-explorer-5c916486 (d0, q0, r0, m0, '$SYS/broker/load/connections/15min', ... (4 bytes))
1778190750: Sending PUBLISH to mqtt-explorer-5c916486 (d0, q0, r0, m0, '$SYS/broker/messages/sent', ... (4 bytes))
1778190750: Sending PUBLISH to mqtt-explorer-5c916486 (d0, q0, r0, m0, '$SYS/broker/bytes/sent', ... (6 bytes))
1778190750: Sending PUBLISH to mqtt-explorer-5c916486 (d0, q0, r0, m0, '$SYS/broker/publish/bytes/sent', ... (5 bytes))
1778190750: Sending PUBLISH to mqtt-explorer-5c916486 (d0, q0, r0, m0, '$SYS/broker/publish/messages/sent', ... (4 bytes))
1778190755: New connection from 127.0.0.1:54160 on port 1883.
1778190755: New client connected from 127.0.0.1:54160 as healthcheck (p4, c1, k60).
1778190755: No will message specified.
1778190755: Sending CONNACK to healthcheck (0, 0)
1778190755: Received SUBSCRIBE from healthcheck
1778190755: 	$SYS/# (QoS 0)
1778190755: healthcheck 0 $SYS/#
1778190755: Sending SUBACK to healthcheck
1778190755: Sending PUBLISH to healthcheck (d0, q0, r1, m0, '$SYS/broker/version', ... (23 bytes))
1778190755: Sending PUBLISH to healthcheck (d0, q0, r1, m0, '$SYS/broker/uptime', ... (12 bytes))
1778190755: Sending PUBLISH to healthcheck (d0, q0, r1, m0, '$SYS/broker/clients/total', ... (1 bytes))
1778190755: Sending PUBLISH to healthcheck (d0, q0, r1, m0, '$SYS/broker/clients/disconnected', ... (1 bytes))
1778190755: Sending PUBLISH to healthcheck (d0, q0, r1, m0, '$SYS/broker/clients/inactive', ... (1 bytes))
1778190755: Sending PUBLISH to healthcheck (d0, q0, r1, m0, '$SYS/broker/clients/connected', ... (1 bytes))
1778190755: Sending PUBLISH to healthcheck (d0, q0, r1, m0, '$SYS/broker/clients/active', ... (1 bytes))
1778190755: Sending PUBLISH to healthcheck (d0, q0, r1, m0, '$SYS/broker/clients/expired', ... (1 bytes))
1778190755: Sending PUBLISH to healthcheck (d0, q0, r1, m0, '$SYS/broker/clients/maximum', ... (1 bytes))
1778190755: Sending PUBLISH to healthcheck (d0, q0, r1, m0, '$SYS/broker/messages/stored', ... (2 bytes))
1778190755: Sending PUBLISH to healthcheck (d0, q0, r1, m0, '$SYS/broker/messages/received', ... (3 bytes))
1778190755: Sending PUBLISH to healthcheck (d0, q0, r1, m0, '$SYS/broker/messages/sent', ... (4 bytes))
1778190755: Sending PUBLISH to healthcheck (d0, q0, r1, m0, '$SYS/broker/store/messages/count', ... (2 bytes))
1778190755: Sending PUBLISH to healthcheck (d0, q0, r1, m0, '$SYS/broker/store/messages/bytes', ... (3 bytes))
1778190755: Sending PUBLISH to healthcheck (d0, q0, r1, m0, '$SYS/broker/subscriptions/count', ... (1 bytes))
1778190755: Sending PUBLISH to healthcheck (d0, q0, r1, m0, '$SYS/broker/shared_subscriptions/count', ... (1 bytes))
1778190755: Sending PUBLISH to healthcheck (d0, q0, r1, m0, '$SYS/broker/retained messages/count', ... (2 bytes))
1778190755: Sending PUBLISH to healthcheck (d0, q0, r1, m0, '$SYS/broker/heap/current', ... (6 bytes))
1778190755: Sending PUBLISH to healthcheck (d0, q0, r1, m0, '$SYS/broker/heap/maximum', ... (6 bytes))
1778190755: Sending PUBLISH to healthcheck (d0, q0, r1, m0, '$SYS/broker/bytes/received', ... (4 bytes))
1778190755: Sending PUBLISH to healthcheck (d0, q0, r1, m0, '$SYS/broker/bytes/sent', ... (6 bytes))
1778190755: Sending PUBLISH to healthcheck (d0, q0, r1, m0, '$SYS/broker/publish/bytes/received', ... (4 bytes))
1778190755: Sending PUBLISH to healthcheck (d0, q0, r1, m0, '$SYS/broker/publish/bytes/sent', ... (5 bytes))
1778190755: Sending PUBLISH to healthcheck (d0, q0, r1, m0, '$SYS/broker/publish/messages/dropped', ... (1 bytes))
1778190755: Sending PUBLISH to healthcheck (d0, q0, r1, m0, '$SYS/broker/publish/messages/received', ... (2 bytes))
1778190755: Sending PUBLISH to healthcheck (d0, q0, r1, m0, '$SYS/broker/publish/messages/sent', ... (4 bytes))
1778190755: Sending PUBLISH to healthcheck (d0, q0, r1, m0, '$SYS/broker/packet/out/count', ... (1 bytes))
1778190755: Sending PUBLISH to healthcheck (d0, q0, r1, m0, '$SYS/broker/packet/out/bytes', ... (1 bytes))
1778190755: Sending PUBLISH to healthcheck (d0, q0, r1, m0, '$SYS/broker/connections/socket/count', ... (2 bytes))
1778190755: Sending PUBLISH to healthcheck (d0, q0, r1, m0, '$SYS/broker/load/messages/received/1min', ... (4 bytes))
1778190755: Sending PUBLISH to healthcheck (d0, q0, r1, m0, '$SYS/broker/load/messages/received/5min', ... (4 bytes))
1778190755: Sending PUBLISH to healthcheck (d0, q0, r1, m0, '$SYS/broker/load/messages/received/15min', ... (4 bytes))
1778190755: Sending PUBLISH to healthcheck (d0, q0, r1, m0, '$SYS/broker/load/messages/sent/1min', ... (6 bytes))
1778190755: Sending PUBLISH to healthcheck (d0, q0, r1, m0, '$SYS/broker/load/messages/sent/5min', ... (6 bytes))
1778190755: Sending PUBLISH to healthcheck (d0, q0, r1, m0, '$SYS/broker/load/messages/sent/15min', ... (6 bytes))
1778190755: Sending PUBLISH to healthcheck (d0, q0, r1, m0, '$SYS/broker/load/publish/dropped/1min', ... (4 bytes))
1778190755: Sending PUBLISH to healthcheck (d0, q0, r1, m0, '$SYS/broker/load/publish/dropped/5min', ... (4 bytes))
1778190755: Sending PUBLISH to healthcheck (d0, q0, r1, m0, '$SYS/broker/load/publish/dropped/15min', ... (4 bytes))
1778190755: Sending PUBLISH to healthcheck (d0, q0, r1, m0, '$SYS/broker/load/publish/received/1min', ... (4 bytes))
1778190755: Sending PUBLISH to healthcheck (d0, q0, r1, m0, '$SYS/broker/load/publish/received/5min', ... (4 bytes))
1778190755: Sending PUBLISH to healthcheck (d0, q0, r1, m0, '$SYS/broker/load/publish/received/15min', ... (4 bytes))
1778190755: Sending PUBLISH to healthcheck (d0, q0, r1, m0, '$SYS/broker/load/publish/sent/1min', ... (6 bytes))
1778190755: Sending PUBLISH to healthcheck (d0, q0, r1, m0, '$SYS/broker/load/publish/sent/5min', ... (6 bytes))
1778190755: Sending PUBLISH to healthcheck (d0, q0, r1, m0, '$SYS/broker/load/publish/sent/15min', ... (6 bytes))
1778190755: Sending PUBLISH to healthcheck (d0, q0, r1, m0, '$SYS/broker/load/bytes/received/1min', ... (5 bytes))
1778190755: Sending PUBLISH to healthcheck (d0, q0, r1, m0, '$SYS/broker/load/bytes/received/5min', ... (6 bytes))
1778190755: Sending PUBLISH to healthcheck (d0, q0, r1, m0, '$SYS/broker/load/bytes/received/15min', ... (6 bytes))
1778190755: Sending PUBLISH to healthcheck (d0, q0, r1, m0, '$SYS/broker/load/bytes/sent/1min', ... (7 bytes))
1778190755: Sending PUBLISH to healthcheck (d0, q0, r1, m0, '$SYS/broker/load/bytes/sent/5min', ... (7 bytes))
1778190755: Sending PUBLISH to healthcheck (d0, q0, r1, m0, '$SYS/broker/load/bytes/sent/15min', ... (7 bytes))
1778190755: Sending PUBLISH to healthcheck (d0, q0, r1, m0, '$SYS/broker/load/sockets/1min', ... (4 bytes))
1778190755: Sending PUBLISH to healthcheck (d0, q0, r1, m0, '$SYS/broker/load/sockets/5min', ... (4 bytes))
1778190755: Sending PUBLISH to healthcheck (d0, q0, r1, m0, '$SYS/broker/load/sockets/15min', ... (4 bytes))
1778190755: Sending PUBLISH to healthcheck (d0, q0, r1, m0, '$SYS/broker/load/connections/1min', ... (4 bytes))
1778190755: Sending PUBLISH to healthcheck (d0, q0, r1, m0, '$SYS/broker/load/connections/5min', ... (4 bytes))
1778190755: Sending PUBLISH to healthcheck (d0, q0, r1, m0, '$SYS/broker/load/connections/15min', ... (4 bytes))
1778190755: Client healthcheck [127.0.0.1:54160] disconnected: connection closed by client.
1778190760: Sending PUBLISH to mqtt-explorer-5c916486 (d0, q0, r0, m0, '$SYS/broker/uptime', ... (12 bytes))
1778190760: Sending PUBLISH to mqtt-explorer-5c916486 (d0, q0, r0, m0, '$SYS/broker/load/messages/received/1min', ... (4 bytes))
1778190760: Sending PUBLISH to mqtt-explorer-5c916486 (d0, q0, r0, m0, '$SYS/broker/load/messages/received/5min', ... (4 bytes))
1778190760: Sending PUBLISH to mqtt-explorer-5c916486 (d0, q0, r0, m0, '$SYS/broker/load/messages/received/15min', ... (4 bytes))
1778190760: Sending PUBLISH to mqtt-explorer-5c916486 (d0, q0, r0, m0, '$SYS/broker/load/messages/sent/1min', ... (6 bytes))
1778190760: Sending PUBLISH to mqtt-explorer-5c916486 (d0, q0, r0, m0, '$SYS/broker/load/messages/sent/5min', ... (6 bytes))
1778190760: Sending PUBLISH to mqtt-explorer-5c916486 (d0, q0, r0, m0, '$SYS/broker/load/messages/sent/15min', ... (6 bytes))
1778190760: Sending PUBLISH to mqtt-explorer-5c916486 (d0, q0, r0, m0, '$SYS/broker/load/publish/sent/1min', ... (6 bytes))
1778190760: Sending PUBLISH to mqtt-explorer-5c916486 (d0, q0, r0, m0, '$SYS/broker/load/publish/sent/5min', ... (6 bytes))
1778190760: Sending PUBLISH to mqtt-explorer-5c916486 (d0, q0, r0, m0, '$SYS/broker/load/publish/sent/15min', ... (6 bytes))
1778190760: Sending PUBLISH to mqtt-explorer-5c916486 (d0, q0, r0, m0, '$SYS/broker/load/bytes/received/1min', ... (5 bytes))
1778190760: Sending PUBLISH to mqtt-explorer-5c916486 (d0, q0, r0, m0, '$SYS/broker/load/bytes/received/5min', ... (6 bytes))
1778190760: Sending PUBLISH to mqtt-explorer-5c916486 (d0, q0, r0, m0, '$SYS/broker/load/bytes/received/15min', ... (6 bytes))
1778190760: Sending PUBLISH to mqtt-explorer-5c916486 (d0, q0, r0, m0, '$SYS/broker/load/bytes/sent/1min', ... (7 bytes))
1778190760: Sending PUBLISH to mqtt-explorer-5c916486 (d0, q0, r0, m0, '$SYS/broker/load/bytes/sent/5min', ... (7 bytes))
1778190760: Sending PUBLISH to mqtt-explorer-5c916486 (d0, q0, r0, m0, '$SYS/broker/load/bytes/sent/15min', ... (7 bytes))
1778190760: Sending PUBLISH to mqtt-explorer-5c916486 (d0, q0, r0, m0, '$SYS/broker/load/sockets/1min', ... (4 bytes))
1778190760: Sending PUBLISH to mqtt-explorer-5c916486 (d0, q0, r0, m0, '$SYS/broker/load/sockets/5min', ... (4 bytes))
1778190760: Sending PUBLISH to mqtt-explorer-5c916486 (d0, q0, r0, m0, '$SYS/broker/load/sockets/15min', ... (4 bytes))
1778190760: Sending PUBLISH to mqtt-explorer-5c916486 (d0, q0, r0, m0, '$SYS/broker/load/connections/1min', ... (4 bytes))
1778190760: Sending PUBLISH to mqtt-explorer-5c916486 (d0, q0, r0, m0, '$SYS/broker/load/connections/5min', ... (4 bytes))
1778190760: Sending PUBLISH to mqtt-explorer-5c916486 (d0, q0, r0, m0, '$SYS/broker/load/connections/15min', ... (4 bytes))
1778190760: Sending PUBLISH to mqtt-explorer-5c916486 (d0, q0, r0, m0, '$SYS/broker/messages/received', ... (3 bytes))
1778190760: Sending PUBLISH to mqtt-explorer-5c916486 (d0, q0, r0, m0, '$SYS/broker/messages/sent', ... (4 bytes))
1778190760: Sending PUBLISH to mqtt-explorer-5c916486 (d0, q0, r0, m0, '$SYS/broker/bytes/received', ... (4 bytes))
1778190760: Sending PUBLISH to mqtt-explorer-5c916486 (d0, q0, r0, m0, '$SYS/broker/bytes/sent', ... (6 bytes))
1778190760: Sending PUBLISH to mqtt-explorer-5c916486 (d0, q0, r0, m0, '$SYS/broker/publish/bytes/sent', ... (5 bytes))
1778190760: Sending PUBLISH to mqtt-explorer-5c916486 (d0, q0, r0, m0, '$SYS/broker/connections/socket/count', ... (2 bytes))
1778190760: Sending PUBLISH to mqtt-explorer-5c916486 (d0, q0, r0, m0, '$SYS/broker/publish/messages/sent', ... (4 bytes))
1778190770: Sending PUBLISH to mqtt-explorer-5c916486 (d0, q0, r0, m0, '$SYS/broker/uptime', ... (12 bytes))
1778190770: Sending PUBLISH to mqtt-explorer-5c916486 (d0, q0, r0, m0, '$SYS/broker/load/messages/received/1min', ... (4 bytes))
1778190770: Sending PUBLISH to mqtt-explorer-5c916486 (d0, q0, r0, m0, '$SYS/broker/load/messages/received/5min', ... (4 bytes))
1778190770: Sending PUBLISH to mqtt-explorer-5c916486 (d0, q0, r0, m0, '$SYS/broker/load/messages/received/15min', ... (4 bytes))
1778190770: Sending PUBLISH to mqtt-explorer-5c916486 (d0, q0, r0, m0, '$SYS/broker/load/messages/sent/1min', ... (6 bytes))
1778190770: Sending PUBLISH to mqtt-explorer-5c916486 (d0, q0, r0, m0, '$SYS/broker/load/messages/sent/5min', ... (6 bytes))
1778190770: Sending PUBLISH to mqtt-explorer-5c916486 (d0, q0, r0, m0, '$SYS/broker/load/messages/sent/15min', ... (6 bytes))
1778190770: Sending PUBLISH to mqtt-explorer-5c916486 (d0, q0, r0, m0, '$SYS/broker/load/publish/sent/1min', ... (6 bytes))
1778190770: Sending PUBLISH to mqtt-explorer-5c916486 (d0, q0, r0, m0, '$SYS/broker/load/publish/sent/5min', ... (6 bytes))
1778190770: Sending PUBLISH to mqtt-explorer-5c916486 (d0, q0, r0, m0, '$SYS/broker/load/publish/sent/15min', ... (6 bytes))
1778190770: Sending PUBLISH to mqtt-explorer-5c916486 (d0, q0, r0, m0, '$SYS/broker/load/bytes/received/1min', ... (5 bytes))
1778190770: Sending PUBLISH to mqtt-explorer-5c916486 (d0, q0, r0, m0, '$SYS/broker/load/bytes/received/5min', ... (6 bytes))
1778190770: Sending PUBLISH to mqtt-explorer-5c916486 (d0, q0, r0, m0, '$SYS/broker/load/bytes/received/15min', ... (6 bytes))
1778190770: Sending PUBLISH to mqtt-explorer-5c916486 (d0, q0, r0, m0, '$SYS/broker/load/bytes/sent/1min', ... (7 bytes))
1778190770: Sending PUBLISH to mqtt-explorer-5c916486 (d0, q0, r0, m0, '$SYS/broker/load/bytes/sent/5min', ... (7 bytes))
1778190770: Sending PUBLISH to mqtt-explorer-5c916486 (d0, q0, r0, m0, '$SYS/broker/load/bytes/sent/15min', ... (7 bytes))
1778190770: Sending PUBLISH to mqtt-explorer-5c916486 (d0, q0, r0, m0, '$SYS/broker/load/sockets/1min', ... (4 bytes))
1778190770: Sending PUBLISH to mqtt-explorer-5c916486 (d0, q0, r0, m0, '$SYS/broker/load/sockets/5min', ... (4 bytes))
1778190770: Sending PUBLISH to mqtt-explorer-5c916486 (d0, q0, r0, m0, '$SYS/broker/load/sockets/15min', ... (4 bytes))
1778190770: Sending PUBLISH to mqtt-explorer-5c916486 (d0, q0, r0, m0, '$SYS/broker/load/connections/1min', ... (4 bytes))
1778190770: Sending PUBLISH to mqtt-explorer-5c916486 (d0, q0, r0, m0, '$SYS/broker/load/connections/5min', ... (4 bytes))
1778190770: Sending PUBLISH to mqtt-explorer-5c916486 (d0, q0, r0, m0, '$SYS/broker/load/connections/15min', ... (4 bytes))
1778190770: Sending PUBLISH to mqtt-explorer-5c916486 (d0, q0, r0, m0, '$SYS/broker/messages/sent', ... (4 bytes))
1778190770: Sending PUBLISH to mqtt-explorer-5c916486 (d0, q0, r0, m0, '$SYS/broker/bytes/sent', ... (6 bytes))
1778190770: Sending PUBLISH to mqtt-explorer-5c916486 (d0, q0, r0, m0, '$SYS/broker/publish/bytes/sent', ... (5 bytes))
1778190770: Sending PUBLISH to mqtt-explorer-5c916486 (d0, q0, r0, m0, '$SYS/broker/publish/messages/sent', ... (4 bytes))
1778190780: Sending PUBLISH to mqtt-explorer-5c916486 (d0, q0, r0, m0, '$SYS/broker/uptime', ... (12 bytes))
1778190780: Sending PUBLISH to mqtt-explorer-5c916486 (d0, q0, r0, m0, '$SYS/broker/load/messages/received/1min', ... (4 bytes))
1778190780: Sending PUBLISH to mqtt-explorer-5c916486 (d0, q0, r0, m0, '$SYS/broker/load/messages/received/5min', ... (4 bytes))
1778190780: Sending PUBLISH to mqtt-explorer-5c916486 (d0, q0, r0, m0, '$SYS/broker/load/messages/received/15min', ... (4 bytes))
1778190780: Sending PUBLISH to mqtt-explorer-5c916486 (d0, q0, r0, m0, '$SYS/broker/load/messages/sent/1min', ... (6 bytes))
1778190780: Sending PUBLISH to mqtt-explorer-5c916486 (d0, q0, r0, m0, '$SYS/broker/load/messages/sent/5min', ... (6 bytes))
1778190780: Sending PUBLISH to mqtt-explorer-5c916486 (d0, q0, r0, m0, '$SYS/broker/load/messages/sent/15min', ... (6 bytes))
1778190780: Sending PUBLISH to mqtt-explorer-5c916486 (d0, q0, r0, m0, '$SYS/broker/load/publish/sent/1min', ... (6 bytes))
1778190780: Sending PUBLISH to mqtt-explorer-5c916486 (d0, q0, r0, m0, '$SYS/broker/load/publish/sent/5min', ... (6 bytes))
1778190780: Sending PUBLISH to mqtt-explorer-5c916486 (d0, q0, r0, m0, '$SYS/broker/load/publish/sent/15min', ... (6 bytes))
1778190780: Sending PUBLISH to mqtt-explorer-5c916486 (d0, q0, r0, m0, '$SYS/broker/load/bytes/received/1min', ... (5 bytes))
1778190780: Sending PUBLISH to mqtt-explorer-5c916486 (d0, q0, r0, m0, '$SYS/broker/load/bytes/received/5min', ... (6 bytes))
1778190780: Sending PUBLISH to mqtt-explorer-5c916486 (d0, q0, r0, m0, '$SYS/broker/load/bytes/received/15min', ... (6 bytes))
1778190780: Sending PUBLISH to mqtt-explorer-5c916486 (d0, q0, r0, m0, '$SYS/broker/load/bytes/sent/1min', ... (7 bytes))
1778190780: Sending PUBLISH to mqtt-explorer-5c916486 (d0, q0, r0, m0, '$SYS/broker/load/bytes/sent/5min', ... (7 bytes))
1778190780: Sending PUBLISH to mqtt-explorer-5c916486 (d0, q0, r0, m0, '$SYS/broker/load/bytes/sent/15min', ... (7 bytes))
1778190780: Sending PUBLISH to mqtt-explorer-5c916486 (d0, q0, r0, m0, '$SYS/broker/load/sockets/1min', ... (4 bytes))
1778190780: Sending PUBLISH to mqtt-explorer-5c916486 (d0, q0, r0, m0, '$SYS/broker/load/sockets/5min', ... (4 bytes))
1778190780: Sending PUBLISH to mqtt-explorer-5c916486 (d0, q0, r0, m0, '$SYS/broker/load/sockets/15min', ... (4 bytes))
1778190780: Sending PUBLISH to mqtt-explorer-5c916486 (d0, q0, r0, m0, '$SYS/broker/load/connections/1min', ... (4 bytes))
1778190780: Sending PUBLISH to mqtt-explorer-5c916486 (d0, q0, r0, m0, '$SYS/broker/load/connections/5min', ... (4 bytes))
1778190780: Sending PUBLISH to mqtt-explorer-5c916486 (d0, q0, r0, m0, '$SYS/broker/load/connections/15min', ... (4 bytes))
1778190780: Sending PUBLISH to mqtt-explorer-5c916486 (d0, q0, r0, m0, '$SYS/broker/messages/sent', ... (4 bytes))
1778190780: Sending PUBLISH to mqtt-explorer-5c916486 (d0, q0, r0, m0, '$SYS/broker/bytes/sent', ... (6 bytes))
1778190780: Sending PUBLISH to mqtt-explorer-5c916486 (d0, q0, r0, m0, '$SYS/broker/publish/bytes/sent', ... (5 bytes))
1778190780: Sending PUBLISH to mqtt-explorer-5c916486 (d0, q0, r0, m0, '$SYS/broker/publish/messages/sent', ... (4 bytes))
1778190782: Received PINGREQ from ISIC-ESP8266-001
1778190782: Sending PINGRESP to ISIC-ESP8266-001
1778190785: New connection from 127.0.0.1:53262 on port 1883.
1778190785: New client connected from 127.0.0.1:53262 as healthcheck (p4, c1, k60).
1778190785: No will message specified.
1778190785: Sending CONNACK to healthcheck (0, 0)
1778190785: Received SUBSCRIBE from healthcheck
1778190785: 	$SYS/# (QoS 0)
1778190785: healthcheck 0 $SYS/#
1778190785: Sending SUBACK to healthcheck
1778190785: Sending PUBLISH to healthcheck (d0, q0, r1, m0, '$SYS/broker/version', ... (23 bytes))
1778190785: Sending PUBLISH to healthcheck (d0, q0, r1, m0, '$SYS/broker/uptime', ... (12 bytes))
1778190785: Sending PUBLISH to healthcheck (d0, q0, r1, m0, '$SYS/broker/clients/total', ... (1 bytes))
1778190785: Sending PUBLISH to healthcheck (d0, q0, r1, m0, '$SYS/broker/clients/disconnected', ... (1 bytes))
1778190785: Sending PUBLISH to healthcheck (d0, q0, r1, m0, '$SYS/broker/clients/inactive', ... (1 bytes))
1778190785: Sending PUBLISH to healthcheck (d0, q0, r1, m0, '$SYS/broker/clients/connected', ... (1 bytes))
1778190785: Sending PUBLISH to healthcheck (d0, q0, r1, m0, '$SYS/broker/clients/active', ... (1 bytes))
1778190785: Sending PUBLISH to healthcheck (d0, q0, r1, m0, '$SYS/broker/clients/expired', ... (1 bytes))
1778190785: Sending PUBLISH to healthcheck (d0, q0, r1, m0, '$SYS/broker/clients/maximum', ... (1 bytes))
1778190785: Sending PUBLISH to healthcheck (d0, q0, r1, m0, '$SYS/broker/messages/stored', ... (2 bytes))
1778190785: Sending PUBLISH to healthcheck (d0, q0, r1, m0, '$SYS/broker/messages/received', ... (3 bytes))
1778190785: Sending PUBLISH to healthcheck (d0, q0, r1, m0, '$SYS/broker/messages/sent', ... (4 bytes))
1778190785: Sending PUBLISH to healthcheck (d0, q0, r1, m0, '$SYS/broker/store/messages/count', ... (2 bytes))
1778190785: Sending PUBLISH to healthcheck (d0, q0, r1, m0, '$SYS/broker/store/messages/bytes', ... (3 bytes))
1778190785: Sending PUBLISH to healthcheck (d0, q0, r1, m0, '$SYS/broker/subscriptions/count', ... (1 bytes))
1778190785: Sending PUBLISH to healthcheck (d0, q0, r1, m0, '$SYS/broker/shared_subscriptions/count', ... (1 bytes))
1778190785: Sending PUBLISH to healthcheck (d0, q0, r1, m0, '$SYS/broker/retained messages/count', ... (2 bytes))
1778190785: Sending PUBLISH to healthcheck (d0, q0, r1, m0, '$SYS/broker/heap/current', ... (6 bytes))
1778190785: Sending PUBLISH to healthcheck (d0, q0, r1, m0, '$SYS/broker/heap/maximum', ... (6 bytes))
1778190785: Sending PUBLISH to healthcheck (d0, q0, r1, m0, '$SYS/broker/bytes/received', ... (4 bytes))
1778190785: Sending PUBLISH to healthcheck (d0, q0, r1, m0, '$SYS/broker/bytes/sent', ... (6 bytes))
1778190785: Sending PUBLISH to healthcheck (d0, q0, r1, m0, '$SYS/broker/publish/bytes/received', ... (4 bytes))
1778190785: Sending PUBLISH to healthcheck (d0, q0, r1, m0, '$SYS/broker/publish/bytes/sent', ... (5 bytes))
1778190785: Sending PUBLISH to healthcheck (d0, q0, r1, m0, '$SYS/broker/publish/messages/dropped', ... (1 bytes))
1778190785: Sending PUBLISH to healthcheck (d0, q0, r1, m0, '$SYS/broker/publish/messages/received', ... (2 bytes))
1778190785: Sending PUBLISH to healthcheck (d0, q0, r1, m0, '$SYS/broker/publish/messages/sent', ... (4 bytes))
1778190785: Sending PUBLISH to healthcheck (d0, q0, r1, m0, '$SYS/broker/packet/out/count', ... (1 bytes))
1778190785: Sending PUBLISH to healthcheck (d0, q0, r1, m0, '$SYS/broker/packet/out/bytes', ... (1 bytes))
1778190785: Sending PUBLISH to healthcheck (d0, q0, r1, m0, '$SYS/broker/connections/socket/count', ... (2 bytes))
1778190785: Sending PUBLISH to healthcheck (d0, q0, r1, m0, '$SYS/broker/load/messages/received/1min', ... (4 bytes))
1778190785: Sending PUBLISH to healthcheck (d0, q0, r1, m0, '$SYS/broker/load/messages/received/5min', ... (4 bytes))
1778190785: Sending PUBLISH to healthcheck (d0, q0, r1, m0, '$SYS/broker/load/messages/received/15min', ... (4 bytes))
1778190785: Sending PUBLISH to healthcheck (d0, q0, r1, m0, '$SYS/broker/load/messages/sent/1min', ... (6 bytes))
1778190785: Sending PUBLISH to healthcheck (d0, q0, r1, m0, '$SYS/broker/load/messages/sent/5min', ... (6 bytes))
1778190785: Sending PUBLISH to healthcheck (d0, q0, r1, m0, '$SYS/broker/load/messages/sent/15min', ... (6 bytes))
1778190785: Sending PUBLISH to healthcheck (d0, q0, r1, m0, '$SYS/broker/load/publish/dropped/1min', ... (4 bytes))
1778190785: Sending PUBLISH to healthcheck (d0, q0, r1, m0, '$SYS/broker/load/publish/dropped/5min', ... (4 bytes))
1778190785: Sending PUBLISH to healthcheck (d0, q0, r1, m0, '$SYS/broker/load/publish/dropped/15min', ... (4 bytes))
1778190785: Sending PUBLISH to healthcheck (d0, q0, r1, m0, '$SYS/broker/load/publish/received/1min', ... (4 bytes))
1778190785: Sending PUBLISH to healthcheck (d0, q0, r1, m0, '$SYS/broker/load/publish/received/5min', ... (4 bytes))
1778190785: Sending PUBLISH to healthcheck (d0, q0, r1, m0, '$SYS/broker/load/publish/received/15min', ... (4 bytes))
1778190785: Sending PUBLISH to healthcheck (d0, q0, r1, m0, '$SYS/broker/load/publish/sent/1min', ... (6 bytes))
1778190785: Sending PUBLISH to healthcheck (d0, q0, r1, m0, '$SYS/broker/load/publish/sent/5min', ... (6 bytes))
1778190785: Sending PUBLISH to healthcheck (d0, q0, r1, m0, '$SYS/broker/load/publish/sent/15min', ... (6 bytes))
1778190785: Sending PUBLISH to healthcheck (d0, q0, r1, m0, '$SYS/broker/load/bytes/received/1min', ... (5 bytes))
1778190785: Sending PUBLISH to healthcheck (d0, q0, r1, m0, '$SYS/broker/load/bytes/received/5min', ... (6 bytes))
1778190785: Sending PUBLISH to healthcheck (d0, q0, r1, m0, '$SYS/broker/load/bytes/received/15min', ... (6 bytes))
1778190785: Sending PUBLISH to healthcheck (d0, q0, r1, m0, '$SYS/broker/load/bytes/sent/1min', ... (7 bytes))
1778190785: Sending PUBLISH to healthcheck (d0, q0, r1, m0, '$SYS/broker/load/bytes/sent/5min', ... (7 bytes))
1778190785: Sending PUBLISH to healthcheck (d0, q0, r1, m0, '$SYS/broker/load/bytes/sent/15min', ... (7 bytes))
1778190785: Sending PUBLISH to healthcheck (d0, q0, r1, m0, '$SYS/broker/load/sockets/1min', ... (4 bytes))
1778190785: Sending PUBLISH to healthcheck (d0, q0, r1, m0, '$SYS/broker/load/sockets/5min', ... (4 bytes))
1778190785: Sending PUBLISH to healthcheck (d0, q0, r1, m0, '$SYS/broker/load/sockets/15min', ... (4 bytes))
1778190785: Sending PUBLISH to healthcheck (d0, q0, r1, m0, '$SYS/broker/load/connections/1min', ... (4 bytes))
1778190785: Sending PUBLISH to healthcheck (d0, q0, r1, m0, '$SYS/broker/load/connections/5min', ... (4 bytes))
1778190785: Sending PUBLISH to healthcheck (d0, q0, r1, m0, '$SYS/broker/load/connections/15min', ... (4 bytes))
1778190785: Client healthcheck [127.0.0.1:53262] disconnected: connection closed by client.
1778190785: Received PINGREQ from mqtt-explorer-5c916486
1778190785: Sending PINGRESP to mqtt-explorer-5c916486
